extract_priority	wiki_domain_candidate	bucket	content_kind	extension	bytes	absolute_path	relative_path
high	marine-engineering	digitalmodel-riser-toolbox	document	.doc	162	/mnt/ace/digitalmodel/references/riser-toolbox/~$RQ-DOR-50-PR-RPT-0002.doc	~$RQ-DOR-50-PR-RPT-0002.doc
high	marine-engineering	digitalmodel-suction-pile-sizing	pdf	.pdf	94745	/mnt/ace/digitalmodel/references/suction-pile-sizing/SUCTION PILE SIZING PROGRAM.pdf	SUCTION PILE SIZING PROGRAM.pdf
medium	lng-projects	doris-62092-sesa	pdf	.pdf	99615872	/mnt/ace/doris/62092_sesa/000 Client Supplied/08 - Documents to Review CTR-08/19-Dec-25/Estudios de referencia/GSM-AO-G-ITE-10046-0000-0-A.pdf	000 Client Supplied/08 - Documents to Review CTR-08/19-Dec-25/Estudios de referencia/GSM-AO-G-ITE-10046-0000-0-A.pdf
medium	lng-projects	doris-62092-sesa	pdf	.pdf	33394945	/mnt/ace/doris/62092_sesa/000 Client Supplied/08 - Documents to Review CTR-08/19-Dec-25/Estudios de referencia/GSM-AO-G-ITE-10008-0000-0-A Rev JRA.pdf	000 Client Supplied/08 - Documents to Review CTR-08/19-Dec-25/Estudios de referencia/GSM-AO-G-ITE-10008-0000-0-A Rev JRA.pdf
medium	lng-projects	doris-62092-sesa	pdf	.pdf	33327361	/mnt/ace/doris/62092_sesa/000 Client Supplied/08 - Documents to Review CTR-08/19-Dec-25/Estudios de referencia/GSM-AO-G-ITE-10008-0000-0-A.pdf	000 Client Supplied/08 - Documents to Review CTR-08/19-Dec-25/Estudios de referencia/GSM-AO-G-ITE-10008-0000-0-A.pdf
medium	lng-projects	doris-62092-sesa	document	.doc	23694848	/mnt/ace/doris/62092_sesa/000 Client Supplied/08 - Documents to Review CTR-08/2025-12-18-DORIS/Envío a DORIS_18-12-2025/GSM-AO-Q-PRO-10066-0000-A.doc	000 Client Supplied/08 - Documents to Review CTR-08/2025-12-18-DORIS/Envío a DORIS_18-12-2025/GSM-AO-Q-PRO-10066-0000-A.doc
medium	lng-projects	doris-62092-sesa	document	.doc	23694848	/mnt/ace/doris/62092_sesa/999 Work Space/CTR-08/Client Supplied/GSM-AO-Q-PRO-10066-0000-A.doc	999 Work Space/CTR-08/Client Supplied/GSM-AO-Q-PRO-10066-0000-A.doc
medium	lng-projects	doris-62092-sesa	document	.doc	23694848	/mnt/ace/doris/62092_sesa/999 Work Space/JWhipple/CTR-08/GSM-AO-Q-PRO-10066-0000-A.doc	999 Work Space/JWhipple/CTR-08/GSM-AO-Q-PRO-10066-0000-A.doc
medium	lng-projects	doris-62092-sesa	pdf	.pdf	19883012	/mnt/ace/doris/62092_sesa/000 Client Supplied/08 - Documents to Review CTR-08/19-Dec-25/Estudios de referencia/GSM-AO-G-ITE-10033-0000-0-A.pdf	000 Client Supplied/08 - Documents to Review CTR-08/19-Dec-25/Estudios de referencia/GSM-AO-G-ITE-10033-0000-0-A.pdf
medium	lng-projects	doris-62092-sesa	pdf	.pdf	19630992	/mnt/ace/doris/62092_sesa/999 Work Space/CTR-01-Valves/FSosa/API Standards/API 6DSS.pdf	999 Work Space/CTR-01-Valves/FSosa/API Standards/API 6DSS.pdf
medium	lng-projects	doris-62092-sesa	pdf	.pdf	18402503	/mnt/ace/doris/62092_sesa/000 Client Supplied/08 - Documents to Review CTR-08/19-Dec-25/Estudios de referencia/GSM-AO-G-ITE-10010-0000-0-A Rev JRA.pdf	000 Client Supplied/08 - Documents to Review CTR-08/19-Dec-25/Estudios de referencia/GSM-AO-G-ITE-10010-0000-0-A Rev JRA.pdf
medium	lng-projects	doris-62092-sesa	pdf	.pdf	18390006	/mnt/ace/doris/62092_sesa/000 Client Supplied/08 - Documents to Review CTR-08/19-Dec-25/Estudios de referencia/GSM-AO-G-ITE-10010-0000-0-A.pdf	000 Client Supplied/08 - Documents to Review CTR-08/19-Dec-25/Estudios de referencia/GSM-AO-G-ITE-10010-0000-0-A.pdf
medium	lng-projects	doris-62092-sesa	pdf	.pdf	14097966	/mnt/ace/doris/62092_sesa/000 Client Supplied/08 - Documents to Review CTR-08/2025-12-18-DORIS/Envío a DORIS_18-12-2025/GSM-AO-Q-PRO-10066-0000-A-B.pdf	000 Client Supplied/08 - Documents to Review CTR-08/2025-12-18-DORIS/Envío a DORIS_18-12-2025/GSM-AO-Q-PRO-10066-0000-A-B.pdf
medium	lng-projects	doris-62092-sesa	pdf	.pdf	14097966	/mnt/ace/doris/62092_sesa/999 Work Space/CTR-08/Client Supplied/GSM-AO-Q-PRO-10066-0000-A-B.pdf	999 Work Space/CTR-08/Client Supplied/GSM-AO-Q-PRO-10066-0000-A-B.pdf
medium	lng-projects	doris-62092-sesa	pdf	.pdf	13864349	/mnt/ace/doris/62092_sesa/999 Work Space/CTR-10/GSM-AO-L-MCA-10022-0000-A w comments CODE B.pdf	999 Work Space/CTR-10/GSM-AO-L-MCA-10022-0000-A w comments CODE B.pdf
medium	lng-projects	doris-62092-sesa	document	.docx	13786943	/mnt/ace/doris/62092_sesa/999 Work Space/JWhipple/CTR-08/GSM-AO-Q-PRO-10066-0000-A.docx	999 Work Space/JWhipple/CTR-08/GSM-AO-Q-PRO-10066-0000-A.docx
medium	lng-projects	doris-62092-sesa	pdf	.pdf	13181081	/mnt/ace/doris/62092_sesa/000 Client Supplied/08 - Documents to Review CTR-08/2026-01-06/GSM-AO-L-MCA-10022-0000-A.pdf	000 Client Supplied/08 - Documents to Review CTR-08/2026-01-06/GSM-AO-L-MCA-10022-0000-A.pdf
medium	lng-projects	doris-62092-sesa	pdf	.pdf	10906952	/mnt/ace/doris/62092_sesa/000 Client Supplied/08 - Documents to Review CTR-08/19-Dec-25/Estudios de referencia/GSM-AO-G-ITE-10024-0000-1-A Rev JRA.pdf	000 Client Supplied/08 - Documents to Review CTR-08/19-Dec-25/Estudios de referencia/GSM-AO-G-ITE-10024-0000-1-A Rev JRA.pdf
medium	lng-projects	doris-62092-sesa	pdf	.pdf	10891132	/mnt/ace/doris/62092_sesa/000 Client Supplied/08 - Documents to Review CTR-08/19-Dec-25/Estudios de referencia/GSM-AO-G-ITE-10024-0000-1-A.pdf	000 Client Supplied/08 - Documents to Review CTR-08/19-Dec-25/Estudios de referencia/GSM-AO-G-ITE-10024-0000-1-A.pdf
medium	lng-projects	doris-62092-sesa	pdf	.pdf	10869356	/mnt/ace/doris/62092_sesa/000 Client Supplied/02-Free Span Analysis/1/Metaoceánicos/Hilli/GSM-AO-G-ITE-10024-0000-1-A.pdf	000 Client Supplied/02-Free Span Analysis/1/Metaoceánicos/Hilli/GSM-AO-G-ITE-10024-0000-1-A.pdf
medium	lng-projects	doris-62092-sesa	pdf	.pdf	9280888	/mnt/ace/doris/62092_sesa/000 Client Supplied/02-Free Span Analysis/1/Metaoceánicos/MKII/GSM-AO-G-ITE-10029-0000-1-A.pdf	000 Client Supplied/02-Free Span Analysis/1/Metaoceánicos/MKII/GSM-AO-G-ITE-10029-0000-1-A.pdf
medium	lng-projects	doris-62092-sesa	pdf	.pdf	9222880	/mnt/ace/doris/62092_sesa/000 Client Supplied/08 - Documents to Review CTR-08/2025-12-18-DORIS/Envío a DORIS_18-12-2025/GSM-AO-Q-PRO-10066-0000-A.pdf	000 Client Supplied/08 - Documents to Review CTR-08/2025-12-18-DORIS/Envío a DORIS_18-12-2025/GSM-AO-Q-PRO-10066-0000-A.pdf
medium	lng-projects	doris-62092-sesa	pdf	.pdf	9222880	/mnt/ace/doris/62092_sesa/999 Work Space/CTR-08/Client Supplied/GSM-AO-Q-PRO-10066-0000-A.pdf	999 Work Space/CTR-08/Client Supplied/GSM-AO-Q-PRO-10066-0000-A.pdf
medium	lng-projects	doris-62092-sesa	pdf	.pdf	9217515	/mnt/ace/doris/62092_sesa/999 Work Space/CTR-08/Old/GSM-AO-Q-PRO-10066-0000-A Rev JW.pdf	999 Work Space/CTR-08/Old/GSM-AO-Q-PRO-10066-0000-A Rev JW.pdf
medium	lng-projects	doris-62092-sesa	pdf	.pdf	9212274	/mnt/ace/doris/62092_sesa/002 Project Filing/Deliverables/GSM-AO-Q-PRO-10066-0000-A.pdf	002 Project Filing/Deliverables/GSM-AO-Q-PRO-10066-0000-A.pdf
medium	lng-projects	doris-62092-sesa	pdf	.pdf	9212274	/mnt/ace/doris/62092_sesa/999 Work Space/CTR-08/GSM-AO-Q-PRO-10066-0000-A Rev JW JRA.pdf	999 Work Space/CTR-08/GSM-AO-Q-PRO-10066-0000-A Rev JW JRA.pdf
medium	lng-projects	doris-62092-sesa	presentation	.pptx	8569382	/mnt/ace/doris/62092_sesa/999 Work Space/CTR-01-Valves/FSosa/ASTM Codes Comparisson/ASTM compliance_matrix_ASTM A351 CF8M and A182 F316_A276_T316.pptx	999 Work Space/CTR-01-Valves/FSosa/ASTM Codes Comparisson/ASTM compliance_matrix_ASTM A351 CF8M and A182 F316_A276_T316.pptx
medium	lng-projects	doris-62092-sesa	pdf	.pdf	7982300	/mnt/ace/doris/62092_sesa/DNV-ST-F101.pdf	DNV-ST-F101.pdf
medium	lng-projects	doris-62092-sesa	pdf	.pdf	6893437	/mnt/ace/doris/62092_sesa/000 Client Supplied/01-Subsea Valves TBE/AT Válvulas Offshore/3) Oferentes/PIETRO/3. Trunnion_technicalbrochure_ENG_revA.pdf	000 Client Supplied/01-Subsea Valves TBE/AT Válvulas Offshore/3) Oferentes/PIETRO/3. Trunnion_technicalbrochure_ENG_revA.pdf
medium	lng-projects	doris-62092-sesa	pdf	.pdf	6589795	/mnt/ace/doris/62092_sesa/000 Client Supplied/01-Subsea Valves TBE/AT Válvulas Offshore/3) Oferentes/RMT VALVOMECCANICA/3. RMT VM_Technical Catalogue_TSE.pdf	000 Client Supplied/01-Subsea Valves TBE/AT Válvulas Offshore/3) Oferentes/RMT VALVOMECCANICA/3. RMT VM_Technical Catalogue_TSE.pdf
medium	lng-projects	doris-62092-sesa	presentation	.pptx	6564537	/mnt/ace/doris/62092_sesa/002 Project Filing/100 Project Management/190 Project Records/Presentations/61912-190-PRN-20251114_KOM.pptx	002 Project Filing/100 Project Management/190 Project Records/Presentations/61912-190-PRN-20251114_KOM.pptx
medium	lng-projects	doris-62092-sesa	pdf	.pdf	6071526	/mnt/ace/doris/62092_sesa/999 Work Space/CTR-04/GSM-AO-L-HDS-10016-0000 Flange Data Sheets w comments CODE B.pdf	999 Work Space/CTR-04/GSM-AO-L-HDS-10016-0000 Flange Data Sheets w comments CODE B.pdf
medium	lng-projects	doris-62092-sesa	pdf	.pdf	6071526	/mnt/ace/doris/62092_sesa/999 Work Space/JWhipple/CTR-04/GSM-AO-L-HDS-10016-0000 Flange Data Sheets w comments CODE B.pdf	999 Work Space/JWhipple/CTR-04/GSM-AO-L-HDS-10016-0000 Flange Data Sheets w comments CODE B.pdf
medium	lng-projects	doris-62092-sesa	pdf	.pdf	5860055	/mnt/ace/doris/62092_sesa/000 Client Supplied/08 - Documents to Review CTR-08/19-Dec-25/Estudios de referencia/GSM-AO-G-ITE-10042-0000-1-A.pdf	000 Client Supplied/08 - Documents to Review CTR-08/19-Dec-25/Estudios de referencia/GSM-AO-G-ITE-10042-0000-1-A.pdf
medium	lng-projects	doris-62092-sesa	document	.docx	5793210	/mnt/ace/doris/62092_sesa/000 Client Supplied/02-Free Span Analysis/GSM-AO-L-MCA-10025-0000-A.docx	000 Client Supplied/02-Free Span Analysis/GSM-AO-L-MCA-10025-0000-A.docx
medium	lng-projects	doris-62092-sesa	pdf	.pdf	5418598	/mnt/ace/doris/62092_sesa/999 Work Space/CTR-04/GSM-AO-L-HDS-10016-0000 Flange Data Sheets.pdf	999 Work Space/CTR-04/GSM-AO-L-HDS-10016-0000 Flange Data Sheets.pdf
medium	lng-projects	doris-62092-sesa	pdf	.pdf	5418598	/mnt/ace/doris/62092_sesa/999 Work Space/JWhipple/CTR-04/GSM-AO-L-HDS-10016-0000 Flange Data Sheets.pdf	999 Work Space/JWhipple/CTR-04/GSM-AO-L-HDS-10016-0000 Flange Data Sheets.pdf
medium	lng-projects	doris-62092-sesa	pdf	.pdf	4952997	/mnt/ace/doris/62092_sesa/000 Client Supplied/03-Material Specs and DS/Flanges/GSM-AO-L-HDS-10016-0000 - B.pdf	000 Client Supplied/03-Material Specs and DS/Flanges/GSM-AO-L-HDS-10016-0000 - B.pdf
medium	lng-projects	doris-62092-sesa	pdf	.pdf	4594199	/mnt/ace/doris/62092_sesa/000 Client Supplied/01-Subsea Valves TBE/AT Válvulas Offshore/3) Oferentes/ATP SOLUTIONS/4.1. Preliminary painting procedure.pdf	000 Client Supplied/01-Subsea Valves TBE/AT Válvulas Offshore/3) Oferentes/ATP SOLUTIONS/4.1. Preliminary painting procedure.pdf
medium	lng-projects	doris-62092-sesa	document	.docx	4392975	/mnt/ace/doris/62092_sesa/999 Work Space/cwhite/San Antonio Este - Logistics Base Description 18.11.2025-cew updated.docx	999 Work Space/cwhite/San Antonio Este - Logistics Base Description 18.11.2025-cew updated.docx
medium	lng-projects	doris-62092-sesa	document	.docx	4392778	/mnt/ace/doris/62092_sesa/999 Work Space/cwhite/San Antonio Este - Logistics Base Description 18.11.2025-cew.docx	999 Work Space/cwhite/San Antonio Este - Logistics Base Description 18.11.2025-cew.docx
medium	lng-projects	doris-62092-sesa	document	.docx	4375090	/mnt/ace/doris/62092_sesa/999 Work Space/cwhite/San Antonio Este - Logistics Base Description 18.11.2025.docx	999 Work Space/cwhite/San Antonio Este - Logistics Base Description 18.11.2025.docx
medium	lng-projects	doris-62092-sesa	pdf	.pdf	4189013	/mnt/ace/doris/62092_sesa/999 Work Space/CTR-03-Free Span Calcs/GSM-AO-L-MCA-10025-0000-A Free Span Calculation MKII.pdf	999 Work Space/CTR-03-Free Span Calcs/GSM-AO-L-MCA-10025-0000-A Free Span Calculation MKII.pdf
medium	lng-projects	doris-62092-sesa	pdf	.pdf	4189013	/mnt/ace/doris/62092_sesa/999 Work Space/JWhipple/CTR-03/GSM-AO-L-MCA-10025-0000-A Free Span Calculation MKII.pdf	999 Work Space/JWhipple/CTR-03/GSM-AO-L-MCA-10025-0000-A Free Span Calculation MKII.pdf
medium	lng-projects	doris-62092-sesa	document	.docx	4171769	/mnt/ace/doris/62092_sesa/000 Client Supplied/08 - Documents to Review CTR-08/2026-01-06/GSM-AO-L-MCA-10022-0000-A.docx	000 Client Supplied/08 - Documents to Review CTR-08/2026-01-06/GSM-AO-L-MCA-10022-0000-A.docx
medium	lng-projects	doris-62092-sesa	pdf	.pdf	3944330	/mnt/ace/doris/62092_sesa/999 Work Space/CTR-04/asme-b16-5-2013-flanged-fittings.pdf	999 Work Space/CTR-04/asme-b16-5-2013-flanged-fittings.pdf
medium	lng-projects	doris-62092-sesa	pdf	.pdf	3916924	/mnt/ace/doris/62092_sesa/000 Client Supplied/02-Free Span Analysis/1/LYOS/GSM-AO-L-LYO-10033-0001-A/GSM-AO-L-LYO-10033-0001-A.pdf	000 Client Supplied/02-Free Span Analysis/1/LYOS/GSM-AO-L-LYO-10033-0001-A/GSM-AO-L-LYO-10033-0001-A.pdf
medium	lng-projects	doris-62092-sesa	pdf	.pdf	3815816	/mnt/ace/doris/62092_sesa/999 Work Space/JWhipple/CTR-04/GSM-AO-C-MCA-10054-0000-A-B.pdf	999 Work Space/JWhipple/CTR-04/GSM-AO-C-MCA-10054-0000-A-B.pdf
medium	lng-projects	doris-62092-sesa	pdf	.pdf	3814205	/mnt/ace/doris/62092_sesa/999 Work Space/JWhipple/CTR-04/GSM-AO-C-MCA-10053-0000-A-B.pdf	999 Work Space/JWhipple/CTR-04/GSM-AO-C-MCA-10053-0000-A-B.pdf
medium	lng-projects	doris-62092-sesa	document	.doc	3676160	/mnt/ace/doris/62092_sesa/000 Client Supplied/08 - Documents to Review CTR-08/2025-12-18-DORIS/Envío a DORIS_18-12-2025/GSM-AO-C-ITE-10011-0000-A.doc	000 Client Supplied/08 - Documents to Review CTR-08/2025-12-18-DORIS/Envío a DORIS_18-12-2025/GSM-AO-C-ITE-10011-0000-A.doc
medium	lng-projects	doris-62092-sesa	document	.doc	3676160	/mnt/ace/doris/62092_sesa/999 Work Space/CTR-09/Client Supplied/GSM-AO-C-ITE-10011-0000-A.doc	999 Work Space/CTR-09/Client Supplied/GSM-AO-C-ITE-10011-0000-A.doc
medium	lng-projects	doris-62092-sesa	pdf	.pdf	3497969	/mnt/ace/doris/62092_sesa/000 Client Supplied/02-Free Span Analysis/1/LYOS/GSM-AO-L-LYO-10032-0001-A/GSM-AO-L-LYO-10032-0001-A.pdf	000 Client Supplied/02-Free Span Analysis/1/LYOS/GSM-AO-L-LYO-10032-0001-A/GSM-AO-L-LYO-10032-0001-A.pdf
medium	lng-projects	doris-62092-sesa	pdf	.pdf	3489510	/mnt/ace/doris/62092_sesa/999 Work Space/CTR-03-Free Span Calcs/GSM-AO-L-MCA-10024-0000-A Free Span Calculation HILLI.pdf	999 Work Space/CTR-03-Free Span Calcs/GSM-AO-L-MCA-10024-0000-A Free Span Calculation HILLI.pdf
medium	lng-projects	doris-62092-sesa	pdf	.pdf	3489510	/mnt/ace/doris/62092_sesa/999 Work Space/JWhipple/CTR-03/GSM-AO-L-MCA-10024-0000-A Free Span Calculation HILLI.pdf	999 Work Space/JWhipple/CTR-03/GSM-AO-L-MCA-10024-0000-A Free Span Calculation HILLI.pdf
medium	lng-projects	doris-62092-sesa	pdf	.pdf	3462788	/mnt/ace/doris/62092_sesa/000 Client Supplied/08 - Documents to Review CTR-08/2025-12-18-DORIS/Envío a DORIS_18-12-2025/GSM-AO-L-HDS-10021-0000-B.pdf	000 Client Supplied/08 - Documents to Review CTR-08/2025-12-18-DORIS/Envío a DORIS_18-12-2025/GSM-AO-L-HDS-10021-0000-B.pdf
medium	lng-projects	doris-62092-sesa	pdf	.pdf	3462788	/mnt/ace/doris/62092_sesa/999 Work Space/CTR-10/Client Supplied/GSM-AO-L-HDS-10021-0000-B.pdf	999 Work Space/CTR-10/Client Supplied/GSM-AO-L-HDS-10021-0000-B.pdf
medium	lng-projects	doris-62092-sesa	pdf	.pdf	3354465	/mnt/ace/doris/62092_sesa/000 Client Supplied/08 - Documents to Review CTR-08/2025-12-18-DORIS/Envío a DORIS_18-12-2025/GSM-AO-L-HDS-10021-0000-B-B.pdf	000 Client Supplied/08 - Documents to Review CTR-08/2025-12-18-DORIS/Envío a DORIS_18-12-2025/GSM-AO-L-HDS-10021-0000-B-B.pdf
medium	lng-projects	doris-62092-sesa	pdf	.pdf	3354465	/mnt/ace/doris/62092_sesa/999 Work Space/CTR-10/Client Supplied/GSM-AO-L-HDS-10021-0000-B-B.pdf	999 Work Space/CTR-10/Client Supplied/GSM-AO-L-HDS-10021-0000-B-B.pdf
medium	lng-projects	doris-62092-sesa	pdf	.pdf	3276276	/mnt/ace/doris/62092_sesa/000 Client Supplied/02-Free Span Analysis/1/LYOS/GSM-AO-G-LYO-10021-0001-0/GSM-AO-G-LYO-10021-0001-0-A.pdf	000 Client Supplied/02-Free Span Analysis/1/LYOS/GSM-AO-G-LYO-10021-0001-0/GSM-AO-G-LYO-10021-0001-0-A.pdf
medium	lng-projects	doris-62092-sesa	document	.docx	3114032	/mnt/ace/doris/62092_sesa/999 Work Space/JWhipple/CTR-08/GSM-AO-C-ITE-10011-0000-A.docx	999 Work Space/JWhipple/CTR-08/GSM-AO-C-ITE-10011-0000-A.docx
medium	lng-projects	doris-62092-sesa	tabular	.xlsx	3039277	/mnt/ace/doris/62092_sesa/000 Client Supplied/03-Material Specs and DS/Flanges/GSM-AO-L-HDS-10016-0000 - B.xlsx	000 Client Supplied/03-Material Specs and DS/Flanges/GSM-AO-L-HDS-10016-0000 - B.xlsx
medium	lng-projects	doris-62092-sesa	tabular	.xlsx	3039277	/mnt/ace/doris/62092_sesa/999 Work Space/CTR-04/GSM-AO-L-HDS-10016-0000 - B.xlsx	999 Work Space/CTR-04/GSM-AO-L-HDS-10016-0000 - B.xlsx
medium	lng-projects	doris-62092-sesa	pdf	.pdf	3007680	/mnt/ace/doris/62092_sesa/002 Project Filing/100 Project Management/101 Contract/Carta Offerta SESA 12 11 2025 signed.pdf	002 Project Filing/100 Project Management/101 Contract/Carta Offerta SESA 12 11 2025 signed.pdf
medium	lng-projects	doris-62092-sesa	pdf	.pdf	2967156	/mnt/ace/doris/62092_sesa/999 Work Space/CTR-05/GSM-AO-L-HDS-10017-0000 -B w comments CODE B.pdf	999 Work Space/CTR-05/GSM-AO-L-HDS-10017-0000 -B w comments CODE B.pdf
medium	lng-projects	doris-62092-sesa	pdf	.pdf	2967156	/mnt/ace/doris/62092_sesa/999 Work Space/CTR-05/GSM-AO-L-HDS-10017-0000 -B w comments.pdf	999 Work Space/CTR-05/GSM-AO-L-HDS-10017-0000 -B w comments.pdf
medium	lng-projects	doris-62092-sesa	pdf	.pdf	2967156	/mnt/ace/doris/62092_sesa/999 Work Space/JWhipple/CTR-05/GSM-AO-L-HDS-10017-0000 -B w comments CODE B.pdf	999 Work Space/JWhipple/CTR-05/GSM-AO-L-HDS-10017-0000 -B w comments CODE B.pdf
medium	lng-projects	doris-62092-sesa	pdf	.pdf	2965203	/mnt/ace/doris/62092_sesa/000 Client Supplied/02-Free Span Analysis/1/LYOS/GSM-AO-G-LYO-10027-0001-0/GSM-AO-G-LYO-10027-0001-0-B.pdf	000 Client Supplied/02-Free Span Analysis/1/LYOS/GSM-AO-G-LYO-10027-0001-0/GSM-AO-G-LYO-10027-0001-0-B.pdf
medium	lng-projects	doris-62092-sesa	pdf	.pdf	2470730	/mnt/ace/doris/62092_sesa/000 Client Supplied/01-Subsea Valves TBE/AT Válvulas Offshore/3) Oferentes/RMT VALVOMECCANICA/2. RMT VM Reference List - SUBSEA Shallow Water.pdf	000 Client Supplied/01-Subsea Valves TBE/AT Válvulas Offshore/3) Oferentes/RMT VALVOMECCANICA/2. RMT VM Reference List - SUBSEA Shallow Water.pdf
medium	lng-projects	doris-62092-sesa	pdf	.pdf	2445629	/mnt/ace/doris/62092_sesa/999 Work Space/CTR-01-Valves/62092-500-TCN-0001 Subsea Valves TBE Technical Note.pdf	999 Work Space/CTR-01-Valves/62092-500-TCN-0001 Subsea Valves TBE Technical Note.pdf
medium	lng-projects	doris-62092-sesa	pdf	.pdf	2406589	/mnt/ace/doris/62092_sesa/000 Client Supplied/08 - Documents to Review CTR-08/2025-12-18-DORIS/Envío a DORIS_18-12-2025/GSM-AO-L-LYO-10034-0001-0.pdf	000 Client Supplied/08 - Documents to Review CTR-08/2025-12-18-DORIS/Envío a DORIS_18-12-2025/GSM-AO-L-LYO-10034-0001-0.pdf
medium	lng-projects	doris-62092-sesa	pdf	.pdf	2406589	/mnt/ace/doris/62092_sesa/999 Work Space/CTR-10/Client Supplied/GSM-AO-L-LYO-10034-0001-0.pdf	999 Work Space/CTR-10/Client Supplied/GSM-AO-L-LYO-10034-0001-0.pdf
medium	lng-projects	doris-62092-sesa	document	.doc	2390016	/mnt/ace/doris/62092_sesa/000 Client Supplied/08 - Documents to Review CTR-08/2025-12-18-DORIS/Envío a DORIS_18-12-2025/GSM-AO-M-MOP-10001-00000-A.doc	000 Client Supplied/08 - Documents to Review CTR-08/2025-12-18-DORIS/Envío a DORIS_18-12-2025/GSM-AO-M-MOP-10001-00000-A.doc
medium	lng-projects	doris-62092-sesa	document	.doc	2390016	/mnt/ace/doris/62092_sesa/999 Work Space/CTR-11/Client Supplied/GSM-AO-M-MOP-10001-00000-A.doc	999 Work Space/CTR-11/Client Supplied/GSM-AO-M-MOP-10001-00000-A.doc
medium	lng-projects	doris-62092-sesa	pdf	.pdf	2348582	/mnt/ace/doris/62092_sesa/000 Client Supplied/08 - Documents to Review CTR-08/2025-12-18-DORIS/Envío a DORIS_18-12-2025/GSM-AO-C-CTD-10006-0001-A.pdf	000 Client Supplied/08 - Documents to Review CTR-08/2025-12-18-DORIS/Envío a DORIS_18-12-2025/GSM-AO-C-CTD-10006-0001-A.pdf
medium	lng-projects	doris-62092-sesa	pdf	.pdf	2348582	/mnt/ace/doris/62092_sesa/999 Work Space/CTR-08/Client Supplied/GSM-AO-C-CTD-10006-0001-A.pdf	999 Work Space/CTR-08/Client Supplied/GSM-AO-C-CTD-10006-0001-A.pdf
medium	lng-projects	doris-62092-sesa	pdf	.pdf	2302342	/mnt/ace/doris/62092_sesa/000 Client Supplied/03-Material Specs and DS/Fittings/GSM-AO-L-HDS-10017-0000 -B.pdf	000 Client Supplied/03-Material Specs and DS/Fittings/GSM-AO-L-HDS-10017-0000 -B.pdf
medium	lng-projects	doris-62092-sesa	pdf	.pdf	2302342	/mnt/ace/doris/62092_sesa/999 Work Space/CTR-05/GSM-AO-L-HDS-10017-0000 -B.pdf	999 Work Space/CTR-05/GSM-AO-L-HDS-10017-0000 -B.pdf
medium	lng-projects	doris-62092-sesa	pdf	.pdf	2274054	/mnt/ace/doris/62092_sesa/002 Project Filing/Deliverables/GSM-AO-C-CTD-10006-0001-A.pdf	002 Project Filing/Deliverables/GSM-AO-C-CTD-10006-0001-A.pdf
medium	lng-projects	doris-62092-sesa	pdf	.pdf	2274054	/mnt/ace/doris/62092_sesa/999 Work Space/CTR-08/GSM-AO-C-CTD-10006-0001-A Rev JRA_JW.pdf	999 Work Space/CTR-08/GSM-AO-C-CTD-10006-0001-A Rev JRA_JW.pdf
medium	lng-projects	doris-62092-sesa	pdf	.pdf	2248943	/mnt/ace/doris/62092_sesa/000 Client Supplied/08 - Documents to Review CTR-08/19-Dec-25/Estudios de referencia/GSM-AO-C-CTD-10006-0001-A Rev JRA.pdf	000 Client Supplied/08 - Documents to Review CTR-08/19-Dec-25/Estudios de referencia/GSM-AO-C-CTD-10006-0001-A Rev JRA.pdf
medium	lng-projects	doris-62092-sesa	pdf	.pdf	2190145	/mnt/ace/doris/62092_sesa/000 Client Supplied/08 - Documents to Review CTR-08/2025-12-18-DORIS/Envío a DORIS_18-12-2025/GSM-AO-C-ETC-10009-0000-A-B.pdf	000 Client Supplied/08 - Documents to Review CTR-08/2025-12-18-DORIS/Envío a DORIS_18-12-2025/GSM-AO-C-ETC-10009-0000-A-B.pdf
medium	lng-projects	doris-62092-sesa	pdf	.pdf	2190145	/mnt/ace/doris/62092_sesa/999 Work Space/CTR-10/Client Supplied/GSM-AO-C-ETC-10009-0000-A-B.pdf	999 Work Space/CTR-10/Client Supplied/GSM-AO-C-ETC-10009-0000-A-B.pdf
medium	lng-projects	doris-62092-sesa	pdf	.pdf	2123843	/mnt/ace/doris/62092_sesa/000 Client Supplied/08 - Documents to Review CTR-08/19-Dec-25/Estudios de referencia/GSM-AO-G-ITE-10011-0000-A-B.pdf	000 Client Supplied/08 - Documents to Review CTR-08/19-Dec-25/Estudios de referencia/GSM-AO-G-ITE-10011-0000-A-B.pdf
medium	lng-projects	doris-62092-sesa	pdf	.pdf	2098921	/mnt/ace/doris/62092_sesa/002 Project Filing/Deliverables/GSM-AO-L-ETC-10027-0000-A_B.pdf	002 Project Filing/Deliverables/GSM-AO-L-ETC-10027-0000-A_B.pdf
medium	lng-projects	doris-62092-sesa	pdf	.pdf	2098921	/mnt/ace/doris/62092_sesa/999 Work Space/CTR-09/GSM-AO-L-ETC-10027-0000-A w comment CODE B.pdf	999 Work Space/CTR-09/GSM-AO-L-ETC-10027-0000-A w comment CODE B.pdf
medium	lng-projects	doris-62092-sesa	document	.doc	2084352	/mnt/ace/doris/62092_sesa/000 Client Supplied/08 - Documents to Review CTR-08/2025-12-18-DORIS/Envío a DORIS_18-12-2025/GSM-AO-L-ETC-10027-0000-A.doc	000 Client Supplied/08 - Documents to Review CTR-08/2025-12-18-DORIS/Envío a DORIS_18-12-2025/GSM-AO-L-ETC-10027-0000-A.doc
medium	lng-projects	doris-62092-sesa	document	.doc	2084352	/mnt/ace/doris/62092_sesa/999 Work Space/CTR-10/Client Supplied/GSM-AO-L-ETC-10027-0000-A.doc	999 Work Space/CTR-10/Client Supplied/GSM-AO-L-ETC-10027-0000-A.doc
medium	lng-projects	doris-62092-sesa	pdf	.pdf	1812698	/mnt/ace/doris/62092_sesa/000 Client Supplied/01-Subsea Valves TBE/AT Válvulas Offshore/3) Oferentes/FLUITEK/FLUITEK/2.1. TEST  PROCEDURE.pdf	000 Client Supplied/01-Subsea Valves TBE/AT Válvulas Offshore/3) Oferentes/FLUITEK/FLUITEK/2.1. TEST  PROCEDURE.pdf
medium	lng-projects	doris-62092-sesa	pdf	.pdf	1768748	/mnt/ace/doris/62092_sesa/000 Client Supplied/08 - Documents to Review CTR-08/2025-12-18-DORIS/Envío a DORIS_18-12-2025/GSM-AO-C-LYO-10024-0001-A-B.pdf	000 Client Supplied/08 - Documents to Review CTR-08/2025-12-18-DORIS/Envío a DORIS_18-12-2025/GSM-AO-C-LYO-10024-0001-A-B.pdf
medium	lng-projects	doris-62092-sesa	pdf	.pdf	1768748	/mnt/ace/doris/62092_sesa/999 Work Space/CTR-11/Client Supplied/GSM-AO-C-LYO-10024-0001-A-B.pdf	999 Work Space/CTR-11/Client Supplied/GSM-AO-C-LYO-10024-0001-A-B.pdf
medium	lng-projects	doris-62092-sesa	pdf	.pdf	1735916	/mnt/ace/doris/62092_sesa/999 Work Space/CTR-04/GSM-AO-L-ETC-10036-0000-0 w comments CODE B.pdf	999 Work Space/CTR-04/GSM-AO-L-ETC-10036-0000-0 w comments CODE B.pdf
medium	lng-projects	doris-62092-sesa	pdf	.pdf	1735916	/mnt/ace/doris/62092_sesa/999 Work Space/JWhipple/CTR-04/GSM-AO-L-ETC-10036-0000-0 w comments CODE B.pdf	999 Work Space/JWhipple/CTR-04/GSM-AO-L-ETC-10036-0000-0 w comments CODE B.pdf
medium	lng-projects	doris-62092-sesa	document	.doc	1712128	/mnt/ace/doris/62092_sesa/000 Client Supplied/08 - Documents to Review CTR-08/2025-12-18-DORIS/Envío a DORIS_18-12-2025/GSM-AO-C-ETC-10011-0000-B.doc	000 Client Supplied/08 - Documents to Review CTR-08/2025-12-18-DORIS/Envío a DORIS_18-12-2025/GSM-AO-C-ETC-10011-0000-B.doc
medium	lng-projects	doris-62092-sesa	document	.doc	1712128	/mnt/ace/doris/62092_sesa/999 Work Space/CTR-08/Client Supplied/GSM-AO-C-ETC-10011-0000-B.doc	999 Work Space/CTR-08/Client Supplied/GSM-AO-C-ETC-10011-0000-B.doc
medium	lng-projects	doris-62092-sesa	document	.doc	1711104	/mnt/ace/doris/62092_sesa/999 Work Space/JWhipple/CTR-08/GSM-AO-C-ETC-10011-0000-B.doc	999 Work Space/JWhipple/CTR-08/GSM-AO-C-ETC-10011-0000-B.doc
medium	lng-projects	doris-62092-sesa	document	.docx	1704548	/mnt/ace/doris/62092_sesa/999 Work Space/Templates/61738-523-DAT-0003 HDD Datasheet for Pig Cleaning.docx	999 Work Space/Templates/61738-523-DAT-0003 HDD Datasheet for Pig Cleaning.docx
medium	lng-projects	doris-62092-sesa	pdf	.pdf	1692578	/mnt/ace/doris/62092_sesa/000 Client Supplied/08 - Documents to Review CTR-08/2025-12-18-DORIS/Envío a DORIS_18-12-2025/GSM-AO-M-MOP-10001-00000-A.pdf	000 Client Supplied/08 - Documents to Review CTR-08/2025-12-18-DORIS/Envío a DORIS_18-12-2025/GSM-AO-M-MOP-10001-00000-A.pdf
medium	lng-projects	doris-62092-sesa	pdf	.pdf	1692578	/mnt/ace/doris/62092_sesa/999 Work Space/CTR-11/Client Supplied/GSM-AO-M-MOP-10001-00000-A.pdf	999 Work Space/CTR-11/Client Supplied/GSM-AO-M-MOP-10001-00000-A.pdf
medium	lng-projects	doris-62092-sesa	pdf	.pdf	1633348	/mnt/ace/doris/62092_sesa/000 Client Supplied/08 - Documents to Review CTR-08/2025-12-18-DORIS/Envío a DORIS_18-12-2025/GSM-AO-T-PRO-10001-0000-A.pdf	000 Client Supplied/08 - Documents to Review CTR-08/2025-12-18-DORIS/Envío a DORIS_18-12-2025/GSM-AO-T-PRO-10001-0000-A.pdf
medium	lng-projects	doris-62092-sesa	pdf	.pdf	1633348	/mnt/ace/doris/62092_sesa/999 Work Space/CTR-09/Client Supplied/GSM-AO-T-PRO-10001-0000-A.pdf	999 Work Space/CTR-09/Client Supplied/GSM-AO-T-PRO-10001-0000-A.pdf
medium	lng-projects	doris-62092-sesa	pdf	.pdf	1633338	/mnt/ace/doris/62092_sesa/000 Client Supplied/01-Subsea Valves TBE/AT Válvulas Offshore/3) Oferentes/ATP SOLUTIONS/5. Quality Manual HIT VALVE_index.pdf	000 Client Supplied/01-Subsea Valves TBE/AT Válvulas Offshore/3) Oferentes/ATP SOLUTIONS/5. Quality Manual HIT VALVE_index.pdf
medium	lng-projects	doris-62092-sesa	document	.docx	1615060	/mnt/ace/doris/62092_sesa/999 Work Space/JWhipple/CTR-08/GSM-AO-C-ETC-10011-0000-B.docx	999 Work Space/JWhipple/CTR-08/GSM-AO-C-ETC-10011-0000-B.docx
medium	lng-projects	doris-62092-sesa	pdf	.pdf	1540199	/mnt/ace/doris/62092_sesa/999 Work Space/CTR-05/GSM-AO-L-ETC-10037-0000-1 w comments CODE B.pdf	999 Work Space/CTR-05/GSM-AO-L-ETC-10037-0000-1 w comments CODE B.pdf
medium	lng-projects	doris-62092-sesa	pdf	.pdf	1540199	/mnt/ace/doris/62092_sesa/999 Work Space/JWhipple/CTR-05/GSM-AO-L-ETC-10037-0000-1 w comments CODE B.pdf	999 Work Space/JWhipple/CTR-05/GSM-AO-L-ETC-10037-0000-1 w comments CODE B.pdf
medium	lng-projects	doris-62092-sesa	pdf	.pdf	1497549	/mnt/ace/doris/62092_sesa/000 Client Supplied/01-Subsea Valves TBE/AT Válvulas Offshore/3) Oferentes/RMT VALVOMECCANICA/5. SAMPLE QCP.pdf	000 Client Supplied/01-Subsea Valves TBE/AT Válvulas Offshore/3) Oferentes/RMT VALVOMECCANICA/5. SAMPLE QCP.pdf
medium	lng-projects	doris-62092-sesa	document	.doc	1437184	/mnt/ace/doris/62092_sesa/000 Client Supplied/08 - Documents to Review CTR-08/2025-12-18-DORIS/Envío a DORIS_18-12-2025/GSM-AO-C-ETC-10009-0000-A.doc	000 Client Supplied/08 - Documents to Review CTR-08/2025-12-18-DORIS/Envío a DORIS_18-12-2025/GSM-AO-C-ETC-10009-0000-A.doc
medium	lng-projects	doris-62092-sesa	document	.doc	1437184	/mnt/ace/doris/62092_sesa/999 Work Space/CTR-10/Client Supplied/GSM-AO-C-ETC-10009-0000-A.doc	999 Work Space/CTR-10/Client Supplied/GSM-AO-C-ETC-10009-0000-A.doc
medium	lng-projects	doris-62092-sesa	pdf	.pdf	1405217	/mnt/ace/doris/62092_sesa/000 Client Supplied/08 - Documents to Review CTR-08/2025-12-18-DORIS/Envío a DORIS_18-12-2025/GSM-AO-L-ETC-10027-0000-A.pdf	000 Client Supplied/08 - Documents to Review CTR-08/2025-12-18-DORIS/Envío a DORIS_18-12-2025/GSM-AO-L-ETC-10027-0000-A.pdf
medium	lng-projects	doris-62092-sesa	pdf	.pdf	1405217	/mnt/ace/doris/62092_sesa/999 Work Space/CTR-10/Client Supplied/GSM-AO-L-ETC-10027-0000-A.pdf	999 Work Space/CTR-10/Client Supplied/GSM-AO-L-ETC-10027-0000-A.pdf
medium	lng-projects	doris-62092-sesa	pdf	.pdf	1395870	/mnt/ace/doris/62092_sesa/002 Project Filing/100 Project Management/190 Project Records/Presentations/61912-190-PRN-20251114_KOM.pdf	002 Project Filing/100 Project Management/190 Project Records/Presentations/61912-190-PRN-20251114_KOM.pdf
medium	lng-projects	doris-62092-sesa	pdf	.pdf	1363684	/mnt/ace/doris/62092_sesa/000 Client Supplied/01-Subsea Valves TBE/AT Válvulas Offshore/3) Oferentes/PIETRO/5. QEHS-M -Rev9+Atts.pdf	000 Client Supplied/01-Subsea Valves TBE/AT Válvulas Offshore/3) Oferentes/PIETRO/5. QEHS-M -Rev9+Atts.pdf
medium	lng-projects	doris-62092-sesa	pdf	.pdf	1352677	/mnt/ace/doris/62092_sesa/002 Project Filing/Deliverables/GSM-AO-C-ITE-10011-0000-A_B.pdf	002 Project Filing/Deliverables/GSM-AO-C-ITE-10011-0000-A_B.pdf
medium	lng-projects	doris-62092-sesa	document	.docx	1306001	/mnt/ace/doris/62092_sesa/000 Client Supplied/08 - Documents to Review CTR-08/2025-12-18-DORIS/Envío a DORIS_18-12-2025/GSM-AO-M-PRO-10001-0000-A.docx	000 Client Supplied/08 - Documents to Review CTR-08/2025-12-18-DORIS/Envío a DORIS_18-12-2025/GSM-AO-M-PRO-10001-0000-A.docx
medium	lng-projects	doris-62092-sesa	document	.docx	1306001	/mnt/ace/doris/62092_sesa/999 Work Space/CTR-11/Client Supplied/GSM-AO-M-PRO-10001-0000-A.docx	999 Work Space/CTR-11/Client Supplied/GSM-AO-M-PRO-10001-0000-A.docx
medium	lng-projects	doris-62092-sesa	pdf	.pdf	1286901	/mnt/ace/doris/62092_sesa/999 Work Space/CTR-09/GSM-AO-C-ITE-10011-0000-A Rev JRA_JW.pdf	999 Work Space/CTR-09/GSM-AO-C-ITE-10011-0000-A Rev JRA_JW.pdf
medium	lng-projects	doris-62092-sesa	pdf	.pdf	1285589	/mnt/ace/doris/62092_sesa/999 Work Space/CTR-09/Old/GSM-AO-C-ITE-10011-0000-A Rev JRA.pdf	999 Work Space/CTR-09/Old/GSM-AO-C-ITE-10011-0000-A Rev JRA.pdf
medium	lng-projects	doris-62092-sesa	pdf	.pdf	1283453	/mnt/ace/doris/62092_sesa/000 Client Supplied/08 - Documents to Review CTR-08/19-Dec-25/Estudios de referencia/GSM-AO-C-ITE-10011-0000-A Rev JRA.pdf	000 Client Supplied/08 - Documents to Review CTR-08/19-Dec-25/Estudios de referencia/GSM-AO-C-ITE-10011-0000-A Rev JRA.pdf
medium	lng-projects	doris-62092-sesa	pdf	.pdf	1281198	/mnt/ace/doris/62092_sesa/000 Client Supplied/08 - Documents to Review CTR-08/2025-12-18-DORIS/Envío a DORIS_18-12-2025/GSM-AO-C-ITE-10011-0000-A.pdf	000 Client Supplied/08 - Documents to Review CTR-08/2025-12-18-DORIS/Envío a DORIS_18-12-2025/GSM-AO-C-ITE-10011-0000-A.pdf
medium	lng-projects	doris-62092-sesa	pdf	.pdf	1281198	/mnt/ace/doris/62092_sesa/999 Work Space/CTR-09/Client Supplied/GSM-AO-C-ITE-10011-0000-A.pdf	999 Work Space/CTR-09/Client Supplied/GSM-AO-C-ITE-10011-0000-A.pdf
medium	lng-projects	doris-62092-sesa	pdf	.pdf	1275574	/mnt/ace/doris/62092_sesa/000 Client Supplied/03-Material Specs and DS/Fittings/CPY request Weld Support 1 dec 2025.pdf	000 Client Supplied/03-Material Specs and DS/Fittings/CPY request Weld Support 1 dec 2025.pdf
medium	lng-projects	doris-62092-sesa	document	.doc	1234432	/mnt/ace/doris/62092_sesa/000 Client Supplied/08 - Documents to Review CTR-08/2025-12-18-DORIS/Envío a DORIS_18-12-2025/GSM-AO-Q-PRO-10061-0000-A.doc	000 Client Supplied/08 - Documents to Review CTR-08/2025-12-18-DORIS/Envío a DORIS_18-12-2025/GSM-AO-Q-PRO-10061-0000-A.doc
medium	lng-projects	doris-62092-sesa	document	.doc	1234432	/mnt/ace/doris/62092_sesa/999 Work Space/CTR-09/Client Supplied/GSM-AO-Q-PRO-10061-0000-A.doc	999 Work Space/CTR-09/Client Supplied/GSM-AO-Q-PRO-10061-0000-A.doc
medium	lng-projects	doris-62092-sesa	pdf	.pdf	1205968	/mnt/ace/doris/62092_sesa/000 Client Supplied/03-Material Specs and DS/Flanges/SESA Request 26 Nov 2025.pdf	000 Client Supplied/03-Material Specs and DS/Flanges/SESA Request 26 Nov 2025.pdf
medium	lng-projects	doris-62092-sesa	pdf	.pdf	1194422	/mnt/ace/doris/62092_sesa/999 Work Space/CTR-09/GSM-AO-M-MCA-10020-0000-A w comments CODE B.pdf	999 Work Space/CTR-09/GSM-AO-M-MCA-10020-0000-A w comments CODE B.pdf
medium	lng-projects	doris-62092-sesa	pdf	.pdf	1194422	/mnt/ace/doris/62092_sesa/999 Work Space/JWhipple/CTR-09/GSM-AO-M-MCA-10020-0000-A w comments CODE B.pdf	999 Work Space/JWhipple/CTR-09/GSM-AO-M-MCA-10020-0000-A w comments CODE B.pdf
medium	lng-projects	doris-62092-sesa	document	.docx	1190848	/mnt/ace/doris/62092_sesa/000 Client Supplied/08 - Documents to Review CTR-08/2025-12-18-DORIS/Envío a DORIS_18-12-2025/GSM-AO-L-ETC-10029-0000-A.docx	000 Client Supplied/08 - Documents to Review CTR-08/2025-12-18-DORIS/Envío a DORIS_18-12-2025/GSM-AO-L-ETC-10029-0000-A.docx
medium	lng-projects	doris-62092-sesa	document	.docx	1190848	/mnt/ace/doris/62092_sesa/999 Work Space/CTR-09/Client Supplied/GSM-AO-L-ETC-10029-0000-A.docx	999 Work Space/CTR-09/Client Supplied/GSM-AO-L-ETC-10029-0000-A.docx
medium	lng-projects	doris-62092-sesa	pdf	.pdf	1182346	/mnt/ace/doris/62092_sesa/002 Project Filing/Deliverables/GSM-AO-L-HDS-10020-0000-A_B.pdf	002 Project Filing/Deliverables/GSM-AO-L-HDS-10020-0000-A_B.pdf
medium	lng-projects	doris-62092-sesa	pdf	.pdf	1182346	/mnt/ace/doris/62092_sesa/999 Work Space/CTR-09/GSM-AO-L-HDS-10020-0000-A w comments CODE B.pdf	999 Work Space/CTR-09/GSM-AO-L-HDS-10020-0000-A w comments CODE B.pdf
medium	lng-projects	doris-62092-sesa	document	.docx	1179217	/mnt/ace/doris/62092_sesa/999 Work Space/CTR-09/Client Supplied/GSM-AO-L-ETC-10029-0000-A_EN.docx	999 Work Space/CTR-09/Client Supplied/GSM-AO-L-ETC-10029-0000-A_EN.docx
medium	lng-projects	doris-62092-sesa	document	.docx	1169467	/mnt/ace/doris/62092_sesa/000 Client Supplied/02-Free Span Analysis/GSM-AO-L-MCA-10024-0000-A.docx	000 Client Supplied/02-Free Span Analysis/GSM-AO-L-MCA-10024-0000-A.docx
medium	lng-projects	doris-62092-sesa	document	.docx	1154368	/mnt/ace/doris/62092_sesa/000 Client Supplied/08 - Documents to Review CTR-08/2025-12-18-DORIS/Envío a DORIS_18-12-2025/GSM-AO-T-PRO-10001-0000-A.docx	000 Client Supplied/08 - Documents to Review CTR-08/2025-12-18-DORIS/Envío a DORIS_18-12-2025/GSM-AO-T-PRO-10001-0000-A.docx
medium	lng-projects	doris-62092-sesa	document	.docx	1154368	/mnt/ace/doris/62092_sesa/999 Work Space/CTR-09/Client Supplied/GSM-AO-T-PRO-10001-0000-A.docx	999 Work Space/CTR-09/Client Supplied/GSM-AO-T-PRO-10001-0000-A.docx
medium	lng-projects	doris-62092-sesa	document	.docx	1135702	/mnt/ace/doris/62092_sesa/999 Work Space/JWhipple/CTR-03/GSM-AO-L-MCA-10025-0000-A MKII English.docx	999 Work Space/JWhipple/CTR-03/GSM-AO-L-MCA-10025-0000-A MKII English.docx
medium	lng-projects	doris-62092-sesa	pdf	.pdf	1129744	/mnt/ace/doris/62092_sesa/000 Client Supplied/08 - Documents to Review CTR-08/2025-12-18-DORIS/Envío a DORIS_18-12-2025/GSM-AO-L-ETC-10041-0000-2.pdf	000 Client Supplied/08 - Documents to Review CTR-08/2025-12-18-DORIS/Envío a DORIS_18-12-2025/GSM-AO-L-ETC-10041-0000-2.pdf
medium	lng-projects	doris-62092-sesa	pdf	.pdf	1129744	/mnt/ace/doris/62092_sesa/999 Work Space/CTR-10/Client Supplied/GSM-AO-L-ETC-10041-0000-2.pdf	999 Work Space/CTR-10/Client Supplied/GSM-AO-L-ETC-10041-0000-2.pdf
medium	lng-projects	doris-62092-sesa	tabular	.xlsx	1108761	/mnt/ace/doris/62092_sesa/000 Client Supplied/08 - Documents to Review CTR-08/2026-01-08/GSM-AO-T-MCA-10001-0000-A.xlsx	000 Client Supplied/08 - Documents to Review CTR-08/2026-01-08/GSM-AO-T-MCA-10001-0000-A.xlsx
medium	lng-projects	doris-62092-sesa	tabular	.xlsx	1108761	/mnt/ace/doris/62092_sesa/999 Work Space/CTR-09/Client Supplied/GSM-AO-T-MCA-10001-0000-A.xlsx	999 Work Space/CTR-09/Client Supplied/GSM-AO-T-MCA-10001-0000-A.xlsx
medium	lng-projects	doris-62092-sesa	pdf	.pdf	1106298	/mnt/ace/doris/62092_sesa/002 Project Filing/Deliverables/GSM-AO-C-ETC-10011-0000-B.pdf	002 Project Filing/Deliverables/GSM-AO-C-ETC-10011-0000-B.pdf
medium	lng-projects	doris-62092-sesa	pdf	.pdf	1106298	/mnt/ace/doris/62092_sesa/999 Work Space/CTR-08/GSM-AO-C-ETC-10011-0000-B Rev JRA.pdf	999 Work Space/CTR-08/GSM-AO-C-ETC-10011-0000-B Rev JRA.pdf
medium	lng-projects	doris-62092-sesa	document	.docx	1097902	/mnt/ace/doris/62092_sesa/000 Client Supplied/08 - Documents to Review CTR-08/2025-12-18-DORIS/Envío a DORIS_18-12-2025/GSM-AO-Q-PRO-10060-0000-A.docx	000 Client Supplied/08 - Documents to Review CTR-08/2025-12-18-DORIS/Envío a DORIS_18-12-2025/GSM-AO-Q-PRO-10060-0000-A.docx
medium	lng-projects	doris-62092-sesa	document	.docx	1097902	/mnt/ace/doris/62092_sesa/999 Work Space/CTR-09/Client Supplied/GSM-AO-Q-PRO-10060-0000-A.docx	999 Work Space/CTR-09/Client Supplied/GSM-AO-Q-PRO-10060-0000-A.docx
medium	lng-projects	doris-62092-sesa	pdf	.pdf	1097176	/mnt/ace/doris/62092_sesa/000 Client Supplied/08 - Documents to Review CTR-08/19-Dec-25/Estudios de referencia/GSM-AO-C-ETC-10011-0000-B Rev JRA.pdf	000 Client Supplied/08 - Documents to Review CTR-08/19-Dec-25/Estudios de referencia/GSM-AO-C-ETC-10011-0000-B Rev JRA.pdf
medium	lng-projects	doris-62092-sesa	pdf	.pdf	1090826	/mnt/ace/doris/62092_sesa/000 Client Supplied/08 - Documents to Review CTR-08/2025-12-18-DORIS/Envío a DORIS_18-12-2025/GSM-AO-C-ETC-10011-0000-B.pdf	000 Client Supplied/08 - Documents to Review CTR-08/2025-12-18-DORIS/Envío a DORIS_18-12-2025/GSM-AO-C-ETC-10011-0000-B.pdf
medium	lng-projects	doris-62092-sesa	pdf	.pdf	1090826	/mnt/ace/doris/62092_sesa/999 Work Space/CTR-08/Client Supplied/GSM-AO-C-ETC-10011-0000-B.pdf	999 Work Space/CTR-08/Client Supplied/GSM-AO-C-ETC-10011-0000-B.pdf
medium	lng-projects	doris-62092-sesa	pdf	.pdf	1089204	/mnt/ace/doris/62092_sesa/000 Client Supplied/03-Material Specs and DS/Flanges/GSM-AO-L-ETC-10036-0000-0.pdf	000 Client Supplied/03-Material Specs and DS/Flanges/GSM-AO-L-ETC-10036-0000-0.pdf
medium	lng-projects	doris-62092-sesa	tabular	.xlsx	1083439	/mnt/ace/doris/62092_sesa/000 Client Supplied/08 - Documents to Review CTR-08/2026-01-06/GSM-AO-M-MCA-10020-0000-A.xlsx	000 Client Supplied/08 - Documents to Review CTR-08/2026-01-06/GSM-AO-M-MCA-10020-0000-A.xlsx
medium	lng-projects	doris-62092-sesa	tabular	.xlsx	1083439	/mnt/ace/doris/62092_sesa/999 Work Space/CTR-09/Client Supplied/GSM-AO-M-MCA-10020-0000-A.xlsx	999 Work Space/CTR-09/Client Supplied/GSM-AO-M-MCA-10020-0000-A.xlsx
medium	lng-projects	doris-62092-sesa	document	.docx	1082273	/mnt/ace/doris/62092_sesa/000 Client Supplied/08 - Documents to Review CTR-08/2025-12-18-DORIS/Envío a DORIS_18-12-2025/GSM-AO-T-ETC-10002-0000-A.docx	000 Client Supplied/08 - Documents to Review CTR-08/2025-12-18-DORIS/Envío a DORIS_18-12-2025/GSM-AO-T-ETC-10002-0000-A.docx
medium	lng-projects	doris-62092-sesa	document	.docx	1082273	/mnt/ace/doris/62092_sesa/999 Work Space/CTR-09/Client Supplied/GSM-AO-T-ETC-10002-0000-A.docx	999 Work Space/CTR-09/Client Supplied/GSM-AO-T-ETC-10002-0000-A.docx
medium	lng-projects	doris-62092-sesa	document	.docx	1082266	/mnt/ace/doris/62092_sesa/000 Client Supplied/03-Material Specs and DS/Fittings/GSM-AO-L-ETC-10037-0000-1.docx	000 Client Supplied/03-Material Specs and DS/Fittings/GSM-AO-L-ETC-10037-0000-1.docx
medium	lng-projects	doris-62092-sesa	document	.docx	1082266	/mnt/ace/doris/62092_sesa/999 Work Space/CTR-05/GSM-AO-L-ETC-10037-0000-1.docx	999 Work Space/CTR-05/GSM-AO-L-ETC-10037-0000-1.docx
medium	lng-projects	doris-62092-sesa	document	.docx	1081744	/mnt/ace/doris/62092_sesa/000 Client Supplied/08 - Documents to Review CTR-08/2025-12-18-DORIS/Envío a DORIS_18-12-2025/GSM-AO-L-ETC-10040-0000-1.docx	000 Client Supplied/08 - Documents to Review CTR-08/2025-12-18-DORIS/Envío a DORIS_18-12-2025/GSM-AO-L-ETC-10040-0000-1.docx
medium	lng-projects	doris-62092-sesa	document	.docx	1081744	/mnt/ace/doris/62092_sesa/999 Work Space/CTR-10/Client Supplied/GSM-AO-L-ETC-10040-0000-1.docx	999 Work Space/CTR-10/Client Supplied/GSM-AO-L-ETC-10040-0000-1.docx
medium	lng-projects	doris-62092-sesa	document	.docx	1080943	/mnt/ace/doris/62092_sesa/000 Client Supplied/08 - Documents to Review CTR-08/2025-12-18-DORIS/Envío a DORIS_18-12-2025/GSM-AO-T-ETC-10001-0000-0.docx	000 Client Supplied/08 - Documents to Review CTR-08/2025-12-18-DORIS/Envío a DORIS_18-12-2025/GSM-AO-T-ETC-10001-0000-0.docx
medium	lng-projects	doris-62092-sesa	document	.docx	1080433	/mnt/ace/doris/62092_sesa/000 Client Supplied/08 - Documents to Review CTR-08/2025-12-18-DORIS/Envío a DORIS_18-12-2025/GSM-AO-Q-PRO-10059-0000-A.docx	000 Client Supplied/08 - Documents to Review CTR-08/2025-12-18-DORIS/Envío a DORIS_18-12-2025/GSM-AO-Q-PRO-10059-0000-A.docx
medium	lng-projects	doris-62092-sesa	document	.docx	1080433	/mnt/ace/doris/62092_sesa/999 Work Space/CTR-09/Client Supplied/GSM-AO-Q-PRO-10059-0000-A.docx	999 Work Space/CTR-09/Client Supplied/GSM-AO-Q-PRO-10059-0000-A.docx
medium	lng-projects	doris-62092-sesa	pdf	.pdf	1079795	/mnt/ace/doris/62092_sesa/999 Work Space/CTR-01-Valves/62092-500-TCN-0001 Subsea Valves TBE Technical Note Rev 1 Final.pdf	999 Work Space/CTR-01-Valves/62092-500-TCN-0001 Subsea Valves TBE Technical Note Rev 1 Final.pdf
medium	lng-projects	doris-62092-sesa	pdf	.pdf	1075238	/mnt/ace/doris/62092_sesa/999 Work Space/CTR-04/GSM-AO-L-ETC-10036-0000-0.pdf	999 Work Space/CTR-04/GSM-AO-L-ETC-10036-0000-0.pdf
medium	lng-projects	doris-62092-sesa	pdf	.pdf	1075238	/mnt/ace/doris/62092_sesa/999 Work Space/JWhipple/CTR-04/GSM-AO-L-ETC-10036-0000-0.pdf	999 Work Space/JWhipple/CTR-04/GSM-AO-L-ETC-10036-0000-0.pdf
medium	lng-projects	doris-62092-sesa	pdf	.pdf	1064326	/mnt/ace/doris/62092_sesa/000 Client Supplied/08 - Documents to Review CTR-08/2025-12-18-DORIS/Envío a DORIS_18-12-2025/GSM-AO-M-PRO-10001-0000-A.pdf	000 Client Supplied/08 - Documents to Review CTR-08/2025-12-18-DORIS/Envío a DORIS_18-12-2025/GSM-AO-M-PRO-10001-0000-A.pdf
medium	lng-projects	doris-62092-sesa	pdf	.pdf	1064326	/mnt/ace/doris/62092_sesa/999 Work Space/CTR-11/Client Supplied/GSM-AO-M-PRO-10001-0000-A.pdf	999 Work Space/CTR-11/Client Supplied/GSM-AO-M-PRO-10001-0000-A.pdf
medium	lng-projects	doris-62092-sesa	pdf	.pdf	1039001	/mnt/ace/doris/62092_sesa/000 Client Supplied/01-Subsea Valves TBE/AT Válvulas Offshore/3) Oferentes/ATP SOLUTIONS/3. HIT VALVE_All products catalogue.pdf	000 Client Supplied/01-Subsea Valves TBE/AT Válvulas Offshore/3) Oferentes/ATP SOLUTIONS/3. HIT VALVE_All products catalogue.pdf
medium	lng-projects	doris-62092-sesa	document	.docx	1025185	/mnt/ace/doris/62092_sesa/999 Work Space/JWhipple/CTR-04/AutoRecovery save of GSM-AO-L-ETC-10037-0000-1 English.docx	999 Work Space/JWhipple/CTR-04/AutoRecovery save of GSM-AO-L-ETC-10037-0000-1 English.docx
medium	lng-projects	doris-62092-sesa	document	.docx	1025151	/mnt/ace/doris/62092_sesa/999 Work Space/CTR-05/GSM-AO-L-ETC-10037-0000-1 English.docx	999 Work Space/CTR-05/GSM-AO-L-ETC-10037-0000-1 English.docx
medium	lng-projects	doris-62092-sesa	document	.docx	992600	/mnt/ace/doris/62092_sesa/999 Work Space/JWhipple/CTR-03/GSM-AO-L-MCA-10024-0000-A English.docx	999 Work Space/JWhipple/CTR-03/GSM-AO-L-MCA-10024-0000-A English.docx
medium	lng-projects	doris-62092-sesa	pdf	.pdf	959812	/mnt/ace/doris/62092_sesa/000 Client Supplied/01-Subsea Valves TBE/AT Válvulas Offshore/2) Bases de diseño/24/GSM-AO-G-BDI-10012-0000-0.pdf	000 Client Supplied/01-Subsea Valves TBE/AT Válvulas Offshore/2) Bases de diseño/24/GSM-AO-G-BDI-10012-0000-0.pdf
medium	lng-projects	doris-62092-sesa	pdf	.pdf	946640	/mnt/ace/doris/62092_sesa/000 Client Supplied/08 - Documents to Review CTR-08/2025-12-18-DORIS/Envío a DORIS_18-12-2025/GSM-AO-C-ETC-10009-0000-A.pdf	000 Client Supplied/08 - Documents to Review CTR-08/2025-12-18-DORIS/Envío a DORIS_18-12-2025/GSM-AO-C-ETC-10009-0000-A.pdf
medium	lng-projects	doris-62092-sesa	pdf	.pdf	946640	/mnt/ace/doris/62092_sesa/999 Work Space/CTR-10/Client Supplied/GSM-AO-C-ETC-10009-0000-A.pdf	999 Work Space/CTR-10/Client Supplied/GSM-AO-C-ETC-10009-0000-A.pdf
medium	lng-projects	doris-62092-sesa	tabular	.xlsx	940921	/mnt/ace/doris/62092_sesa/999 Work Space/CTR-01-Valves/62092-322-TBE-0001 Technical Bid Evaluation for Valves Rev C 20251210.xlsx	999 Work Space/CTR-01-Valves/62092-322-TBE-0001 Technical Bid Evaluation for Valves Rev C 20251210.xlsx
medium	lng-projects	doris-62092-sesa	tabular	.xlsx	940574	/mnt/ace/doris/62092_sesa/999 Work Space/CTR-01-Valves/62092-322-TBE-0001 Technical Bid Evaluation for Valves Rev A R3_FSosa 24-Nov-2025.xlsx	999 Work Space/CTR-01-Valves/62092-322-TBE-0001 Technical Bid Evaluation for Valves Rev A R3_FSosa 24-Nov-2025.xlsx
medium	lng-projects	doris-62092-sesa	tabular	.xlsx	940389	/mnt/ace/doris/62092_sesa/999 Work Space/CTR-01-Valves/62092-322-TBE-0001 Technical Bid Evaluation for Valves Rev A R3.xlsx	999 Work Space/CTR-01-Valves/62092-322-TBE-0001 Technical Bid Evaluation for Valves Rev A R3.xlsx
medium	lng-projects	doris-62092-sesa	document	.docx	937409	/mnt/ace/doris/62092_sesa/000 Client Supplied/08 - Documents to Review CTR-08/2025-12-18-DORIS/Envío a DORIS_18-12-2025/GSM-AO-Q-PRO-10068-0000-A.docx	000 Client Supplied/08 - Documents to Review CTR-08/2025-12-18-DORIS/Envío a DORIS_18-12-2025/GSM-AO-Q-PRO-10068-0000-A.docx
medium	lng-projects	doris-62092-sesa	document	.docx	937409	/mnt/ace/doris/62092_sesa/999 Work Space/CTR-09/Client Supplied/GSM-AO-Q-PRO-10068-0000-A.docx	999 Work Space/CTR-09/Client Supplied/GSM-AO-Q-PRO-10068-0000-A.docx
medium	lng-projects	doris-62092-sesa	tabular	.xlsx	937401	/mnt/ace/doris/62092_sesa/999 Work Space/CTR-01-Valves/62092-322-TBE-0001 Technical Bid Evaluation for Valves Rev B 20251209.xlsx	999 Work Space/CTR-01-Valves/62092-322-TBE-0001 Technical Bid Evaluation for Valves Rev B 20251209.xlsx
medium	lng-projects	doris-62092-sesa	tabular	.xlsx	935872	/mnt/ace/doris/62092_sesa/999 Work Space/CTR-01-Valves/FSosa/62092-322-TBE-0001 Technical Bid Evaluation for Valves Rev A R3 ítems críticos FSosa.xlsx	999 Work Space/CTR-01-Valves/FSosa/62092-322-TBE-0001 Technical Bid Evaluation for Valves Rev A R3 ítems críticos FSosa.xlsx
medium	lng-projects	doris-62092-sesa	pdf	.pdf	900747	/mnt/ace/doris/62092_sesa/000 Client Supplied/01-Subsea Valves TBE/AT Válvulas Offshore/2) Bases de diseño/20/GSM-AO-G-BDI-10011-0000-0.pdf	000 Client Supplied/01-Subsea Valves TBE/AT Válvulas Offshore/2) Bases de diseño/20/GSM-AO-G-BDI-10011-0000-0.pdf
medium	lng-projects	doris-62092-sesa	pdf	.pdf	890008	/mnt/ace/doris/62092_sesa/000 Client Supplied/08 - Documents to Review CTR-08/2025-12-18-DORIS/Envío a DORIS_18-12-2025/GSM-AO-Q-PRO-10060-0000-A.pdf	000 Client Supplied/08 - Documents to Review CTR-08/2025-12-18-DORIS/Envío a DORIS_18-12-2025/GSM-AO-Q-PRO-10060-0000-A.pdf
medium	lng-projects	doris-62092-sesa	pdf	.pdf	890008	/mnt/ace/doris/62092_sesa/999 Work Space/CTR-09/Client Supplied/GSM-AO-Q-PRO-10060-0000-A.pdf	999 Work Space/CTR-09/Client Supplied/GSM-AO-Q-PRO-10060-0000-A.pdf
medium	lng-projects	doris-62092-sesa	pdf	.pdf	883060	/mnt/ace/doris/62092_sesa/000 Client Supplied/08 - Documents to Review CTR-08/2025-12-18-DORIS/Envío a DORIS_18-12-2025/GSM-AO-L-ETC-10040-0000-1.pdf	000 Client Supplied/08 - Documents to Review CTR-08/2025-12-18-DORIS/Envío a DORIS_18-12-2025/GSM-AO-L-ETC-10040-0000-1.pdf
medium	lng-projects	doris-62092-sesa	pdf	.pdf	883060	/mnt/ace/doris/62092_sesa/999 Work Space/CTR-10/Client Supplied/GSM-AO-L-ETC-10040-0000-1.pdf	999 Work Space/CTR-10/Client Supplied/GSM-AO-L-ETC-10040-0000-1.pdf
medium	lng-projects	doris-62092-sesa	pdf	.pdf	881428	/mnt/ace/doris/62092_sesa/000 Client Supplied/08 - Documents to Review CTR-08/2025-12-18-DORIS/Envío a DORIS_18-12-2025/GSM-AO-L-LYO-10039-0001-B.pdf	000 Client Supplied/08 - Documents to Review CTR-08/2025-12-18-DORIS/Envío a DORIS_18-12-2025/GSM-AO-L-LYO-10039-0001-B.pdf
medium	lng-projects	doris-62092-sesa	pdf	.pdf	881428	/mnt/ace/doris/62092_sesa/999 Work Space/CTR-10/Client Supplied/GSM-AO-L-LYO-10039-0001-B.pdf	999 Work Space/CTR-10/Client Supplied/GSM-AO-L-LYO-10039-0001-B.pdf
medium	lng-projects	doris-62092-sesa	pdf	.pdf	877933	/mnt/ace/doris/62092_sesa/000 Client Supplied/08 - Documents to Review CTR-08/2026-01-06/GSM-AO-G-BDI-10012-0000-0_A.pdf	000 Client Supplied/08 - Documents to Review CTR-08/2026-01-06/GSM-AO-G-BDI-10012-0000-0_A.pdf
medium	lng-projects	doris-62092-sesa	pdf	.pdf	867342	/mnt/ace/doris/62092_sesa/000 Client Supplied/03-Material Specs and DS/Fittings/GSM-AO-L-ETC-10037-0000-1.pdf	000 Client Supplied/03-Material Specs and DS/Fittings/GSM-AO-L-ETC-10037-0000-1.pdf
medium	lng-projects	doris-62092-sesa	pdf	.pdf	867342	/mnt/ace/doris/62092_sesa/999 Work Space/CTR-05/GSM-AO-L-ETC-10037-0000-1.pdf	999 Work Space/CTR-05/GSM-AO-L-ETC-10037-0000-1.pdf
medium	lng-projects	doris-62092-sesa	pdf	.pdf	852150	/mnt/ace/doris/62092_sesa/000 Client Supplied/08 - Documents to Review CTR-08/2025-12-18-DORIS/Envío a DORIS_18-12-2025/GSM-AO-Q-PRO-10059-0000-A.pdf	000 Client Supplied/08 - Documents to Review CTR-08/2025-12-18-DORIS/Envío a DORIS_18-12-2025/GSM-AO-Q-PRO-10059-0000-A.pdf
medium	lng-projects	doris-62092-sesa	pdf	.pdf	852150	/mnt/ace/doris/62092_sesa/999 Work Space/CTR-09/Client Supplied/GSM-AO-Q-PRO-10059-0000-A.pdf	999 Work Space/CTR-09/Client Supplied/GSM-AO-Q-PRO-10059-0000-A.pdf
medium	lng-projects	doris-62092-sesa	pdf	.pdf	827016	/mnt/ace/doris/62092_sesa/000 Client Supplied/08 - Documents to Review CTR-08/2025-12-18-DORIS/Envío a DORIS_18-12-2025/GSM-AO-L-ETC-10029-0000-A.pdf	000 Client Supplied/08 - Documents to Review CTR-08/2025-12-18-DORIS/Envío a DORIS_18-12-2025/GSM-AO-L-ETC-10029-0000-A.pdf
medium	lng-projects	doris-62092-sesa	pdf	.pdf	827016	/mnt/ace/doris/62092_sesa/999 Work Space/CTR-09/Client Supplied/GSM-AO-L-ETC-10029-0000-A.pdf	999 Work Space/CTR-09/Client Supplied/GSM-AO-L-ETC-10029-0000-A.pdf
medium	lng-projects	doris-62092-sesa	pdf	.pdf	824786	/mnt/ace/doris/62092_sesa/999 Work Space/CTR-09/Client Supplied/GSM-AO-L-ETC-10029-0000-A Rev JRA on-going.pdf	999 Work Space/CTR-09/Client Supplied/GSM-AO-L-ETC-10029-0000-A Rev JRA on-going.pdf
medium	lng-projects	doris-62092-sesa	pdf	.pdf	820340	/mnt/ace/doris/62092_sesa/000 Client Supplied/08 - Documents to Review CTR-08/2026-01-06/GSM-AO-G-BDI-10011-0000-0_A.pdf	000 Client Supplied/08 - Documents to Review CTR-08/2026-01-06/GSM-AO-G-BDI-10011-0000-0_A.pdf
medium	lng-projects	doris-62092-sesa	pdf	.pdf	783044	/mnt/ace/doris/62092_sesa/999 Work Space/CTR-01-Valves/62092-322-TBE-0001 Technical Bid Evaluation for Valves Rev C 20251210.pdf	999 Work Space/CTR-01-Valves/62092-322-TBE-0001 Technical Bid Evaluation for Valves Rev C 20251210.pdf
medium	lng-projects	doris-62092-sesa	pdf	.pdf	769595	/mnt/ace/doris/62092_sesa/000 Client Supplied/08 - Documents to Review CTR-08/2025-12-18-DORIS/Envío a DORIS_18-12-2025/GSM-AO-T-ETC-10001-0000-0-A.pdf	000 Client Supplied/08 - Documents to Review CTR-08/2025-12-18-DORIS/Envío a DORIS_18-12-2025/GSM-AO-T-ETC-10001-0000-0-A.pdf
medium	lng-projects	doris-62092-sesa	pdf	.pdf	762504	/mnt/ace/doris/62092_sesa/000 Client Supplied/08 - Documents to Review CTR-08/2025-12-18-DORIS/Envío a DORIS_18-12-2025/GSM-AO-Q-PRO-10061-0000-A.pdf	000 Client Supplied/08 - Documents to Review CTR-08/2025-12-18-DORIS/Envío a DORIS_18-12-2025/GSM-AO-Q-PRO-10061-0000-A.pdf
medium	lng-projects	doris-62092-sesa	pdf	.pdf	762504	/mnt/ace/doris/62092_sesa/999 Work Space/CTR-09/Client Supplied/GSM-AO-Q-PRO-10061-0000-A.pdf	999 Work Space/CTR-09/Client Supplied/GSM-AO-Q-PRO-10061-0000-A.pdf
medium	lng-projects	doris-62092-sesa	pdf	.pdf	760380	/mnt/ace/doris/62092_sesa/000 Client Supplied/08 - Documents to Review CTR-08/2025-12-18-DORIS/Envío a DORIS_18-12-2025/GSM-AO-T-ETC-10001-0000-0.pdf	000 Client Supplied/08 - Documents to Review CTR-08/2025-12-18-DORIS/Envío a DORIS_18-12-2025/GSM-AO-T-ETC-10001-0000-0.pdf
medium	lng-projects	doris-62092-sesa	pdf	.pdf	745865	/mnt/ace/doris/62092_sesa/000 Client Supplied/08 - Documents to Review CTR-08/19-Dec-25/Cronograma upgrade Deco I/PDT ALISTAMIENTO PONTON DECO I.pdf	000 Client Supplied/08 - Documents to Review CTR-08/19-Dec-25/Cronograma upgrade Deco I/PDT ALISTAMIENTO PONTON DECO I.pdf
medium	lng-projects	doris-62092-sesa	pdf	.pdf	741095	/mnt/ace/doris/62092_sesa/000 Client Supplied/08 - Documents to Review CTR-08/2025-12-18-DORIS/Envío a DORIS_18-12-2025/GSM-AO-T-ETC-10002-0000-A.pdf	000 Client Supplied/08 - Documents to Review CTR-08/2025-12-18-DORIS/Envío a DORIS_18-12-2025/GSM-AO-T-ETC-10002-0000-A.pdf
medium	lng-projects	doris-62092-sesa	pdf	.pdf	741095	/mnt/ace/doris/62092_sesa/999 Work Space/CTR-09/Client Supplied/GSM-AO-T-ETC-10002-0000-A.pdf	999 Work Space/CTR-09/Client Supplied/GSM-AO-T-ETC-10002-0000-A.pdf
medium	lng-projects	doris-62092-sesa	pdf	.pdf	735779	/mnt/ace/doris/62092_sesa/000 Client Supplied/08 - Documents to Review CTR-08/2025-12-18-DORIS/Envío a DORIS_18-12-2025/GSM-AO-C-LYO-10024-0001-A.pdf	000 Client Supplied/08 - Documents to Review CTR-08/2025-12-18-DORIS/Envío a DORIS_18-12-2025/GSM-AO-C-LYO-10024-0001-A.pdf
medium	lng-projects	doris-62092-sesa	pdf	.pdf	735779	/mnt/ace/doris/62092_sesa/999 Work Space/CTR-11/Client Supplied/GSM-AO-C-LYO-10024-0001-A.pdf	999 Work Space/CTR-11/Client Supplied/GSM-AO-C-LYO-10024-0001-A.pdf
medium	lng-projects	doris-62092-sesa	pdf	.pdf	680537	/mnt/ace/doris/62092_sesa/000 Client Supplied/08 - Documents to Review CTR-08/2025-12-18-DORIS/Envío a DORIS_18-12-2025/GSM-AO-Q-PRO-10068-0000-A.pdf	000 Client Supplied/08 - Documents to Review CTR-08/2025-12-18-DORIS/Envío a DORIS_18-12-2025/GSM-AO-Q-PRO-10068-0000-A.pdf
medium	lng-projects	doris-62092-sesa	pdf	.pdf	680537	/mnt/ace/doris/62092_sesa/999 Work Space/CTR-09/Client Supplied/GSM-AO-Q-PRO-10068-0000-A.pdf	999 Work Space/CTR-09/Client Supplied/GSM-AO-Q-PRO-10068-0000-A.pdf
medium	lng-projects	doris-62092-sesa	document	.docx	593834	/mnt/ace/doris/62092_sesa/000 Client Supplied/03-Material Specs and DS/Flanges/GSM-AO-L-ETC-10036-0000-0.docx	000 Client Supplied/03-Material Specs and DS/Flanges/GSM-AO-L-ETC-10036-0000-0.docx
medium	lng-projects	doris-62092-sesa	document	.docx	580492	/mnt/ace/doris/62092_sesa/999 Work Space/CTR-05/62092-500-TCN-0005  CTR-05 Welded Accessories Support.docx	999 Work Space/CTR-05/62092-500-TCN-0005  CTR-05 Welded Accessories Support.docx
medium	lng-projects	doris-62092-sesa	document	.docx	580492	/mnt/ace/doris/62092_sesa/999 Work Space/JWhipple/CTR-05/62092-500-TCN-0005  CTR-05 Welded Accessories Support.docx	999 Work Space/JWhipple/CTR-05/62092-500-TCN-0005  CTR-05 Welded Accessories Support.docx
medium	lng-projects	doris-62092-sesa	pdf	.pdf	567296	/mnt/ace/doris/62092_sesa/000 Client Supplied/08 - Documents to Review CTR-08/2026-01-08/GSM-AO-T-MCA-10001-0000-A.pdf	000 Client Supplied/08 - Documents to Review CTR-08/2026-01-08/GSM-AO-T-MCA-10001-0000-A.pdf
medium	lng-projects	doris-62092-sesa	pdf	.pdf	567296	/mnt/ace/doris/62092_sesa/999 Work Space/CTR-09/Client Supplied/GSM-AO-T-MCA-10001-0000-A.pdf	999 Work Space/CTR-09/Client Supplied/GSM-AO-T-MCA-10001-0000-A.pdf
medium	lng-projects	doris-62092-sesa	pdf	.pdf	545650	/mnt/ace/doris/62092_sesa/000 Client Supplied/01-Subsea Valves TBE/AT Válvulas Offshore/3) Oferentes/RMT VALVOMECCANICA/4. SAMPLE ITP.pdf	000 Client Supplied/01-Subsea Valves TBE/AT Válvulas Offshore/3) Oferentes/RMT VALVOMECCANICA/4. SAMPLE ITP.pdf
medium	lng-projects	doris-62092-sesa	pdf	.pdf	542008	/mnt/ace/doris/62092_sesa/000 Client Supplied/08 - Documents to Review CTR-08/2026-01-06/GSM-AO-M-MCA-10020-0000-A.pdf	000 Client Supplied/08 - Documents to Review CTR-08/2026-01-06/GSM-AO-M-MCA-10020-0000-A.pdf
medium	lng-projects	doris-62092-sesa	pdf	.pdf	542008	/mnt/ace/doris/62092_sesa/999 Work Space/CTR-09/Client Supplied/GSM-AO-M-MCA-10020-0000-A.pdf	999 Work Space/CTR-09/Client Supplied/GSM-AO-M-MCA-10020-0000-A.pdf
medium	lng-projects	doris-62092-sesa	document	.docx	536733	/mnt/ace/doris/62092_sesa/999 Work Space/CTR-04/GSM-AO-L-ETC-10036-0000_0 Flange Specification.docx	999 Work Space/CTR-04/GSM-AO-L-ETC-10036-0000_0 Flange Specification.docx
medium	lng-projects	doris-62092-sesa	document	.docx	536733	/mnt/ace/doris/62092_sesa/999 Work Space/JWhipple/CTR-04/GSM-AO-L-ETC-10036-0000_0 Flange Specification.docx	999 Work Space/JWhipple/CTR-04/GSM-AO-L-ETC-10036-0000_0 Flange Specification.docx
medium	lng-projects	doris-62092-sesa	document	.docx	536717	/mnt/ace/doris/62092_sesa/999 Work Space/JWhipple/CTR-04/GSM-AO-L-ETC-10036-0000_0 Flange Specification English.docx	999 Work Space/JWhipple/CTR-04/GSM-AO-L-ETC-10036-0000_0 Flange Specification English.docx
medium	lng-projects	doris-62092-sesa	pdf	.pdf	505839	/mnt/ace/doris/62092_sesa/000 Client Supplied/01-Subsea Valves TBE/AT Válvulas Offshore/3) Oferentes/FLUITEK/FLUITEK/3. M.CQP.01 Rev. 2 - Company Quality Plan.pdf	000 Client Supplied/01-Subsea Valves TBE/AT Válvulas Offshore/3) Oferentes/FLUITEK/FLUITEK/3. M.CQP.01 Rev. 2 - Company Quality Plan.pdf
medium	lng-projects	doris-62092-sesa	document	.docx	498011	/mnt/ace/doris/62092_sesa/999 Work Space/JWhipple/CTR-05/62092-500-TCN-0005  CTR-05 Welding Support.docx	999 Work Space/JWhipple/CTR-05/62092-500-TCN-0005  CTR-05 Welding Support.docx
medium	lng-projects	doris-62092-sesa	document	.docx	494826	/mnt/ace/doris/62092_sesa/999 Work Space/CTR-04/62092-500-TCN-0004  CTR-04 Flange Specification Support.docx	999 Work Space/CTR-04/62092-500-TCN-0004  CTR-04 Flange Specification Support.docx
medium	lng-projects	doris-62092-sesa	document	.docx	494826	/mnt/ace/doris/62092_sesa/999 Work Space/JWhipple/CTR-04/62092-500-TCN-0004  CTR-04 Flange Specification Support.docx	999 Work Space/JWhipple/CTR-04/62092-500-TCN-0004  CTR-04 Flange Specification Support.docx
medium	lng-projects	doris-62092-sesa	pdf	.pdf	483307	/mnt/ace/doris/62092_sesa/000 Client Supplied/08 - Documents to Review CTR-08/2025-12-18-DORIS/Envío a DORIS_18-12-2025/GSM-AO-L-HDS-10020-0000-A.pdf	000 Client Supplied/08 - Documents to Review CTR-08/2025-12-18-DORIS/Envío a DORIS_18-12-2025/GSM-AO-L-HDS-10020-0000-A.pdf
medium	lng-projects	doris-62092-sesa	pdf	.pdf	483307	/mnt/ace/doris/62092_sesa/999 Work Space/CTR-10/Client Supplied/GSM-AO-L-HDS-10020-0000-A.pdf	999 Work Space/CTR-10/Client Supplied/GSM-AO-L-HDS-10020-0000-A.pdf
medium	lng-projects	doris-62092-sesa	pdf	.pdf	476603	/mnt/ace/doris/62092_sesa/000 Client Supplied/01-Subsea Valves TBE/AT Válvulas Offshore/3) Oferentes/PIETRO/4. ITP STANDARD.pdf	000 Client Supplied/01-Subsea Valves TBE/AT Válvulas Offshore/3) Oferentes/PIETRO/4. ITP STANDARD.pdf
medium	lng-projects	doris-62092-sesa	pdf	.pdf	458957	/mnt/ace/doris/62092_sesa/999 Work Space/CTR-01-Valves/62092-322-TBE-0001 Technical Bid Evaluation for Valves Rev A R3.pdf	999 Work Space/CTR-01-Valves/62092-322-TBE-0001 Technical Bid Evaluation for Valves Rev A R3.pdf
medium	lng-projects	doris-62092-sesa	pdf	.pdf	446298	/mnt/ace/doris/62092_sesa/000 Client Supplied/01-Subsea Valves TBE/AT Válvulas Offshore/3) Oferentes/PIETRO/2. TIV VALVES REF_LIST 2013-2024 PROJECTS.pdf	000 Client Supplied/01-Subsea Valves TBE/AT Válvulas Offshore/3) Oferentes/PIETRO/2. TIV VALVES REF_LIST 2013-2024 PROJECTS.pdf
medium	lng-projects	doris-62092-sesa	document	.docx	426657	/mnt/ace/doris/62092_sesa/000 Client Supplied/08 - Documents to Review CTR-08/2025-12-18-DORIS/Envío a DORIS_18-12-2025/GSM-AO-L-ETC-10041-0000-2.docx	000 Client Supplied/08 - Documents to Review CTR-08/2025-12-18-DORIS/Envío a DORIS_18-12-2025/GSM-AO-L-ETC-10041-0000-2.docx
medium	lng-projects	doris-62092-sesa	document	.docx	426657	/mnt/ace/doris/62092_sesa/999 Work Space/CTR-10/Client Supplied/GSM-AO-L-ETC-10041-0000-2.docx	999 Work Space/CTR-10/Client Supplied/GSM-AO-L-ETC-10041-0000-2.docx
medium	lng-projects	doris-62092-sesa	document	.docx	421792	/mnt/ace/doris/62092_sesa/999 Work Space/CTR-04/CTR 04 Material Design Support Queries.docx	999 Work Space/CTR-04/CTR 04 Material Design Support Queries.docx
medium	lng-projects	doris-62092-sesa	pdf	.pdf	413517	/mnt/ace/doris/62092_sesa/000 Client Supplied/01-Subsea Valves TBE/AT Válvulas Offshore/3) Oferentes/FLUITEK/FLUITEK/2. ITP.pdf	000 Client Supplied/01-Subsea Valves TBE/AT Válvulas Offshore/3) Oferentes/FLUITEK/FLUITEK/2. ITP.pdf
medium	lng-projects	doris-62092-sesa	pdf	.pdf	389654	/mnt/ace/doris/62092_sesa/000 Client Supplied/08 - Documents to Review CTR-08/2025-12-18-DORIS/Envío a DORIS_18-12-2025/GSM-AO-M-FAB-10027-0001-A.pdf	000 Client Supplied/08 - Documents to Review CTR-08/2025-12-18-DORIS/Envío a DORIS_18-12-2025/GSM-AO-M-FAB-10027-0001-A.pdf
medium	lng-projects	doris-62092-sesa	pdf	.pdf	389654	/mnt/ace/doris/62092_sesa/999 Work Space/CTR-11/Client Supplied/GSM-AO-M-FAB-10027-0001-A.pdf	999 Work Space/CTR-11/Client Supplied/GSM-AO-M-FAB-10027-0001-A.pdf
medium	lng-projects	doris-62092-sesa	document	.docx	383613	/mnt/ace/doris/62092_sesa/999 Work Space/Templates/62092-500-TCN-0002 Pipeline  Expansion Analysys Technical Note Rev A.docx	999 Work Space/Templates/62092-500-TCN-0002 Pipeline  Expansion Analysys Technical Note Rev A.docx
medium	lng-projects	doris-62092-sesa	document	.docx	355612	/mnt/ace/doris/62092_sesa/999 Work Space/CTR-01-Valves/62092-500-TCN-0001 Subsea Valves TBE Technical Note Rev 1 with comment JW_FSosa.docx	999 Work Space/CTR-01-Valves/62092-500-TCN-0001 Subsea Valves TBE Technical Note Rev 1 with comment JW_FSosa.docx
medium	lng-projects	doris-62092-sesa	pdf	.pdf	350136	/mnt/ace/doris/62092_sesa/000 Client Supplied/08 - Documents to Review CTR-08/19-Dec-25/Pontón Deco I/DECO I - ARQUEO.pdf	000 Client Supplied/08 - Documents to Review CTR-08/19-Dec-25/Pontón Deco I/DECO I - ARQUEO.pdf
medium	lng-projects	doris-62092-sesa	document	.docx	347438	/mnt/ace/doris/62092_sesa/999 Work Space/CTR-01-Valves/62092-500-TCN-0001 Subsea Valves TBE Technical Note Rev 1 with comment JW.docx	999 Work Space/CTR-01-Valves/62092-500-TCN-0001 Subsea Valves TBE Technical Note Rev 1 with comment JW.docx
medium	lng-projects	doris-62092-sesa	document	.docx	344640	/mnt/ace/doris/62092_sesa/999 Work Space/CTR-01-Valves/62092-500-TCN-0001 Subsea Valves TBE Technical Note Rev 1 Final.docx	999 Work Space/CTR-01-Valves/62092-500-TCN-0001 Subsea Valves TBE Technical Note Rev 1 Final.docx
medium	lng-projects	doris-62092-sesa	document	.docx	338824	/mnt/ace/doris/62092_sesa/999 Work Space/CTR-01-Valves/62092-500-TCN-0001 Subsea Valves TBE Technical Note Rev 1.docx	999 Work Space/CTR-01-Valves/62092-500-TCN-0001 Subsea Valves TBE Technical Note Rev 1.docx
medium	lng-projects	doris-62092-sesa	pdf	.pdf	337954	/mnt/ace/doris/62092_sesa/000 Client Supplied/08 - Documents to Review CTR-08/2025-12-18-DORIS/Envío a DORIS_18-12-2025/GSM-AO-T-TIP-10001-0001-A.pdf	000 Client Supplied/08 - Documents to Review CTR-08/2025-12-18-DORIS/Envío a DORIS_18-12-2025/GSM-AO-T-TIP-10001-0001-A.pdf
medium	lng-projects	doris-62092-sesa	pdf	.pdf	337954	/mnt/ace/doris/62092_sesa/999 Work Space/CTR-09/Client Supplied/GSM-AO-T-TIP-10001-0001-A.pdf	999 Work Space/CTR-09/Client Supplied/GSM-AO-T-TIP-10001-0001-A.pdf
medium	lng-projects	doris-62092-sesa	pdf	.pdf	315516	/mnt/ace/doris/62092_sesa/000 Client Supplied/08 - Documents to Review CTR-08/2025-12-18-DORIS/Envío a DORIS_18-12-2025/GSM-AO-L-ISO-10004-0001-A.pdf	000 Client Supplied/08 - Documents to Review CTR-08/2025-12-18-DORIS/Envío a DORIS_18-12-2025/GSM-AO-L-ISO-10004-0001-A.pdf
medium	lng-projects	doris-62092-sesa	pdf	.pdf	315516	/mnt/ace/doris/62092_sesa/999 Work Space/CTR-10/Client Supplied/GSM-AO-L-ISO-10004-0001-A.pdf	999 Work Space/CTR-10/Client Supplied/GSM-AO-L-ISO-10004-0001-A.pdf
medium	lng-projects	doris-62092-sesa	pdf	.pdf	304088	/mnt/ace/doris/62092_sesa/000 Client Supplied/01-Subsea Valves TBE/AT Válvulas Offshore/3) Oferentes/ATP SOLUTIONS/1.1. Dwg.OV2500361-1_R0.pdf	000 Client Supplied/01-Subsea Valves TBE/AT Válvulas Offshore/3) Oferentes/ATP SOLUTIONS/1.1. Dwg.OV2500361-1_R0.pdf
medium	lng-projects	doris-62092-sesa	pdf	.pdf	303550	/mnt/ace/doris/62092_sesa/000 Client Supplied/01-Subsea Valves TBE/AT Válvulas Offshore/3) Oferentes/ATP SOLUTIONS/1.2. Dwg.OV2500361-2_R0.pdf	000 Client Supplied/01-Subsea Valves TBE/AT Válvulas Offshore/3) Oferentes/ATP SOLUTIONS/1.2. Dwg.OV2500361-2_R0.pdf
medium	lng-projects	doris-62092-sesa	pdf	.pdf	300159	/mnt/ace/doris/62092_sesa/000 Client Supplied/01-Subsea Valves TBE/AT Válvulas Offshore/1) Diagramas P&ID/20/GSM-AO-P-PID-10050-0001-C.pdf	000 Client Supplied/01-Subsea Valves TBE/AT Válvulas Offshore/1) Diagramas P&ID/20/GSM-AO-P-PID-10050-0001-C.pdf
medium	lng-projects	doris-62092-sesa	pdf	.pdf	299644	/mnt/ace/doris/62092_sesa/002 Project Filing/100 Project Management/190 Project Records/Letters/DORIS Certificado Personal no Colombia.pdf	002 Project Filing/100 Project Management/190 Project Records/Letters/DORIS Certificado Personal no Colombia.pdf
medium	lng-projects	doris-62092-sesa	pdf	.pdf	291461	/mnt/ace/doris/62092_sesa/000 Client Supplied/01-Subsea Valves TBE/AT Válvulas Offshore/3) Oferentes/FLUITEK/FLUITEK/4. Certificate 6DSS-0011_20241203122116.pdf	000 Client Supplied/01-Subsea Valves TBE/AT Válvulas Offshore/3) Oferentes/FLUITEK/FLUITEK/4. Certificate 6DSS-0011_20241203122116.pdf
medium	lng-projects	doris-62092-sesa	pdf	.pdf	290992	/mnt/ace/doris/62092_sesa/000 Client Supplied/01-Subsea Valves TBE/AT Válvulas Offshore/3) Oferentes/ATP SOLUTIONS/6. Certificate 6DSS-0012.pdf	000 Client Supplied/01-Subsea Valves TBE/AT Válvulas Offshore/3) Oferentes/ATP SOLUTIONS/6. Certificate 6DSS-0012.pdf
medium	lng-projects	doris-62092-sesa	pdf	.pdf	290908	/mnt/ace/doris/62092_sesa/000 Client Supplied/01-Subsea Valves TBE/AT Válvulas Offshore/3) Oferentes/RMT VALVOMECCANICA/6. Certificate 6DSS-0030 (valid until Jan 2027).pdf	000 Client Supplied/01-Subsea Valves TBE/AT Válvulas Offshore/3) Oferentes/RMT VALVOMECCANICA/6. Certificate 6DSS-0030 (valid until Jan 2027).pdf
medium	lng-projects	doris-62092-sesa	pdf	.pdf	290340	/mnt/ace/doris/62092_sesa/000 Client Supplied/01-Subsea Valves TBE/AT Válvulas Offshore/3) Oferentes/PIETRO/6. Certificate 6DSS-0057_20230316123849.pdf	000 Client Supplied/01-Subsea Valves TBE/AT Válvulas Offshore/3) Oferentes/PIETRO/6. Certificate 6DSS-0057_20230316123849.pdf
medium	lng-projects	doris-62092-sesa	pdf	.pdf	290281	/mnt/ace/doris/62092_sesa/000 Client Supplied/01-Subsea Valves TBE/AT Válvulas Offshore/1) Diagramas P&ID/24/GSM-AO-P-PID-10051-0001-C.pdf	000 Client Supplied/01-Subsea Valves TBE/AT Válvulas Offshore/1) Diagramas P&ID/24/GSM-AO-P-PID-10051-0001-C.pdf
medium	lng-projects	doris-62092-sesa	pdf	.pdf	287602	/mnt/ace/doris/62092_sesa/000 Client Supplied/01-Subsea Valves TBE/AT Válvulas Offshore/3) Oferentes/ATP SOLUTIONS/1.4. Dwg.OV2500361-4_R0.pdf	000 Client Supplied/01-Subsea Valves TBE/AT Válvulas Offshore/3) Oferentes/ATP SOLUTIONS/1.4. Dwg.OV2500361-4_R0.pdf
medium	lng-projects	doris-62092-sesa	pdf	.pdf	287569	/mnt/ace/doris/62092_sesa/000 Client Supplied/08 - Documents to Review CTR-08/19-Dec-25/Pontón Deco I/DECO I - MATRICULA.pdf	000 Client Supplied/08 - Documents to Review CTR-08/19-Dec-25/Pontón Deco I/DECO I - MATRICULA.pdf
medium	lng-projects	doris-62092-sesa	tabular	.xlsx	280444	/mnt/ace/doris/62092_sesa/000 Client Supplied/03-Material Specs and DS/Fittings/GSM-AO-L-HDS-10017-0000 -B.xlsx	000 Client Supplied/03-Material Specs and DS/Fittings/GSM-AO-L-HDS-10017-0000 -B.xlsx
medium	lng-projects	doris-62092-sesa	tabular	.xlsx	280444	/mnt/ace/doris/62092_sesa/999 Work Space/CTR-05/GSM-AO-L-HDS-10017-0000 -B.xlsx	999 Work Space/CTR-05/GSM-AO-L-HDS-10017-0000 -B.xlsx
medium	lng-projects	doris-62092-sesa	pdf	.pdf	276837	/mnt/ace/doris/62092_sesa/000 Client Supplied/01-Subsea Valves TBE/AT Válvulas Offshore/3) Oferentes/ATP SOLUTIONS/2. HIT VALVE API6DSS Reference List October 2025.pdf	000 Client Supplied/01-Subsea Valves TBE/AT Válvulas Offshore/3) Oferentes/ATP SOLUTIONS/2. HIT VALVE API6DSS Reference List October 2025.pdf
medium	lng-projects	doris-62092-sesa	tabular	.xlsx	275214	/mnt/ace/doris/62092_sesa/000 Client Supplied/01-Subsea Valves TBE/AT Válvulas Offshore/3) Oferentes/RMT VALVOMECCANICA/2.1. RMT VM Reference List - GENERAL.xlsx	000 Client Supplied/01-Subsea Valves TBE/AT Válvulas Offshore/3) Oferentes/RMT VALVOMECCANICA/2.1. RMT VM Reference List - GENERAL.xlsx
medium	lng-projects	doris-62092-sesa	pdf	.pdf	264161	/mnt/ace/doris/62092_sesa/000 Client Supplied/03-Material Specs and DS/Fittings/CPY request Weld Support 2 dec 2025.pdf	000 Client Supplied/03-Material Specs and DS/Fittings/CPY request Weld Support 2 dec 2025.pdf
medium	lng-projects	doris-62092-sesa	pdf	.pdf	257533	/mnt/ace/doris/62092_sesa/000 Client Supplied/01-Subsea Valves TBE/AT Válvulas Offshore/3) Oferentes/ATP SOLUTIONS/1.3. Dwg.OV2500361-3_R0.pdf	000 Client Supplied/01-Subsea Valves TBE/AT Válvulas Offshore/3) Oferentes/ATP SOLUTIONS/1.3. Dwg.OV2500361-3_R0.pdf
medium	lng-projects	doris-62092-sesa	pdf	.pdf	233227	/mnt/ace/doris/62092_sesa/000 Client Supplied/08 - Documents to Review CTR-08/19-Dec-25/Pontón Deco I/DECO I_Arreglo General.02.pdf	000 Client Supplied/08 - Documents to Review CTR-08/19-Dec-25/Pontón Deco I/DECO I_Arreglo General.02.pdf
medium	lng-projects	doris-62092-sesa	pdf	.pdf	220214	/mnt/ace/doris/62092_sesa/000 Client Supplied/01-Subsea Valves TBE/AT Válvulas Offshore/3) Oferentes/RMT VALVOMECCANICA/7. Preliminary Production Schedule - RMT VM REF. 25-0714.pdf	000 Client Supplied/01-Subsea Valves TBE/AT Válvulas Offshore/3) Oferentes/RMT VALVOMECCANICA/7. Preliminary Production Schedule - RMT VM REF. 25-0714.pdf
medium	lng-projects	doris-62092-sesa	tabular	.xlsx	206319	/mnt/ace/doris/62092_sesa/000 Client Supplied/08 - Documents to Review CTR-08/2025-12-18-DORIS/Envío a DORIS_18-12-2025/GSM-AO-L-HDS-10021-0000-B.xlsx	000 Client Supplied/08 - Documents to Review CTR-08/2025-12-18-DORIS/Envío a DORIS_18-12-2025/GSM-AO-L-HDS-10021-0000-B.xlsx
medium	lng-projects	doris-62092-sesa	tabular	.xlsx	206319	/mnt/ace/doris/62092_sesa/999 Work Space/CTR-10/Client Supplied/GSM-AO-L-HDS-10021-0000-B.xlsx	999 Work Space/CTR-10/Client Supplied/GSM-AO-L-HDS-10021-0000-B.xlsx
medium	lng-projects	doris-62092-sesa	pdf	.pdf	198938	/mnt/ace/doris/62092_sesa/000 Client Supplied/01-Subsea Valves TBE/AT Válvulas Offshore/3) Oferentes/FLUITEK/FLUITEK/1. DATA SHEET - FLUITEK OFFER  1954-25 rev 2.pdf	000 Client Supplied/01-Subsea Valves TBE/AT Válvulas Offshore/3) Oferentes/FLUITEK/FLUITEK/1. DATA SHEET - FLUITEK OFFER  1954-25 rev 2.pdf
medium	lng-projects	doris-62092-sesa	pdf	.pdf	167204	/mnt/ace/doris/62092_sesa/000 Client Supplied/01-Subsea Valves TBE/AT Válvulas Offshore/3) Oferentes/ATP SOLUTIONS/1. Data Sheet Valves - ARG Drago Russo - ATP Solutions_FILLED.pdf	000 Client Supplied/01-Subsea Valves TBE/AT Válvulas Offshore/3) Oferentes/ATP SOLUTIONS/1. Data Sheet Valves - ARG Drago Russo - ATP Solutions_FILLED.pdf
medium	lng-projects	doris-62092-sesa	tabular	.xlsx	163068	/mnt/ace/doris/62092_sesa/000 Client Supplied/08 - Documents to Review CTR-08/2025-12-18-DORIS/Envío a DORIS_18-12-2025/GSM-AO-L-HDS-10020-0000-A.xlsx	000 Client Supplied/08 - Documents to Review CTR-08/2025-12-18-DORIS/Envío a DORIS_18-12-2025/GSM-AO-L-HDS-10020-0000-A.xlsx
medium	lng-projects	doris-62092-sesa	tabular	.xlsx	163068	/mnt/ace/doris/62092_sesa/999 Work Space/CTR-10/Client Supplied/GSM-AO-L-HDS-10020-0000-A.xlsx	999 Work Space/CTR-10/Client Supplied/GSM-AO-L-HDS-10020-0000-A.xlsx
medium	lng-projects	doris-62092-sesa	pdf	.pdf	162285	/mnt/ace/doris/62092_sesa/000 Client Supplied/01-Subsea Valves TBE/AT Válvulas Offshore/3) Oferentes/RMT VALVOMECCANICA/1. Data sheet.pdf	000 Client Supplied/01-Subsea Valves TBE/AT Válvulas Offshore/3) Oferentes/RMT VALVOMECCANICA/1. Data sheet.pdf
medium	lng-projects	doris-62092-sesa	pdf	.pdf	145173	/mnt/ace/doris/62092_sesa/000 Client Supplied/01-Subsea Valves TBE/AT Válvulas Offshore/3) Oferentes/PIETRO/1. Datasheet Preliminary.pdf	000 Client Supplied/01-Subsea Valves TBE/AT Válvulas Offshore/3) Oferentes/PIETRO/1. Datasheet Preliminary.pdf
medium	lng-projects	doris-62092-sesa	pdf	.pdf	140883	/mnt/ace/doris/62092_sesa/999 Work Space/CTR-01-Valves/FSosa/Subsea Valves/Pietro Valves/SSV_3_MFR_Datasheet.pdf	999 Work Space/CTR-01-Valves/FSosa/Subsea Valves/Pietro Valves/SSV_3_MFR_Datasheet.pdf
medium	lng-projects	doris-62092-sesa	document	.docx	134141	/mnt/ace/doris/62092_sesa/000 Client Supplied/01-Subsea Valves TBE/AT Válvulas Offshore/3) Oferentes/PIETRO/TIV Valves _ General T&C's.docx	000 Client Supplied/01-Subsea Valves TBE/AT Válvulas Offshore/3) Oferentes/PIETRO/TIV Valves _ General T&C's.docx
medium	lng-projects	doris-62092-sesa	document	.doc	133120	/mnt/ace/doris/62092_sesa/002 Project Filing/100 Project Management/190 Project Records/Minutes of Meeting/62092-190-MOM-20260107.doc	002 Project Filing/100 Project Management/190 Project Records/Minutes of Meeting/62092-190-MOM-20260107.doc
medium	lng-projects	doris-62092-sesa	pdf	.pdf	125727	/mnt/ace/doris/62092_sesa/002 Project Filing/100 Project Management/190 Project Records/Minutes of Meeting/62092-190-MOM-20260107.pdf	002 Project Filing/100 Project Management/190 Project Records/Minutes of Meeting/62092-190-MOM-20260107.pdf
medium	lng-projects	doris-62092-sesa	pdf	.pdf	123810	/mnt/ace/doris/62092_sesa/000 Client Supplied/01-Subsea Valves TBE/AT Válvulas Offshore/3) Oferentes/ATP SOLUTIONS/7. Preliminary manufacturing schedule.pdf	000 Client Supplied/01-Subsea Valves TBE/AT Válvulas Offshore/3) Oferentes/ATP SOLUTIONS/7. Preliminary manufacturing schedule.pdf
medium	lng-projects	doris-62092-sesa	pdf	.pdf	123615	/mnt/ace/doris/62092_sesa/000 Client Supplied/08 - Documents to Review CTR-08/19-Dec-25/Pontón Deco I/DECO I - CNSN.pdf	000 Client Supplied/08 - Documents to Review CTR-08/19-Dec-25/Pontón Deco I/DECO I - CNSN.pdf
medium	lng-projects	doris-62092-sesa	tabular	.xlsx	112419	/mnt/ace/doris/62092_sesa/999 Work Space/MDR/62092-200-MDR-0001.xlsx	999 Work Space/MDR/62092-200-MDR-0001.xlsx
medium	lng-projects	doris-62092-sesa	tabular	.xlsx	110489	/mnt/ace/doris/62092_sesa/999 Work Space/CTR-03-Free Span Calcs/Comentarios doc GSM-AO-L-MCA-10024-0000 FREE SPAN HILLI_respuestas de DORIS.xlsx	999 Work Space/CTR-03-Free Span Calcs/Comentarios doc GSM-AO-L-MCA-10024-0000 FREE SPAN HILLI_respuestas de DORIS.xlsx
medium	lng-projects	doris-62092-sesa	document	.doc	105984	/mnt/ace/doris/62092_sesa/002 Project Filing/100 Project Management/190 Project Records/Minutes of Meeting/62092-190-MOM-20251223.doc	002 Project Filing/100 Project Management/190 Project Records/Minutes of Meeting/62092-190-MOM-20251223.doc
medium	lng-projects	doris-62092-sesa	document	.doc	103936	/mnt/ace/doris/62092_sesa/002 Project Filing/100 Project Management/190 Project Records/Minutes of Meeting/62092-190-MOM-20251217.doc	002 Project Filing/100 Project Management/190 Project Records/Minutes of Meeting/62092-190-MOM-20251217.doc
medium	lng-projects	doris-62092-sesa	document	.doc	101376	/mnt/ace/doris/62092_sesa/002 Project Filing/100 Project Management/190 Project Records/Minutes of Meeting/62092-190-MOM-20251210.doc	002 Project Filing/100 Project Management/190 Project Records/Minutes of Meeting/62092-190-MOM-20251210.doc
medium	lng-projects	doris-62092-sesa	document	.doc	99840	/mnt/ace/doris/62092_sesa/002 Project Filing/100 Project Management/190 Project Records/Minutes of Meeting/63703-190-MOM-20251114_KOM.doc	002 Project Filing/100 Project Management/190 Project Records/Minutes of Meeting/63703-190-MOM-20251114_KOM.doc
medium	lng-projects	doris-62092-sesa	pdf	.pdf	95431	/mnt/ace/doris/62092_sesa/000 Client Supplied/01-Subsea Valves TBE/AT Válvulas Offshore/3) Oferentes/ATP SOLUTIONS/4. ITP-HB-1 API 6DSS QL1.pdf	000 Client Supplied/01-Subsea Valves TBE/AT Válvulas Offshore/3) Oferentes/ATP SOLUTIONS/4. ITP-HB-1 API 6DSS QL1.pdf
medium	lng-projects	doris-62092-sesa	document	.docx	95007	/mnt/ace/doris/62092_sesa/999 Work Space/cwhite/2025_11_06 Golar PAE - Operations Center requirements_Golar comments 18 Nov 2025.docx	999 Work Space/cwhite/2025_11_06 Golar PAE - Operations Center requirements_Golar comments 18 Nov 2025.docx
medium	lng-projects	doris-62092-sesa	pdf	.pdf	83215	/mnt/ace/doris/62092_sesa/000 Client Supplied/01-Subsea Valves TBE/AT Válvulas Offshore/3) Oferentes/FLUITEK/FLUITEK/5. BARCHART28 34 WEEKS.pdf	000 Client Supplied/01-Subsea Valves TBE/AT Válvulas Offshore/3) Oferentes/FLUITEK/FLUITEK/5. BARCHART28 34 WEEKS.pdf
medium	lng-projects	doris-62092-sesa	pdf	.pdf	83052	/mnt/ace/doris/62092_sesa/002 Project Filing/100 Project Management/190 Project Records/Minutes of Meeting/62092-190-MOM-20251210.pdf	002 Project Filing/100 Project Management/190 Project Records/Minutes of Meeting/62092-190-MOM-20251210.pdf
medium	lng-projects	doris-62092-sesa	tabular	.xlsx	79188	/mnt/ace/doris/62092_sesa/999 Work Space/CTR-01-Valves/62092-322-TBE-0001 Technical Bid Evaluation for Valves Rev A.xlsx	999 Work Space/CTR-01-Valves/62092-322-TBE-0001 Technical Bid Evaluation for Valves Rev A.xlsx
medium	lng-projects	doris-62092-sesa	tabular	.xlsx	62794	/mnt/ace/doris/62092_sesa/999 Work Space/CTR-01-Valves/62092-322-TBE-0001 Technical Bid Evaluation for Valves Rev A R2.xlsx	999 Work Space/CTR-01-Valves/62092-322-TBE-0001 Technical Bid Evaluation for Valves Rev A R2.xlsx
medium	lng-projects	doris-62092-sesa	tabular	.xlsx	60063	/mnt/ace/doris/62092_sesa/999 Work Space/CTR-01-Valves/62092-322-TBE-0001 Technical Bid Evaluation for Valves Rev A R2_AR.xlsx	999 Work Space/CTR-01-Valves/62092-322-TBE-0001 Technical Bid Evaluation for Valves Rev A R2_AR.xlsx
medium	lng-projects	doris-62092-sesa	pdf	.pdf	56456	/mnt/ace/doris/62092_sesa/002 Project Filing/100 Project Management/190 Project Records/Minutes of Meeting/62092-190-MOM-20251223.pdf	002 Project Filing/100 Project Management/190 Project Records/Minutes of Meeting/62092-190-MOM-20251223.pdf
medium	lng-projects	doris-62092-sesa	pdf	.pdf	55509	/mnt/ace/doris/62092_sesa/002 Project Filing/100 Project Management/190 Project Records/Minutes of Meeting/62092-190-MOM-20251217.pdf	002 Project Filing/100 Project Management/190 Project Records/Minutes of Meeting/62092-190-MOM-20251217.pdf
medium	lng-projects	doris-62092-sesa	tabular	.xlsx	53375	/mnt/ace/doris/62092_sesa/999 Work Space/Templates/62092-TRN-DOR-PAE-0001.xlsx	999 Work Space/Templates/62092-TRN-DOR-PAE-0001.xlsx
medium	lng-projects	doris-62092-sesa	tabular	.xlsx	53360	/mnt/ace/doris/62092_sesa/002 Project Filing/200 Shared Services/263 Doc Control/62092-TRN-DOR-PAE-0001.xlsx	002 Project Filing/200 Shared Services/263 Doc Control/62092-TRN-DOR-PAE-0001.xlsx
medium	lng-projects	doris-62092-sesa	tabular	.xlsx	53352	/mnt/ace/doris/62092_sesa/002 Project Filing/200 Shared Services/263 Doc Control/62092-TRN-DOR-PAE-0002.xlsx	002 Project Filing/200 Shared Services/263 Doc Control/62092-TRN-DOR-PAE-0002.xlsx
medium	lng-projects	doris-62092-sesa	document	.docx	37680	/mnt/ace/doris/62092_sesa/002 Project Filing/100 Project Management/190 Project Records/Organization Chart/Org chart.docx	002 Project Filing/100 Project Management/190 Project Records/Organization Chart/Org chart.docx
medium	lng-projects	doris-62092-sesa	tabular	.xlsx	36626	/mnt/ace/doris/62092_sesa/002 Project Filing/Deliverables/GSM-AO-C-ETC-10011-0000_B_CRS.xlsx	002 Project Filing/Deliverables/GSM-AO-C-ETC-10011-0000_B_CRS.xlsx
medium	lng-projects	doris-62092-sesa	tabular	.xlsx	36626	/mnt/ace/doris/62092_sesa/999 Work Space/CTR-08/Consolidated CRS - GSM-AO-C-ETC-10011-0000_B   GENERAL CONSTRUCTION SPECIFICATIONS 20260107.xlsx	999 Work Space/CTR-08/Consolidated CRS - GSM-AO-C-ETC-10011-0000_B   GENERAL CONSTRUCTION SPECIFICATIONS 20260107.xlsx
medium	lng-projects	doris-62092-sesa	tabular	.xlsx	36029	/mnt/ace/doris/62092_sesa/999 Work Space/JWhipple/CTR-08/Review Comments for GSM-AO-C-ETC-10011-0000_B   GENERAL CONSTRUCTION SPECIFICATIONS 20260105.xlsx	999 Work Space/JWhipple/CTR-08/Review Comments for GSM-AO-C-ETC-10011-0000_B   GENERAL CONSTRUCTION SPECIFICATIONS 20260105.xlsx
medium	lng-projects	doris-62092-sesa	tabular	.xlsx	32694	/mnt/ace/doris/62092_sesa/999 Work Space/CTR-01-Valves/FSosa/Subsea Valves/Pietro Valves/SSV_3_MFR_Datasheet.xlsx	999 Work Space/CTR-01-Valves/FSosa/Subsea Valves/Pietro Valves/SSV_3_MFR_Datasheet.xlsx
medium	lng-projects	doris-62092-sesa	tabular	.xlsx	32499	/mnt/ace/doris/62092_sesa/002 Project Filing/Deliverables/GSM-AO-C-CTD-10006-0001_A_CRS.xlsx	002 Project Filing/Deliverables/GSM-AO-C-CTD-10006-0001_A_CRS.xlsx
medium	lng-projects	doris-62092-sesa	tabular	.xlsx	32499	/mnt/ace/doris/62092_sesa/999 Work Space/CTR-08/Consolidated CRS - GSM-AO-C-CTD-10006-0001_A   Perfil Zanjado Tipicos de Zanja y Estabilizacion 20260108 JR_JW.xlsx	999 Work Space/CTR-08/Consolidated CRS - GSM-AO-C-CTD-10006-0001_A   Perfil Zanjado Tipicos de Zanja y Estabilizacion 20260108 JR_JW.xlsx
medium	lng-projects	doris-62092-sesa	tabular	.xlsx	32357	/mnt/ace/doris/62092_sesa/999 Work Space/CTR-08/Old/Consolidated CRS - GSM-AO-C-CTD-10006-0001_A   Perfil Zanjado Tipicos de Zanja y Estabilizacion 20260108 JW.xlsx	999 Work Space/CTR-08/Old/Consolidated CRS - GSM-AO-C-CTD-10006-0001_A   Perfil Zanjado Tipicos de Zanja y Estabilizacion 20260108 JW.xlsx
medium	lng-projects	doris-62092-sesa	tabular	.xlsx	32237	/mnt/ace/doris/62092_sesa/999 Work Space/CTR-10/Comments CRS - GSM-AO-L-MCA-10022-0000_A Stress and flexibility calc - HILLI 20260112_JW_FS.xlsx	999 Work Space/CTR-10/Comments CRS - GSM-AO-L-MCA-10022-0000_A Stress and flexibility calc - HILLI 20260112_JW_FS.xlsx
medium	lng-projects	doris-62092-sesa	tabular	.xlsx	32221	/mnt/ace/doris/62092_sesa/999 Work Space/CTR-08/Old/Review Comments for GSM-AO-C-ETC-10011-0000_B   GENERAL CONSTRUCTION SPECIFICATIONS 20260107.xlsx	999 Work Space/CTR-08/Old/Review Comments for GSM-AO-C-ETC-10011-0000_B   GENERAL CONSTRUCTION SPECIFICATIONS 20260107.xlsx
medium	lng-projects	doris-62092-sesa	tabular	.xlsx	32221	/mnt/ace/doris/62092_sesa/999 Work Space/JWhipple/CTR-08/Review Comments for GSM-AO-C-ETC-10011-0000_B   GENERAL CONSTRUCTION SPECIFICATIONS 20260107.xlsx	999 Work Space/JWhipple/CTR-08/Review Comments for GSM-AO-C-ETC-10011-0000_B   GENERAL CONSTRUCTION SPECIFICATIONS 20260107.xlsx
medium	lng-projects	doris-62092-sesa	tabular	.xlsx	32083	/mnt/ace/doris/62092_sesa/999 Work Space/JWhipple/CTR-09/Consolidated Comments CRS - GSM-AO-L-MCA-10022-0000_A Stress and flexibility calc - HILLI 20260112.xlsx	999 Work Space/JWhipple/CTR-09/Consolidated Comments CRS - GSM-AO-L-MCA-10022-0000_A Stress and flexibility calc - HILLI 20260112.xlsx
medium	lng-projects	doris-62092-sesa	tabular	.xlsx	32077	/mnt/ace/doris/62092_sesa/999 Work Space/CTR-09/Consolidated Comments CRS - GSM-AO-L-MCA-10022-0000_A Stress and flexibility calc - HILLI 20260112.xlsx	999 Work Space/CTR-09/Consolidated Comments CRS - GSM-AO-L-MCA-10022-0000_A Stress and flexibility calc - HILLI 20260112.xlsx
medium	lng-projects	doris-62092-sesa	tabular	.xlsx	30686	/mnt/ace/doris/62092_sesa/999 Work Space/CTR-08/Old/Consolidated CRS - GSM-AO-C-CTD-10006-0001_A   Perfil Zanjado Tipicos de Zanja y Estabilizacion 20260107.xlsx	999 Work Space/CTR-08/Old/Consolidated CRS - GSM-AO-C-CTD-10006-0001_A   Perfil Zanjado Tipicos de Zanja y Estabilizacion 20260107.xlsx
medium	lng-projects	doris-62092-sesa	tabular	.xlsx	28669	/mnt/ace/doris/62092_sesa/001 Transfer/Consolidated CRS - GSM-AO-L-ETC-10027-0000_A Technical Specification for Monolithic Isolation Joints 20260108.xlsx	001 Transfer/Consolidated CRS - GSM-AO-L-ETC-10027-0000_A Technical Specification for Monolithic Isolation Joints 20260108.xlsx
medium	lng-projects	doris-62092-sesa	tabular	.xlsx	28669	/mnt/ace/doris/62092_sesa/002 Project Filing/Deliverables/GSM-AO-L-ETC-10027-0000_A-A_CRS.xlsx	002 Project Filing/Deliverables/GSM-AO-L-ETC-10027-0000_A-A_CRS.xlsx
medium	lng-projects	doris-62092-sesa	tabular	.xlsx	28669	/mnt/ace/doris/62092_sesa/999 Work Space/CTR-09/Consolidated CRS - GSM-AO-L-ETC-10027-0000_A Technical Specification for Monolithic Isolation Joints 20260108.xlsx	999 Work Space/CTR-09/Consolidated CRS - GSM-AO-L-ETC-10027-0000_A Technical Specification for Monolithic Isolation Joints 20260108.xlsx
medium	lng-projects	doris-62092-sesa	tabular	.xlsx	28106	/mnt/ace/doris/62092_sesa/999 Work Space/JWhipple/CTR-03/Review Comments for GSM-AO-L-MCA-10025-0000_A Free Span Calculation MKII 20251205.xlsx	999 Work Space/JWhipple/CTR-03/Review Comments for GSM-AO-L-MCA-10025-0000_A Free Span Calculation MKII 20251205.xlsx
medium	lng-projects	doris-62092-sesa	tabular	.xlsx	28106	/mnt/ace/doris/62092_sesa/999 Work Space/cwhite/Review Comments for GSM-AO-L-MCA-10025-0000_A Free Span Calculation MKII 20251205.xlsx	999 Work Space/cwhite/Review Comments for GSM-AO-L-MCA-10025-0000_A Free Span Calculation MKII 20251205.xlsx
medium	lng-projects	doris-62092-sesa	tabular	.xlsx	28077	/mnt/ace/doris/62092_sesa/999 Work Space/JWhipple/CTR-03/Review Comments for GSM-AO-L-MCA-10024-0000_A Free Span Calculation HILLI 20251205.xlsx	999 Work Space/JWhipple/CTR-03/Review Comments for GSM-AO-L-MCA-10024-0000_A Free Span Calculation HILLI 20251205.xlsx
medium	lng-projects	doris-62092-sesa	tabular	.xlsx	28077	/mnt/ace/doris/62092_sesa/999 Work Space/cwhite/Review Comments for GSM-AO-L-MCA-10024-0000_A Free Span Calculation HILLI 20251205.xlsx	999 Work Space/cwhite/Review Comments for GSM-AO-L-MCA-10024-0000_A Free Span Calculation HILLI 20251205.xlsx
medium	lng-projects	doris-62092-sesa	tabular	.xlsx	27036	/mnt/ace/doris/62092_sesa/999 Work Space/CTR-05/Review Comments for GSM-AO-L-ETC-10037-0000_1 Technical Specification of Welded Fittings 20251212.xlsx	999 Work Space/CTR-05/Review Comments for GSM-AO-L-ETC-10037-0000_1 Technical Specification of Welded Fittings 20251212.xlsx
medium	lng-projects	doris-62092-sesa	tabular	.xlsx	27036	/mnt/ace/doris/62092_sesa/999 Work Space/JWhipple/CTR-05/Review Comments for GSM-AO-L-ETC-10037-0000_1 Technical Specification of Welded Fittings 20251212.xlsx	999 Work Space/JWhipple/CTR-05/Review Comments for GSM-AO-L-ETC-10037-0000_1 Technical Specification of Welded Fittings 20251212.xlsx
medium	lng-projects	doris-62092-sesa	tabular	.xlsx	25613	/mnt/ace/doris/62092_sesa/002 Project Filing/Deliverables/GSM-AO-Q-PRO-10066-0000_A_CRS.xlsx	002 Project Filing/Deliverables/GSM-AO-Q-PRO-10066-0000_A_CRS.xlsx
medium	lng-projects	doris-62092-sesa	tabular	.xlsx	25613	/mnt/ace/doris/62092_sesa/999 Work Space/CTR-08/Consolidated CRS - GSM-AO-Q-PRO-10066-0000_A Tapada Estudio de Sedimentación 20260105.xlsx	999 Work Space/CTR-08/Consolidated CRS - GSM-AO-Q-PRO-10066-0000_A Tapada Estudio de Sedimentación 20260105.xlsx
medium	lng-projects	doris-62092-sesa	tabular	.xlsx	25462	/mnt/ace/doris/62092_sesa/002 Project Filing/Deliverables/GSM-AO-L-HDS-10020-0000-A_CRS.xlsx	002 Project Filing/Deliverables/GSM-AO-L-HDS-10020-0000-A_CRS.xlsx
medium	lng-projects	doris-62092-sesa	tabular	.xlsx	25462	/mnt/ace/doris/62092_sesa/999 Work Space/CTR-09/Consolidated CRS - GSM-AO-L-HDS-10020-0000_A MIJ Data Sheets 20260108.xlsx	999 Work Space/CTR-09/Consolidated CRS - GSM-AO-L-HDS-10020-0000_A MIJ Data Sheets 20260108.xlsx
medium	lng-projects	doris-62092-sesa	tabular	.xlsx	23799	/mnt/ace/doris/62092_sesa/999 Work Space/CTR-09/Consolidated Comments CRS - GSM-AO-M-MCA-10020-0000_A Pull Load 20260113.xlsx	999 Work Space/CTR-09/Consolidated Comments CRS - GSM-AO-M-MCA-10020-0000_A Pull Load 20260113.xlsx
medium	lng-projects	doris-62092-sesa	tabular	.xlsx	23799	/mnt/ace/doris/62092_sesa/999 Work Space/JWhipple/CTR-09/Consolidated Comments CRS - GSM-AO-M-MCA-10020-0000_A Pull Load 20260113.xlsx	999 Work Space/JWhipple/CTR-09/Consolidated Comments CRS - GSM-AO-M-MCA-10020-0000_A Pull Load 20260113.xlsx
medium	lng-projects	doris-62092-sesa	tabular	.xlsx	23509	/mnt/ace/doris/62092_sesa/999 Work Space/CTR-04/Review Comments for GSM-AO-L-ETC-10036-0000_0 Technical Specification of Flanges 20251209.xlsx	999 Work Space/CTR-04/Review Comments for GSM-AO-L-ETC-10036-0000_0 Technical Specification of Flanges 20251209.xlsx
medium	lng-projects	doris-62092-sesa	tabular	.xlsx	23509	/mnt/ace/doris/62092_sesa/999 Work Space/JWhipple/CTR-04/Review Comments for GSM-AO-L-ETC-10036-0000_0 Technical Specification of Flanges 20251209.xlsx	999 Work Space/JWhipple/CTR-04/Review Comments for GSM-AO-L-ETC-10036-0000_0 Technical Specification of Flanges 20251209.xlsx
medium	lng-projects	doris-62092-sesa	tabular	.xlsx	23467	/mnt/ace/doris/62092_sesa/999 Work Space/JWhipple/CTR-08/Review Comments for GSM-AO-Q-PRO-10066-0000_A Tapada Estudio de Sedimentación 20260105.xlsx	999 Work Space/JWhipple/CTR-08/Review Comments for GSM-AO-Q-PRO-10066-0000_A Tapada Estudio de Sedimentación 20260105.xlsx
medium	lng-projects	doris-62092-sesa	tabular	.xlsx	23403	/mnt/ace/doris/62092_sesa/999 Work Space/JWhipple/CTR-09/Review Comments CRS - GSM-AO-C-ITE-10011-0000_A Definición de estabilización de la zanja HILLI 20260108 JW.xlsx	999 Work Space/JWhipple/CTR-09/Review Comments CRS - GSM-AO-C-ITE-10011-0000_A Definición de estabilización de la zanja HILLI 20260108 JW.xlsx
medium	lng-projects	doris-62092-sesa	tabular	.xlsx	22886	/mnt/ace/doris/62092_sesa/999 Work Space/CTR-03-Free Span Calcs/Review Comments for GSM-AO-L-MCA-10025-0000_A Free Span Calculation MKII.xlsx	999 Work Space/CTR-03-Free Span Calcs/Review Comments for GSM-AO-L-MCA-10025-0000_A Free Span Calculation MKII.xlsx
medium	lng-projects	doris-62092-sesa	tabular	.xlsx	22863	/mnt/ace/doris/62092_sesa/999 Work Space/CTR-03-Free Span Calcs/Review Comments for GSM-AO-L-MCA-10024-0000_A Free Span Calculation HILLI.xlsx	999 Work Space/CTR-03-Free Span Calcs/Review Comments for GSM-AO-L-MCA-10024-0000_A Free Span Calculation HILLI.xlsx
medium	lng-projects	doris-62092-sesa	tabular	.xlsx	22764	/mnt/ace/doris/62092_sesa/002 Project Filing/Deliverables/GSM-AO-C-ITE-10011-0000-A_CRS.xlsx	002 Project Filing/Deliverables/GSM-AO-C-ITE-10011-0000-A_CRS.xlsx
medium	lng-projects	doris-62092-sesa	tabular	.xlsx	22764	/mnt/ace/doris/62092_sesa/999 Work Space/CTR-09/Consolidated Comments CRS - GSM-AO-C-ITE-10011-0000_A Definición de estabilización de la zanja HILLI 20260108.xlsx	999 Work Space/CTR-09/Consolidated Comments CRS - GSM-AO-C-ITE-10011-0000_A Definición de estabilización de la zanja HILLI 20260108.xlsx
medium	lng-projects	doris-62092-sesa	tabular	.xlsx	22718	/mnt/ace/doris/62092_sesa/999 Work Space/JWhipple/CTR-03/Review Comments for GSM-AO-L-MCA-10025-0000_A Free Span Calculation MKII.xlsx	999 Work Space/JWhipple/CTR-03/Review Comments for GSM-AO-L-MCA-10025-0000_A Free Span Calculation MKII.xlsx
medium	lng-projects	doris-62092-sesa	tabular	.xlsx	22709	/mnt/ace/doris/62092_sesa/999 Work Space/JWhipple/CTR-03/Review Comments for GSM-AO-L-MCA-10024-0000_A Free Span Calculation HILLI.xlsx	999 Work Space/JWhipple/CTR-03/Review Comments for GSM-AO-L-MCA-10024-0000_A Free Span Calculation HILLI.xlsx
medium	lng-projects	doris-62092-sesa	tabular	.xlsx	21817	/mnt/ace/doris/62092_sesa/999 Work Space/CTR-04/Review Comments for GSM-AO-L-HDS-10016-0000_B Flange Data Sheets 20251209.xlsx	999 Work Space/CTR-04/Review Comments for GSM-AO-L-HDS-10016-0000_B Flange Data Sheets 20251209.xlsx
medium	lng-projects	doris-62092-sesa	tabular	.xlsx	21817	/mnt/ace/doris/62092_sesa/999 Work Space/JWhipple/CTR-04/Review Comments for GSM-AO-L-HDS-10016-0000_B Flange Data Sheets 20251209.xlsx	999 Work Space/JWhipple/CTR-04/Review Comments for GSM-AO-L-HDS-10016-0000_B Flange Data Sheets 20251209.xlsx
medium	lng-projects	doris-62092-sesa	tabular	.xlsx	21306	/mnt/ace/doris/62092_sesa/999 Work Space/CTR-05/Review Comments for GSM-AO-L-HDS-10017-0000_B  Welded Fittings Data Sheets 20251212.xlsx	999 Work Space/CTR-05/Review Comments for GSM-AO-L-HDS-10017-0000_B  Welded Fittings Data Sheets 20251212.xlsx
medium	lng-projects	doris-62092-sesa	tabular	.xlsx	21290	/mnt/ace/doris/62092_sesa/999 Work Space/JWhipple/CTR-05/Review Comments for GSM-AO-L-HDS-10017-0000_B  Welded Fittings Data Sheets 20251212.xlsx	999 Work Space/JWhipple/CTR-05/Review Comments for GSM-AO-L-HDS-10017-0000_B  Welded Fittings Data Sheets 20251212.xlsx
medium	lng-projects	doris-62092-sesa	tabular	.xlsx	20602	/mnt/ace/doris/62092_sesa/999 Work Space/cwhite/Review Comments for Draft San Antonio Este – Logistics Base Description 20251212.xlsx	999 Work Space/cwhite/Review Comments for Draft San Antonio Este – Logistics Base Description 20251212.xlsx
medium	lng-projects	doris-62092-sesa	tabular	.xlsx	20404	/mnt/ace/doris/62092_sesa/999 Work Space/cwhite/Review Comments for Draft San Antonio Este – Logistics Base Description 20251216.xlsx	999 Work Space/cwhite/Review Comments for Draft San Antonio Este – Logistics Base Description 20251216.xlsx
medium	lng-projects	doris-62092-sesa	document	.docx	18995	/mnt/ace/doris/62092_sesa/999 Work Space/CTR-01-Valves/FSosa/Subsea Valves/SESA Questions.docx	999 Work Space/CTR-01-Valves/FSosa/Subsea Valves/SESA Questions.docx
medium	lng-projects	doris-62092-sesa	tabular	.xlsx	15364	/mnt/ace/doris/62092_sesa/999 Work Space/CTR-01-Valves/FSosa/Subsea Valves/Pietro Valves/SSV_3_MFR_Datasheet 1 and 2.xlsx	999 Work Space/CTR-01-Valves/FSosa/Subsea Valves/Pietro Valves/SSV_3_MFR_Datasheet 1 and 2.xlsx
medium	lng-projects	doris-62092-sesa	tabular	.xlsx	15176	/mnt/ace/doris/62092_sesa/000 Client Supplied/08 - Documents to Review CTR-08/2025-12-18-DORIS/Envío a DORIS_18-12-2025.xlsx	000 Client Supplied/08 - Documents to Review CTR-08/2025-12-18-DORIS/Envío a DORIS_18-12-2025.xlsx
medium	lng-projects	doris-62092-sesa	tabular	.xlsx	13102	/mnt/ace/doris/62092_sesa/999 Work Space/JWhipple/Copy of Listado de Documentos Doris rev 1.xlsx	999 Work Space/JWhipple/Copy of Listado de Documentos Doris rev 1.xlsx
medium	lng-projects	doris-62092-sesa	tabular	.xlsx	13097	/mnt/ace/doris/62092_sesa/000 Client Supplied/08 - Documents to Review CTR-08/Listado de Documentos Doris rev 1.xlsx	000 Client Supplied/08 - Documents to Review CTR-08/Listado de Documentos Doris rev 1.xlsx
medium	lng-projects	doris-62092-sesa	text	.md	8325	/mnt/ace/doris/62092_sesa/999 Work Space/CTR-09/Client Supplied/HILLI_Pipeline_Design_Data.md	999 Work Space/CTR-09/Client Supplied/HILLI_Pipeline_Design_Data.md
medium	lng-projects	doris-62092-sesa	tabular	.xlsx	165	/mnt/ace/doris/62092_sesa/000 Client Supplied/08 - Documents to Review CTR-08/2026-01-06/~$GSM-AO-M-MCA-10020-0000-A.xlsx	000 Client Supplied/08 - Documents to Review CTR-08/2026-01-06/~$GSM-AO-M-MCA-10020-0000-A.xlsx
medium	lng-projects	doris-62092-sesa	tabular	.xlsx	165	/mnt/ace/doris/62092_sesa/001 Transfer/~$Consolidated CRS - GSM-AO-L-ETC-10027-0000_A Technical Specification for Monolithic Isolation Joints 20260108.xlsx	001 Transfer/~$Consolidated CRS - GSM-AO-L-ETC-10027-0000_A Technical Specification for Monolithic Isolation Joints 20260108.xlsx
medium	lng-projects	doris-62092-sesa	tabular	.xlsx	165	/mnt/ace/doris/62092_sesa/999 Work Space/CTR-09/~$Consolidated Comments CRS - GSM-AO-M-MCA-10020-0000_A Pull Load 20260113.xlsx	999 Work Space/CTR-09/~$Consolidated Comments CRS - GSM-AO-M-MCA-10020-0000_A Pull Load 20260113.xlsx
medium	lng-projects	doris-62092-sesa	document	.docx	162	/mnt/ace/doris/62092_sesa/999 Work Space/CTR-01-Valves/~$092-500-TCN-0001 Subsea Valves TBE Technical Note Rev A.docx	999 Work Space/CTR-01-Valves/~$092-500-TCN-0001 Subsea Valves TBE Technical Note Rev A.docx
medium	lng-projects	doris-62092-sesa	document	.docx	162	/mnt/ace/doris/62092_sesa/999 Work Space/CTR-05/~$M-AO-L-ETC-10037-0000-1.docx	999 Work Space/CTR-05/~$M-AO-L-ETC-10037-0000-1.docx
medium	lng-projects	doris-62092-sesa	document	.docx	162	/mnt/ace/doris/62092_sesa/999 Work Space/CTR-09/Client Supplied/~$M-AO-L-ETC-10029-0000-A.docx	999 Work Space/CTR-09/Client Supplied/~$M-AO-L-ETC-10029-0000-A.docx
medium	lng-projects	doris-62092-sesa	document	.docx	162	/mnt/ace/doris/62092_sesa/999 Work Space/CTR-09/Client Supplied/~$M-AO-Q-PRO-10059-0000-A.docx	999 Work Space/CTR-09/Client Supplied/~$M-AO-Q-PRO-10059-0000-A.docx
medium	engineering	doris-university	presentation	.pptx	89417802	/mnt/ace/doris/training/ENI Training/03_ITSS_Subsea_Overview - Felipe.pptx	ENI Training/03_ITSS_Subsea_Overview - Felipe.pptx
medium	engineering	doris-university	presentation	.ppt	66331648	/mnt/ace/doris/training/DE Presentations/SONANGOL Training/Day_2/SONANGOL_Training_RISER_Rev01.ppt	DE Presentations/SONANGOL Training/Day_2/SONANGOL_Training_RISER_Rev01.ppt
medium	engineering	doris-university	presentation	.pptx	66153255	/mnt/ace/doris/training/Stat Presentations/Day 4 AM - IMR (1).pptx	Stat Presentations/Day 4 AM - IMR (1).pptx
medium	engineering	doris-university	presentation	.pptx	64476163	/mnt/ace/doris/training/ENI Training/06a_ITSS_ Introduction_Control_Systems - Felipe.pptx	ENI Training/06a_ITSS_ Introduction_Control_Systems - Felipe.pptx
medium	engineering	doris-university	presentation	.ppt	63481344	/mnt/ace/doris/training/draft presentations/Operator Training/Azurite subsea operator training.ppt	draft presentations/Operator Training/Azurite subsea operator training.ppt
medium	engineering	doris-university	presentation	.ppt	63066624	/mnt/ace/doris/training/FieldLayout/Others/FieldLayout_20101027.ppt	FieldLayout/Others/FieldLayout_20101027.ppt
medium	engineering	doris-university	presentation	.ppt	63066624	/mnt/ace/doris/training/draft presentations/FieldLayout/Others/FieldLayout_20101027.ppt	draft presentations/FieldLayout/Others/FieldLayout_20101027.ppt
medium	engineering	doris-university	presentation	.ppt	59658752	/mnt/ace/doris/training/draft presentations/FieldLayout/FieldLayout_20101109.ppt	draft presentations/FieldLayout/FieldLayout_20101109.ppt
medium	engineering	doris-university	presentation	.pptx	56437591	/mnt/ace/doris/training/ENI Training/05_ITSS_Subsea_Field_Planning.pptx	ENI Training/05_ITSS_Subsea_Field_Planning.pptx
medium	engineering	doris-university	presentation	.ppt	51151872	/mnt/ace/doris/training/DE Presentations/SONANGOL Training/Day_2/SONANGOL_Training _INSTALL_Rev01.ppt	DE Presentations/SONANGOL Training/Day_2/SONANGOL_Training _INSTALL_Rev01.ppt
medium	engineering	doris-university	presentation	.pptx	49212127	/mnt/ace/doris/training/Stat Presentations/2. Day 1am - Architecture and Equipment (1).pptx	Stat Presentations/2. Day 1am - Architecture and Equipment (1).pptx
medium	engineering	doris-university	pdf	.pdf	46814271	/mnt/ace/doris/training/1.01 - Subsea Production Control Systems - System Overview and Major Components/References/Subsea Engineering Handbook (2010).pdf	1.01 - Subsea Production Control Systems - System Overview and Major Components/References/Subsea Engineering Handbook (2010).pdf
medium	engineering	doris-university	presentation	.pptx	45733861	/mnt/ace/doris/training/Stat Presentations/6. Day 3 pm - Operations from Production Platform (1).pptx	Stat Presentations/6. Day 3 pm - Operations from Production Platform (1).pptx
medium	engineering	doris-university	presentation	.pptx	44418399	/mnt/ace/doris/training/ENI Training/03_ITSS_Subsea_Overview.pptx	ENI Training/03_ITSS_Subsea_Overview.pptx
medium	engineering	doris-university	presentation	.pptx	42864740	/mnt/ace/doris/training/DE Presentations/SONANGOL Training/Day_2/DORIS_Topsides.pptx	DE Presentations/SONANGOL Training/Day_2/DORIS_Topsides.pptx
medium	engineering	doris-university	presentation	.ppt	40821248	/mnt/ace/doris/training/Stat Presentations/5. Day 3 am  - Pipeline and riser.ppt	Stat Presentations/5. Day 3 am  - Pipeline and riser.ppt
medium	engineering	doris-university	presentation	.ppt	40798208	/mnt/ace/doris/training/DE Presentations/SONANGOL Training/Day_1/SONANGOL_Training_SPS-Umbilical_Rev01.ppt	DE Presentations/SONANGOL Training/Day_1/SONANGOL_Training_SPS-Umbilical_Rev01.ppt
medium	engineering	doris-university	presentation	.pptx	39263598	/mnt/ace/doris/training/Stat Presentations/8. Day 5 - Inspection  Maintenance and Repair (1).pptx	Stat Presentations/8. Day 5 - Inspection  Maintenance and Repair (1).pptx
medium	engineering	doris-university	presentation	.pptx	39059055	/mnt/ace/doris/training/Stat Presentations/Day 3 PM - Riser, spools, umbilicals, XT (1).pptx	Stat Presentations/Day 3 PM - Riser, spools, umbilicals, XT (1).pptx
medium	engineering	doris-university	pdf	.pdf	38129029	/mnt/ace/doris/training/1.03 - Installation and Workover Control Systems - System and Major Component Overview/References/API 17G (2011) - Recommended Practice for Completion and Workover Systems.pdf	1.03 - Installation and Workover Control Systems - System and Major Component Overview/References/API 17G (2011) - Recommended Practice for Completion and Workover Systems.pdf
medium	engineering	doris-university	pdf	.pdf	38029902	/mnt/ace/doris/training/1.03 - Installation and Workover Control Systems - System and Major Component Overview/References/API 17A (2011) - Design and Operation of Subsea Production Systems - General Requirements and Recommendations.pdf	1.03 - Installation and Workover Control Systems - System and Major Component Overview/References/API 17A (2011) - Design and Operation of Subsea Production Systems - General Requirements and Recommendations.pdf
medium	engineering	doris-university	pdf	.pdf	37429912	/mnt/ace/doris/training/1.03 - Installation and Workover Control Systems - System and Major Component Overview/References/API 17D (2013) - Design and Operation of Subsea Production Systems - Subsea Wellhead and Tree Equipment.pdf	1.03 - Installation and Workover Control Systems - System and Major Component Overview/References/API 17D (2013) - Design and Operation of Subsea Production Systems - Subsea Wellhead and Tree Equipment.pdf
medium	engineering	doris-university	presentation	.pptx	36162137	/mnt/ace/doris/training/ENI Training/06b_ITSS_Subsea Distribution.pptx	ENI Training/06b_ITSS_Subsea Distribution.pptx
medium	engineering	doris-university	presentation	.pptx	35958500	/mnt/ace/doris/training/Stat Presentations/IFP-24June2015AM-1 Construction & Installation - Shore approach (1).pptx	Stat Presentations/IFP-24June2015AM-1 Construction & Installation - Shore approach (1).pptx
medium	engineering	doris-university	presentation	.pptx	35224275	/mnt/ace/doris/training/Stat Presentations/6 Shore approach (1).pptx	Stat Presentations/6 Shore approach (1).pptx
medium	engineering	doris-university	presentation	.ppt	35172864	/mnt/ace/doris/training/Stat Presentations/7. Day 4 - Contruction and Intervention (1).ppt	Stat Presentations/7. Day 4 - Contruction and Intervention (1).ppt
medium	engineering	doris-university	presentation	.ppt	35152896	/mnt/ace/doris/training/DE Presentations/SONANGOL Training/Day_1/DORIS_Training_DORIS_rev00.ppt	DE Presentations/SONANGOL Training/Day_1/DORIS_Training_DORIS_rev00.ppt
medium	engineering	doris-university	presentation	.ppt	34106368	/mnt/ace/doris/training/FieldLayout/FieldLayout_20101109.ppt	FieldLayout/FieldLayout_20101109.ppt
medium	engineering	doris-university	presentation	.pptx	33821993	/mnt/ace/doris/training/ENI Training/04_ITSS_Well_Control - Felipe.pptx	ENI Training/04_ITSS_Well_Control - Felipe.pptx
medium	engineering	doris-university	pdf	.pdf	33143390	/mnt/ace/doris/training/1.03 - Installation and Workover Control Systems - System and Major Component Overview/References/API 16D (2005) - Specification for Control Systems for Drilling Well Control Equipment.pdf	1.03 - Installation and Workover Control Systems - System and Major Component Overview/References/API 16D (2005) - Specification for Control Systems for Drilling Well Control Equipment.pdf
medium	engineering	doris-university	presentation	.pptx	31848846	/mnt/ace/doris/training/Stat Presentations/4. Day 2pm - New Technologies (1).pptx	Stat Presentations/4. Day 2pm - New Technologies (1).pptx
medium	engineering	doris-university	presentation	.pptx	31150730	/mnt/ace/doris/training/Stat Presentations/IFP-22June2015PM-2-DESIGN - MATERIAL SELECTION (1).pptx	Stat Presentations/IFP-22June2015PM-2-DESIGN - MATERIAL SELECTION (1).pptx
medium	engineering	doris-university	presentation	.pptx	30853097	/mnt/ace/doris/training/Stat Presentations/IFP-25June2015AM-1&2 Integrity - Maintenance - Repair (1).pptx	Stat Presentations/IFP-25June2015AM-1&2 Integrity - Maintenance - Repair (1).pptx
medium	engineering	doris-university	presentation	.pptx	30360653	/mnt/ace/doris/training/DE Presentations/SONANGOL Training/Day_1/DORIS Presentation.pptx	DE Presentations/SONANGOL Training/Day_1/DORIS Presentation.pptx
medium	engineering	doris-university	presentation	.pptx	30165683	/mnt/ace/doris/training/Stat Presentations/2 Offshore Pipelines (1).pptx	Stat Presentations/2 Offshore Pipelines (1).pptx
medium	engineering	doris-university	pdf	.pdf	30071330	/mnt/ace/doris/training/1.02 - Subsea Umbilical Systems - System Overview and Major Components/References/BS EN ISO 13628-5 - Design and Operation of Subsea Production Systems - Subsea Umbilicals.pdf	1.02 - Subsea Umbilical Systems - System Overview and Major Components/References/BS EN ISO 13628-5 - Design and Operation of Subsea Production Systems - Subsea Umbilicals.pdf
medium	engineering	doris-university	pdf	.pdf	30048614	/mnt/ace/doris/training/1.02 - Subsea Umbilical Systems - System Overview and Major Components/References/API 17E - Specification for Subsea Umbilicals.pdf	1.02 - Subsea Umbilical Systems - System Overview and Major Components/References/API 17E - Specification for Subsea Umbilicals.pdf
medium	engineering	doris-university	pdf	.pdf	30048614	/mnt/ace/doris/training/1.03 - Installation and Workover Control Systems - System and Major Component Overview/References/API 17E (2011) - Specification for Subsea Umbilicals.pdf	1.03 - Installation and Workover Control Systems - System and Major Component Overview/References/API 17E (2011) - Specification for Subsea Umbilicals.pdf
medium	engineering	doris-university	presentation	.ppt	29619712	/mnt/ace/doris/training/DE Presentations/SONANGOL Training/Day_1/SONANGOL_Training_ANGOLA_Rev01.ppt	DE Presentations/SONANGOL Training/Day_1/SONANGOL_Training_ANGOLA_Rev01.ppt
medium	engineering	doris-university	pdf	.pdf	28559059	/mnt/ace/doris/training/DE Presentations/ENI Training/Operation manual.pdf	DE Presentations/ENI Training/Operation manual.pdf
medium	engineering	doris-university	presentation	.pptx	26661762	/mnt/ace/doris/training/Stat Presentations/DAY 2 PM - STAT MARINE - Topsides Design, Fab, loadout, T&I, Hook-Up.pptx	Stat Presentations/DAY 2 PM - STAT MARINE - Topsides Design, Fab, loadout, T&I, Hook-Up.pptx
medium	engineering	doris-university	presentation	.pptx	24572530	/mnt/ace/doris/training/Stat Presentations/IFP-22June2015PM-1-DESIGN ENGINEERING (1).pptx	Stat Presentations/IFP-22June2015PM-1-DESIGN ENGINEERING (1).pptx
medium	engineering	doris-university	pdf	.pdf	23731057	/mnt/ace/doris/training/1.02 - Subsea Umbilical Systems - System Overview and Major Components/References/IEC 60502-2 - Power Cables and Extruded Insulation and Their Accessories for Rated Voltages.pdf	1.02 - Subsea Umbilical Systems - System Overview and Major Components/References/IEC 60502-2 - Power Cables and Extruded Insulation and Their Accessories for Rated Voltages.pdf
medium	engineering	doris-university	presentation	.ppt	23312384	/mnt/ace/doris/training/draft presentations/FreeSpan/FreeSpan_20101019.ppt	draft presentations/FreeSpan/FreeSpan_20101019.ppt
medium	engineering	doris-university	presentation	.ppt	23308800	/mnt/ace/doris/training/FreeSpan/FreeSpan_20101019.ppt	FreeSpan/FreeSpan_20101019.ppt
medium	engineering	doris-university	presentation	.pptx	23277420	/mnt/ace/doris/training/Stat Presentations/9 IMR (1).pptx	Stat Presentations/9 IMR (1).pptx
medium	engineering	doris-university	presentation	.ppt	22609920	/mnt/ace/doris/training/Flexible Pipe/Introduction to Flexible Pipe.ppt	Flexible Pipe/Introduction to Flexible Pipe.ppt
medium	engineering	doris-university	presentation	.ppt	22609920	/mnt/ace/doris/training/draft presentations/Flexible Pipe/Introduction to Flexible Pipe.ppt	draft presentations/Flexible Pipe/Introduction to Flexible Pipe.ppt
medium	engineering	doris-university	presentation	.pptx	22180568	/mnt/ace/doris/training/Stat Presentations/IFP-24June2015PM-2 PRECOMMISSIONING (1).pptx	Stat Presentations/IFP-24June2015PM-2 PRECOMMISSIONING (1).pptx
medium	engineering	doris-university	presentation	.pptx	21956256	/mnt/ace/doris/training/Stat Presentations/3. Day 1pm-Day 2am - Operational challenges (1).pptx	Stat Presentations/3. Day 1pm-Day 2am - Operational challenges (1).pptx
medium	engineering	doris-university	pdf	.pdf	20566305	/mnt/ace/doris/training/1.03 - Installation and Workover Control Systems - System and Major Component Overview/References/FMC Installation - EVDT.pdf	1.03 - Installation and Workover Control Systems - System and Major Component Overview/References/FMC Installation - EVDT.pdf
medium	engineering	doris-university	presentation	.ppt	20018176	/mnt/ace/doris/training/DE Presentations/SONANGOL Training/Day_3/DORIS_Example_Basic.ppt	DE Presentations/SONANGOL Training/Day_3/DORIS_Example_Basic.ppt
medium	engineering	doris-university	presentation	.pptx	19516944	/mnt/ace/doris/training/Stat Presentations/5 Risers (1).pptx	Stat Presentations/5 Risers (1).pptx
medium	engineering	doris-university	presentation	.ppt	17483264	/mnt/ace/doris/training/DE Presentations/SONANGOL Training/Day_2/DORIS_Support_platform_rev_1.ppt	DE Presentations/SONANGOL Training/Day_2/DORIS_Support_platform_rev_1.ppt
medium	engineering	doris-university	presentation	.pptx	17157747	/mnt/ace/doris/training/Stat Presentations/IFP-26June2015AM2 - PIPELINE DEPOSITS (1).pptx	Stat Presentations/IFP-26June2015AM2 - PIPELINE DEPOSITS (1).pptx
medium	engineering	doris-university	presentation	.pptx	17098976	/mnt/ace/doris/training/ENI Training/07_ITSS_Subsea_Production_Control_Systems.pptx	ENI Training/07_ITSS_Subsea_Production_Control_Systems.pptx
medium	engineering	doris-university	presentation	.ppt	17039360	/mnt/ace/doris/training/DE Presentations/SONANGOL Training/Day_2/DORIS_Support_platform.ppt	DE Presentations/SONANGOL Training/Day_2/DORIS_Support_platform.ppt
medium	engineering	doris-university	presentation	.pptx	16938384	/mnt/ace/doris/training/Stat Presentations/DAY 2 AM - STAT MARINE - Jacket Design, Fab, loadout, T&I, Piling-final.pptx	Stat Presentations/DAY 2 AM - STAT MARINE - Jacket Design, Fab, loadout, T&I, Piling-final.pptx
medium	engineering	doris-university	presentation	.pptx	16923890	/mnt/ace/doris/training/1.00 - Subsea Production Systems - General Overview/Old Versions/Subsea Production Systems - Part 1, Introduction (V1.1).pptx	1.00 - Subsea Production Systems - General Overview/Old Versions/Subsea Production Systems - Part 1, Introduction (V1.1).pptx
medium	engineering	doris-university	presentation	.pptx	16923787	/mnt/ace/doris/training/1.00 - Subsea Production Systems - General Overview/Subsea Production Systems - Part 1, Introduction (V1.2).pptx	1.00 - Subsea Production Systems - General Overview/Subsea Production Systems - Part 1, Introduction (V1.2).pptx
medium	engineering	doris-university	pdf	.pdf	16902994	/mnt/ace/doris/training/1.02 - Subsea Umbilical Systems - System Overview and Major Components/References/API 17I - Installation Guidelines for Subsea Umbilicals.pdf	1.02 - Subsea Umbilical Systems - System Overview and Major Components/References/API 17I - Installation Guidelines for Subsea Umbilicals.pdf
medium	engineering	doris-university	presentation	.pptx	16788394	/mnt/ace/doris/training/1.00 - Subsea Production Systems - General Overview/Old Versions/Subsea Production Systems - Part 1, Introduction (V1.0).pptx	1.00 - Subsea Production Systems - General Overview/Old Versions/Subsea Production Systems - Part 1, Introduction (V1.0).pptx
medium	engineering	doris-university	presentation	.pptx	16630852	/mnt/ace/doris/training/draft presentations/Process Engineering/Compressor Presentation.pptx	draft presentations/Process Engineering/Compressor Presentation.pptx
medium	engineering	doris-university	presentation	.ppt	16418304	/mnt/ace/doris/training/Rigid Jumper/Introduction to Rigid Jumper Installation.ppt	Rigid Jumper/Introduction to Rigid Jumper Installation.ppt
medium	engineering	doris-university	presentation	.ppt	16417792	/mnt/ace/doris/training/draft presentations/Rigid Jumper/Introduction to Rigid Jumper Installation.ppt	draft presentations/Rigid Jumper/Introduction to Rigid Jumper Installation.ppt
medium	engineering	doris-university	presentation	.pptx	16408796	/mnt/ace/doris/training/Stat Presentations/4 Installation (1).pptx	Stat Presentations/4 Installation (1).pptx
medium	engineering	doris-university	presentation	.pptx	15909388	/mnt/ace/doris/training/Stat Presentations/7 pipeline Protection (1).pptx	Stat Presentations/7 pipeline Protection (1).pptx
medium	engineering	doris-university	presentation	.pptx	15215897	/mnt/ace/doris/training/1.01 - Subsea Production Control Systems - System Overview and Major Components/Old Revisions/Subsea Production Control Systems (V0).pptx	1.01 - Subsea Production Control Systems - System Overview and Major Components/Old Revisions/Subsea Production Control Systems (V0).pptx
medium	engineering	doris-university	presentation	.pptx	15187284	/mnt/ace/doris/training/1.00 - Subsea Production Systems - General Overview/Old Versions/Subsea Production Systems - Part 1, Introduction (DRAFT).pptx	1.00 - Subsea Production Systems - General Overview/Old Versions/Subsea Production Systems - Part 1, Introduction (DRAFT).pptx
medium	engineering	doris-university	presentation	.pptx	15102529	/mnt/ace/doris/training/Stat Presentations/IFP-23June2015PM-2 Construction - Installation (1).pptx	Stat Presentations/IFP-23June2015PM-2 Construction - Installation (1).pptx
medium	engineering	doris-university	pdf	.pdf	14665111	/mnt/ace/doris/training/1.02 - Subsea Umbilical Systems - System Overview and Major Components/References/IEC 60502-1 - Power Cables and Extruded Insulation and Their Accessories for Rated Voltages.pdf	1.02 - Subsea Umbilical Systems - System Overview and Major Components/References/IEC 60502-1 - Power Cables and Extruded Insulation and Their Accessories for Rated Voltages.pdf
medium	engineering	doris-university	presentation	.ppt	14468608	/mnt/ace/doris/training/DE Presentations/SONANGOL Training/Day_3/DORIS_Brownfield_example.ppt	DE Presentations/SONANGOL Training/Day_3/DORIS_Brownfield_example.ppt
medium	engineering	doris-university	presentation	.ppt	14449664	/mnt/ace/doris/training/DE Presentations/SONANGOL Training/Day_3/DORIS_Brownfield_example_sample.ppt	DE Presentations/SONANGOL Training/Day_3/DORIS_Brownfield_example_sample.ppt
medium	engineering	doris-university	pdf	.pdf	14184498	/mnt/ace/doris/training/1.00 - Subsea Production Systems - General Overview/References/Introduction to Subsea Production System (2016).pdf	1.00 - Subsea Production Systems - General Overview/References/Introduction to Subsea Production System (2016).pdf
medium	engineering	doris-university	pdf	.pdf	13413159	/mnt/ace/doris/training/1.03 - Installation and Workover Control Systems - System and Major Component Overview/References/API 17H (2013) - Remotely Operated Tools and Interfaces on Subsea Production Systems.pdf	1.03 - Installation and Workover Control Systems - System and Major Component Overview/References/API 17H (2013) - Remotely Operated Tools and Interfaces on Subsea Production Systems.pdf
medium	engineering	doris-university	presentation	.ppt	12983296	/mnt/ace/doris/training/ShoreAproach/ShoreApproachConsideration_20101116.ppt	ShoreAproach/ShoreApproachConsideration_20101116.ppt
medium	engineering	doris-university	presentation	.ppt	12983296	/mnt/ace/doris/training/draft presentations/ShoreAproach/ShoreApproachConsideration_20101116.ppt	draft presentations/ShoreAproach/ShoreApproachConsideration_20101116.ppt
medium	engineering	doris-university	presentation	.pptx	12735321	/mnt/ace/doris/training/Stat Presentations/IFP-26June2015PM1 PRELUDE (1).pptx	Stat Presentations/IFP-26June2015PM1 PRELUDE (1).pptx
medium	engineering	doris-university	presentation	.ppt	12568064	/mnt/ace/doris/training/ShoreAproach/old/ShoreApproach_20101027.ppt	ShoreAproach/old/ShoreApproach_20101027.ppt
medium	engineering	doris-university	presentation	.ppt	12568064	/mnt/ace/doris/training/draft presentations/ShoreAproach/old/ShoreApproach_20101027.ppt	draft presentations/ShoreAproach/old/ShoreApproach_20101027.ppt
medium	engineering	doris-university	presentation	.pptx	12312106	/mnt/ace/doris/training/Stat Presentations/IFP-26June2015AM1 - FLOW ASSURANCE (1).pptx	Stat Presentations/IFP-26June2015AM1 - FLOW ASSURANCE (1).pptx
medium	engineering	doris-university	presentation	.ppt	12158464	/mnt/ace/doris/training/ShoreAproach/ShoreApproachConstructionMethod_20101116.ppt	ShoreAproach/ShoreApproachConstructionMethod_20101116.ppt
medium	engineering	doris-university	presentation	.ppt	12157952	/mnt/ace/doris/training/draft presentations/ShoreAproach/ShoreApproachConstructionMethod_20101116.ppt	draft presentations/ShoreAproach/ShoreApproachConstructionMethod_20101116.ppt
medium	engineering	doris-university	presentation	.pptx	11845007	/mnt/ace/doris/training/DE Presentations/SONANGOL Training/Day_1/DORIS_Flow_assurance.pptx	DE Presentations/SONANGOL Training/Day_1/DORIS_Flow_assurance.pptx
medium	engineering	doris-university	presentation	.pptx	10763474	/mnt/ace/doris/training/1.02 - Subsea Umbilical Systems - System Overview and Major Components/Old Revisions/Subsea Umbilical Systems - Part 1, System Overview (V1.2).pptx	1.02 - Subsea Umbilical Systems - System Overview and Major Components/Old Revisions/Subsea Umbilical Systems - Part 1, System Overview (V1.2).pptx
medium	engineering	doris-university	presentation	.pptx	10763268	/mnt/ace/doris/training/1.02 - Subsea Umbilical Systems - System Overview and Major Components/Subsea Umbilical Systems - Part 1, System Overview (V1.3).pptx	1.02 - Subsea Umbilical Systems - System Overview and Major Components/Subsea Umbilical Systems - Part 1, System Overview (V1.3).pptx
medium	engineering	doris-university	presentation	.pptx	10632171	/mnt/ace/doris/training/1.02 - Subsea Umbilical Systems - System Overview and Major Components/Old Revisions/Subsea Umbilical Systems - Part 1, System Overview (V1.1).pptx	1.02 - Subsea Umbilical Systems - System Overview and Major Components/Old Revisions/Subsea Umbilical Systems - Part 1, System Overview (V1.1).pptx
medium	engineering	doris-university	pdf	.pdf	10455801	/mnt/ace/doris/training/1.03 - Installation and Workover Control Systems - System and Major Component Overview/References/FMC Installation - EHXT.pdf	1.03 - Installation and Workover Control Systems - System and Major Component Overview/References/FMC Installation - EHXT.pdf
medium	engineering	doris-university	pdf	.pdf	10433036	/mnt/ace/doris/training/1.03 - Installation and Workover Control Systems - System and Major Component Overview/References/FMC Installation - Dual Bore.pdf	1.03 - Installation and Workover Control Systems - System and Major Component Overview/References/FMC Installation - Dual Bore.pdf
medium	engineering	doris-university	presentation	.ppt	10385920	/mnt/ace/doris/training/draft presentations/On-Bottom Stability/OnBotSta_20101011.ppt	draft presentations/On-Bottom Stability/OnBotSta_20101011.ppt
medium	engineering	doris-university	presentation	.pptx	10205122	/mnt/ace/doris/training/ENI Training/Controls Overview 2013-07.pptx	ENI Training/Controls Overview 2013-07.pptx
medium	engineering	doris-university	presentation	.pptx	10168943	/mnt/ace/doris/training/1.01 - Subsea Production Control Systems - System Overview and Major Components/Subsea Production Control Systems - Part 2, Major Component Overview (V1).pptx	1.01 - Subsea Production Control Systems - System Overview and Major Components/Subsea Production Control Systems - Part 2, Major Component Overview (V1).pptx
medium	engineering	doris-university	presentation	.pptx	10086715	/mnt/ace/doris/training/draft presentations/Process Engineering/Separator Presentation.pptx	draft presentations/Process Engineering/Separator Presentation.pptx
medium	engineering	doris-university	presentation	.pptx	9970493	/mnt/ace/doris/training/Stat Presentations/IFP-26June2015PM2 SHTOKMAN (1).pptx	Stat Presentations/IFP-26June2015PM2 SHTOKMAN (1).pptx
medium	engineering	doris-university	presentation	.pptx	9855387	/mnt/ace/doris/training/1.03 - Installation and Workover Control Systems - System and Major Component Overview/Installation and Workover Control Systems - Part 2, Major Component Overview (V1.2).pptx	1.03 - Installation and Workover Control Systems - System and Major Component Overview/Installation and Workover Control Systems - Part 2, Major Component Overview (V1.2).pptx
medium	engineering	doris-university	presentation	.pptx	9848768	/mnt/ace/doris/training/1.03 - Installation and Workover Control Systems - System and Major Component Overview/Old Revisions/Installation and Workover Control Systems - Part 2, Major Component Overview (V1.1).pptx	1.03 - Installation and Workover Control Systems - System and Major Component Overview/Old Revisions/Installation and Workover Control Systems - Part 2, Major Component Overview (V1.1).pptx
medium	engineering	doris-university	presentation	.pptx	9844374	/mnt/ace/doris/training/1.03 - Installation and Workover Control Systems - System and Major Component Overview/Old Revisions/Installation and Workover Control Systems - Part 2, Major Component Overview (V1.0).pptx	1.03 - Installation and Workover Control Systems - System and Major Component Overview/Old Revisions/Installation and Workover Control Systems - Part 2, Major Component Overview (V1.0).pptx
medium	engineering	doris-university	pdf	.pdf	9835995	/mnt/ace/doris/training/1.01 - Subsea Production Control Systems - System Overview and Major Components/Old Revisions/Subsea Production Control Systems (V0).pdf	1.01 - Subsea Production Control Systems - System Overview and Major Components/Old Revisions/Subsea Production Control Systems (V0).pdf
medium	engineering	doris-university	presentation	.ppt	8784896	/mnt/ace/doris/training/draft presentations/Risk management/Risk Assessment_20100922.ppt	draft presentations/Risk management/Risk Assessment_20100922.ppt
medium	engineering	doris-university	presentation	.pptx	8514276	/mnt/ace/doris/training/1.02 - Subsea Umbilical Systems - System Overview and Major Components/Old Revisions/Subsea Umbilical Systems - Part 1, System Overview (V1).pptx	1.02 - Subsea Umbilical Systems - System Overview and Major Components/Old Revisions/Subsea Umbilical Systems - Part 1, System Overview (V1).pptx
medium	engineering	doris-university	pdf	.pdf	8372078	/mnt/ace/doris/training/1.02 - Subsea Umbilical Systems - System Overview and Major Components/References/Duco - Umbilical Manufacturing Overview.pdf	1.02 - Subsea Umbilical Systems - System Overview and Major Components/References/Duco - Umbilical Manufacturing Overview.pdf
medium	engineering	doris-university	presentation	.pptx	8368877	/mnt/ace/doris/training/1.02 - Subsea Umbilical Systems - System Overview and Major Components/Subsea Umbilical Systems - Part 3, Delivery Overview (V1.3).pptx	1.02 - Subsea Umbilical Systems - System Overview and Major Components/Subsea Umbilical Systems - Part 3, Delivery Overview (V1.3).pptx
medium	engineering	doris-university	presentation	.pptx	8357421	/mnt/ace/doris/training/1.01 - Subsea Production Control Systems - System Overview and Major Components/Subsea Production Control Systems - Part 2, Major Component Overview (Clean).pptx	1.01 - Subsea Production Control Systems - System Overview and Major Components/Subsea Production Control Systems - Part 2, Major Component Overview (Clean).pptx
medium	engineering	doris-university	presentation	.pptx	8317053	/mnt/ace/doris/training/1.02 - Subsea Umbilical Systems - System Overview and Major Components/Old Revisions/Subsea Umbilical Systems - Part 3, Delivery Overview (V1.2).pptx	1.02 - Subsea Umbilical Systems - System Overview and Major Components/Old Revisions/Subsea Umbilical Systems - Part 3, Delivery Overview (V1.2).pptx
medium	engineering	doris-university	presentation	.pptx	8249280	/mnt/ace/doris/training/1.03 - Installation and Workover Control Systems - System and Major Component Overview/Old Revisions/Installation and Workover Control Systems - Part 1, System Overview (V1.2).pptx	1.03 - Installation and Workover Control Systems - System and Major Component Overview/Old Revisions/Installation and Workover Control Systems - Part 1, System Overview (V1.2).pptx
medium	engineering	doris-university	presentation	.pptx	8238216	/mnt/ace/doris/training/1.03 - Installation and Workover Control Systems - System and Major Component Overview/Installation and Workover Control Systems - Part 1, System Overview (V1.3).pptx	1.03 - Installation and Workover Control Systems - System and Major Component Overview/Installation and Workover Control Systems - Part 1, System Overview (V1.3).pptx
medium	engineering	doris-university	presentation	.ppt	8197632	/mnt/ace/doris/training/Corrosion/PipelineCorrosion_20101004.ppt	Corrosion/PipelineCorrosion_20101004.ppt
medium	engineering	doris-university	presentation	.pptx	8051459	/mnt/ace/doris/training/ENI Training/07 - Controls level 2 training, HIPPS v2.pptx	ENI Training/07 - Controls level 2 training, HIPPS v2.pptx
medium	engineering	doris-university	presentation	.ppt	8046592	/mnt/ace/doris/training/On-Bot/OnBotSta_20101011.ppt	On-Bot/OnBotSta_20101011.ppt
medium	engineering	doris-university	presentation	.pptx	8015984	/mnt/ace/doris/training/1.03 - Installation and Workover Control Systems - System and Major Component Overview/Old Revisions/Installation and Workover Control Systems - Part 1, System Overview (V1.1).pptx	1.03 - Installation and Workover Control Systems - System and Major Component Overview/Old Revisions/Installation and Workover Control Systems - Part 1, System Overview (V1.1).pptx
medium	engineering	doris-university	presentation	.pptx	8015688	/mnt/ace/doris/training/1.03 - Installation and Workover Control Systems - System and Major Component Overview/Old Revisions/Installation and Workover Control Systems - Part 1, System Overview (V1.0).pptx	1.03 - Installation and Workover Control Systems - System and Major Component Overview/Old Revisions/Installation and Workover Control Systems - Part 1, System Overview (V1.0).pptx
medium	engineering	doris-university	pdf	.pdf	8008926	/mnt/ace/doris/training/1.01 - Subsea Production Control Systems - System Overview and Major Components/References/IN-0014 Subsea Technology Review.pdf	1.01 - Subsea Production Control Systems - System Overview and Major Components/References/IN-0014 Subsea Technology Review.pdf
medium	engineering	doris-university	presentation	.ppt	7759360	/mnt/ace/doris/training/FieldLayout/Others/LysarkKristinFordal220304.ppt	FieldLayout/Others/LysarkKristinFordal220304.ppt
medium	engineering	doris-university	presentation	.ppt	7759360	/mnt/ace/doris/training/draft presentations/FieldLayout/Others/LysarkKristinFordal220304.ppt	draft presentations/FieldLayout/Others/LysarkKristinFordal220304.ppt
medium	engineering	doris-university	presentation	.pptx	7662637	/mnt/ace/doris/training/Stat Presentations/IFP-26June2015AM3 - Building Contracting Strategy (1).pptx	Stat Presentations/IFP-26June2015AM3 - Building Contracting Strategy (1).pptx
medium	engineering	doris-university	presentation	.ppt	7624704	/mnt/ace/doris/training/FieldLayout/Others/OrmenProject.ppt	FieldLayout/Others/OrmenProject.ppt
medium	engineering	doris-university	presentation	.ppt	7621632	/mnt/ace/doris/training/draft presentations/FieldLayout/Others/OrmenProject.ppt	draft presentations/FieldLayout/Others/OrmenProject.ppt
medium	engineering	doris-university	pdf	.pdf	7583883	/mnt/ace/doris/training/1.02 - Subsea Umbilical Systems - System Overview and Major Components/References/Duco - Hardware Design.pdf	1.02 - Subsea Umbilical Systems - System Overview and Major Components/References/Duco - Hardware Design.pdf
medium	engineering	doris-university	presentation	.pptx	7576937	/mnt/ace/doris/training/1.02 - Subsea Umbilical Systems - System Overview and Major Components/Old Revisions/Subsea Umbilical Systems - Part 3, Delivery Overview (V1.1).pptx	1.02 - Subsea Umbilical Systems - System Overview and Major Components/Old Revisions/Subsea Umbilical Systems - Part 3, Delivery Overview (V1.1).pptx
medium	engineering	doris-university	presentation	.pptx	7573955	/mnt/ace/doris/training/1.02 - Subsea Umbilical Systems - System Overview and Major Components/Old Revisions/Subsea Umbilical Systems - Part 3, Delivery Overview (V1).pptx	1.02 - Subsea Umbilical Systems - System Overview and Major Components/Old Revisions/Subsea Umbilical Systems - Part 3, Delivery Overview (V1).pptx
medium	engineering	doris-university	presentation	.ppt	7484416	/mnt/ace/doris/training/RiskM/Risk Assessment_20101004.ppt	RiskM/Risk Assessment_20101004.ppt
medium	engineering	doris-university	presentation	.ppt	7484416	/mnt/ace/doris/training/draft presentations/Risk management/Risk Assessment_20101004.ppt	draft presentations/Risk management/Risk Assessment_20101004.ppt
medium	engineering	doris-university	presentation	.ppt	7370240	/mnt/ace/doris/training/draft presentations/Directional Drilling School.ppt	draft presentations/Directional Drilling School.ppt
medium	engineering	doris-university	presentation	.pptx	7323034	/mnt/ace/doris/training/1.02 - Subsea Umbilical Systems - System Overview and Major Components/Subsea Umbilical Systems - Part 2, Major Component Overview (V1.3).pptx	1.02 - Subsea Umbilical Systems - System Overview and Major Components/Subsea Umbilical Systems - Part 2, Major Component Overview (V1.3).pptx
medium	engineering	doris-university	presentation	.pptx	7318561	/mnt/ace/doris/training/1.02 - Subsea Umbilical Systems - System Overview and Major Components/Old Revisions/Subsea Umbilical Systems - Part 2, Major Component Overview (V1.1).pptx	1.02 - Subsea Umbilical Systems - System Overview and Major Components/Old Revisions/Subsea Umbilical Systems - Part 2, Major Component Overview (V1.1).pptx
medium	engineering	doris-university	pdf	.pdf	7098217	/mnt/ace/doris/training/1.03 - Installation and Workover Control Systems - System and Major Component Overview/References/HCS Controls.pdf	1.03 - Installation and Workover Control Systems - System and Major Component Overview/References/HCS Controls.pdf
medium	engineering	doris-university	presentation	.pptx	7060807	/mnt/ace/doris/training/1.02 - Subsea Umbilical Systems - System Overview and Major Components/Old Revisions/Subsea Umbilical Systems - Part 2, Major Component Overview (V1).pptx	1.02 - Subsea Umbilical Systems - System Overview and Major Components/Old Revisions/Subsea Umbilical Systems - Part 2, Major Component Overview (V1).pptx
medium	engineering	doris-university	presentation	.ppt	6891008	/mnt/ace/doris/training/DE Presentations/SONANGOL Training/Day_2/SONANGOL_Training_Flowline_Rev01.ppt	DE Presentations/SONANGOL Training/Day_2/SONANGOL_Training_Flowline_Rev01.ppt
medium	engineering	doris-university	presentation	.pptx	6776251	/mnt/ace/doris/training/Stat Presentations/IFP-23June2015PM-1 Flexible lines (1).pptx	Stat Presentations/IFP-23June2015PM-1 Flexible lines (1).pptx
medium	engineering	doris-university	presentation	.pptx	6670337	/mnt/ace/doris/training/Stat Presentations/3 Flexible Pipe (1).pptx	Stat Presentations/3 Flexible Pipe (1).pptx
medium	engineering	doris-university	presentation	.pptx	6670336	/mnt/ace/doris/training/Stat Presentations/3 Flexible Pipe (2).pptx	Stat Presentations/3 Flexible Pipe (2).pptx
medium	engineering	doris-university	pdf	.pdf	6658765	/mnt/ace/doris/training/1.01 - Subsea Production Control Systems - System Overview and Major Components/References/OTC-25320-MS (Operation of Subsea Electrical Power Systems).pdf	1.01 - Subsea Production Control Systems - System Overview and Major Components/References/OTC-25320-MS (Operation of Subsea Electrical Power Systems).pdf
medium	engineering	doris-university	presentation	.pptx	6521537	/mnt/ace/doris/training/Stat Presentations/IFP-24June2015AM-2 Submarine Connexion (1).pptx	Stat Presentations/IFP-24June2015AM-2 Submarine Connexion (1).pptx
medium	engineering	doris-university	pdf	.pdf	6448518	/mnt/ace/doris/training/1.00 - Subsea Production Systems - General Overview/Subsea Production Systems - Part 1, Introduction (V1.2).pdf	1.00 - Subsea Production Systems - General Overview/Subsea Production Systems - Part 1, Introduction (V1.2).pdf
medium	engineering	doris-university	pdf	.pdf	6447875	/mnt/ace/doris/training/1.00 - Subsea Production Systems - General Overview/Old Versions/Subsea Production Systems - Part 1, Introduction (V1.1).pdf	1.00 - Subsea Production Systems - General Overview/Old Versions/Subsea Production Systems - Part 1, Introduction (V1.1).pdf
medium	engineering	doris-university	presentation	.pptx	6416561	/mnt/ace/doris/training/Stat Presentations/IFP-22june2015am-1 - introduction - submarin architectur field (1).pptx	Stat Presentations/IFP-22june2015am-1 - introduction - submarin architectur field (1).pptx
medium	engineering	doris-university	presentation	.pptx	6398101	/mnt/ace/doris/training/Stat Presentations/1 Introduction New (1).pptx	Stat Presentations/1 Introduction New (1).pptx
medium	engineering	doris-university	presentation	.pptx	6216793	/mnt/ace/doris/training/1.01 - Subsea Production Control Systems - System Overview and Major Components/Subsea Production Control Systems - Part 1, System Overview (V1).pptx	1.01 - Subsea Production Control Systems - System Overview and Major Components/Subsea Production Control Systems - Part 1, System Overview (V1).pptx
medium	engineering	doris-university	pdf	.pdf	6110635	/mnt/ace/doris/training/1.00 - Subsea Production Systems - General Overview/Old Versions/Subsea Production Systems - Part 1, Introduction (V1.0).pdf	1.00 - Subsea Production Systems - General Overview/Old Versions/Subsea Production Systems - Part 1, Introduction (V1.0).pdf
medium	engineering	doris-university	presentation	.pptx	6053119	/mnt/ace/doris/training/draft presentations/Subsea Controls/Integrating Difference SPS Vendors.pptx	draft presentations/Subsea Controls/Integrating Difference SPS Vendors.pptx
medium	engineering	doris-university	pdf	.pdf	6023984	/mnt/ace/doris/training/1.03 - Installation and Workover Control Systems - System and Major Component Overview/Installation and Workover Control Systems - Part 2, Major Component Overview (V1.2).pdf	1.03 - Installation and Workover Control Systems - System and Major Component Overview/Installation and Workover Control Systems - Part 2, Major Component Overview (V1.2).pdf
medium	engineering	doris-university	pdf	.pdf	5986151	/mnt/ace/doris/training/1.03 - Installation and Workover Control Systems - System and Major Component Overview/Installation and Workover Control Systems - Part 1, System Overview (V1.3).pdf	1.03 - Installation and Workover Control Systems - System and Major Component Overview/Installation and Workover Control Systems - Part 1, System Overview (V1.3).pdf
medium	engineering	doris-university	presentation	.ppt	5957120	/mnt/ace/doris/training/draft presentations/Corrosion/PipelineCorrosion_20101004.ppt	draft presentations/Corrosion/PipelineCorrosion_20101004.ppt
medium	engineering	doris-university	presentation	.ppt	5954048	/mnt/ace/doris/training/FieldLayout/Others/shallwater_rock dump.ppt	FieldLayout/Others/shallwater_rock dump.ppt
medium	engineering	doris-university	presentation	.ppt	5952000	/mnt/ace/doris/training/draft presentations/FieldLayout/Others/shallwater_rock dump.ppt	draft presentations/FieldLayout/Others/shallwater_rock dump.ppt
medium	engineering	doris-university	pdf	.pdf	5938356	/mnt/ace/doris/training/1.03 - Installation and Workover Control Systems - System and Major Component Overview/Old Revisions/Installation and Workover Control Systems - Part 1, System Overview (V1.2).pdf	1.03 - Installation and Workover Control Systems - System and Major Component Overview/Old Revisions/Installation and Workover Control Systems - Part 1, System Overview (V1.2).pdf
medium	engineering	doris-university	pdf	.pdf	5928202	/mnt/ace/doris/training/1.03 - Installation and Workover Control Systems - System and Major Component Overview/Old Revisions/Installation and Workover Control Systems - Part 2, Major Component Overview (V1.1).pdf	1.03 - Installation and Workover Control Systems - System and Major Component Overview/Old Revisions/Installation and Workover Control Systems - Part 2, Major Component Overview (V1.1).pdf
medium	engineering	doris-university	pdf	.pdf	5923161	/mnt/ace/doris/training/1.02 - Subsea Umbilical Systems - System Overview and Major Components/INSTALLA.PDF	1.02 - Subsea Umbilical Systems - System Overview and Major Components/INSTALLA.PDF
medium	engineering	doris-university	pdf	.pdf	5923161	/mnt/ace/doris/training/1.03 - Installation and Workover Control Systems - System and Major Component Overview/Old Revisions/Installation and Workover Control Systems - Part 2, Major Component Overview (V1.0).pdf	1.03 - Installation and Workover Control Systems - System and Major Component Overview/Old Revisions/Installation and Workover Control Systems - Part 2, Major Component Overview (V1.0).pdf
medium	engineering	doris-university	pdf	.pdf	5818906	/mnt/ace/doris/training/1.01 - Subsea Production Control Systems - System Overview and Major Components/Subsea Production Control Systems - Part 2, Major Component Overview (V1).pdf	1.01 - Subsea Production Control Systems - System Overview and Major Components/Subsea Production Control Systems - Part 2, Major Component Overview (V1).pdf
medium	engineering	doris-university	presentation	.ppt	5786624	/mnt/ace/doris/training/FieldLayout/Others/11-Shell_Exploration.ppt	FieldLayout/Others/11-Shell_Exploration.ppt
medium	engineering	doris-university	presentation	.ppt	5786624	/mnt/ace/doris/training/draft presentations/FieldLayout/Others/11-Shell_Exploration.ppt	draft presentations/FieldLayout/Others/11-Shell_Exploration.ppt
medium	engineering	doris-university	pdf	.pdf	5741792	/mnt/ace/doris/training/1.00 - Subsea Production Systems - General Overview/Old Versions/Subsea Production Systems - Part 1, Introduction (DRAFT).pdf	1.00 - Subsea Production Systems - General Overview/Old Versions/Subsea Production Systems - Part 1, Introduction (DRAFT).pdf
medium	engineering	doris-university	pdf	.pdf	5547707	/mnt/ace/doris/training/1.03 - Installation and Workover Control Systems - System and Major Component Overview/Old Revisions/Installation and Workover Control Systems - Part 1, System Overview (V1.1).pdf	1.03 - Installation and Workover Control Systems - System and Major Component Overview/Old Revisions/Installation and Workover Control Systems - Part 1, System Overview (V1.1).pdf
medium	engineering	doris-university	pdf	.pdf	5532857	/mnt/ace/doris/training/1.03 - Installation and Workover Control Systems - System and Major Component Overview/Old Revisions/Installation and Workover Control Systems - Part 1, System Overview (V1.0).pdf	1.03 - Installation and Workover Control Systems - System and Major Component Overview/Old Revisions/Installation and Workover Control Systems - Part 1, System Overview (V1.0).pdf
medium	engineering	doris-university	presentation	.pptx	5523253	/mnt/ace/doris/training/1.01 - Subsea Production Control Systems - System Overview and Major Components/Subsea Production Control Systems - Part 1, System Overview (Clean).pptx	1.01 - Subsea Production Control Systems - System Overview and Major Components/Subsea Production Control Systems - Part 1, System Overview (Clean).pptx
medium	engineering	doris-university	pdf	.pdf	5074660	/mnt/ace/doris/training/1.02 - Subsea Umbilical Systems - System Overview and Major Components/References/JDR - Liuhua 4-1 Subsea Tieback Project.pdf	1.02 - Subsea Umbilical Systems - System Overview and Major Components/References/JDR - Liuhua 4-1 Subsea Tieback Project.pdf
medium	engineering	doris-university	presentation	.pptx	4843297	/mnt/ace/doris/training/Stat Presentations/IFP-23June2015AM-1 Survey (1).pptx	Stat Presentations/IFP-23June2015AM-1 Survey (1).pptx
medium	engineering	doris-university	pdf	.pdf	4774974	/mnt/ace/doris/training/1.02 - Subsea Umbilical Systems - System Overview and Major Components/Subsea Umbilical Systems - Part 1, System Overview (V1.3).pdf	1.02 - Subsea Umbilical Systems - System Overview and Major Components/Subsea Umbilical Systems - Part 1, System Overview (V1.3).pdf
medium	engineering	doris-university	pdf	.pdf	4756812	/mnt/ace/doris/training/1.01 - Subsea Production Control Systems - System Overview and Major Components/Subsea Production Control Systems - Part 1, System Overview (V1).pdf	1.01 - Subsea Production Control Systems - System Overview and Major Components/Subsea Production Control Systems - Part 1, System Overview (V1).pdf
medium	engineering	doris-university	pdf	.pdf	4724771	/mnt/ace/doris/training/1.02 - Subsea Umbilical Systems - System Overview and Major Components/References/Subsea Umbilicals and Power Cables.pdf	1.02 - Subsea Umbilical Systems - System Overview and Major Components/References/Subsea Umbilicals and Power Cables.pdf
medium	engineering	doris-university	presentation	.pptx	4598324	/mnt/ace/doris/training/Stat Presentations/IFP-22June2015AM-2 - Operational  & Submarine Constraints versus Conception (1).pptx	Stat Presentations/IFP-22June2015AM-2 - Operational  & Submarine Constraints versus Conception (1).pptx
medium	engineering	doris-university	pdf	.pdf	4503549	/mnt/ace/doris/training/1.02 - Subsea Umbilical Systems - System Overview and Major Components/References/Duco - Cables.pdf	1.02 - Subsea Umbilical Systems - System Overview and Major Components/References/Duco - Cables.pdf
medium	engineering	doris-university	presentation	.pptx	4420835	/mnt/ace/doris/training/ENI Training/08_ITSS_Field_Planning_EXERCISE.pptx	ENI Training/08_ITSS_Field_Planning_EXERCISE.pptx
medium	engineering	doris-university	pdf	.pdf	4396295	/mnt/ace/doris/training/1.01 - Subsea Production Control Systems - System Overview and Major Components/References/Design of an Electric X-mas Tree Gate Valve Actuator.pdf	1.01 - Subsea Production Control Systems - System Overview and Major Components/References/Design of an Electric X-mas Tree Gate Valve Actuator.pdf
medium	engineering	doris-university	pdf	.pdf	4377864	/mnt/ace/doris/training/DE Presentations/ENI Training/E-23-M-Z-0411-00 Prep for and exec of 1st start up-A2.pdf	DE Presentations/ENI Training/E-23-M-Z-0411-00 Prep for and exec of 1st start up-A2.pdf
medium	engineering	doris-university	pdf	.pdf	4346972	/mnt/ace/doris/training/1.01 - Subsea Production Control Systems - System Overview and Major Components/References/DNV - Subsea Building Blocks.pdf	1.01 - Subsea Production Control Systems - System Overview and Major Components/References/DNV - Subsea Building Blocks.pdf
medium	engineering	doris-university	pdf	.pdf	4258363	/mnt/ace/doris/training/1.02 - Subsea Umbilical Systems - System Overview and Major Components/Subsea Umbilical Systems - Part 3, Delivery Overview (V1.3).pdf	1.02 - Subsea Umbilical Systems - System Overview and Major Components/Subsea Umbilical Systems - Part 3, Delivery Overview (V1.3).pdf
medium	engineering	doris-university	pdf	.pdf	4222961	/mnt/ace/doris/training/1.02 - Subsea Umbilical Systems - System Overview and Major Components/Subsea Umbilical Systems - Part 2, Major Component Overview (V1.3).pdf	1.02 - Subsea Umbilical Systems - System Overview and Major Components/Subsea Umbilical Systems - Part 2, Major Component Overview (V1.3).pdf
medium	engineering	doris-university	pdf	.pdf	4186812	/mnt/ace/doris/training/1.01 - Subsea Production Control Systems - System Overview and Major Components/References/OTC-26166-MS (Using a Unified Controls System for Subsea Production and Pump Controls).pdf	1.01 - Subsea Production Control Systems - System Overview and Major Components/References/OTC-26166-MS (Using a Unified Controls System for Subsea Production and Pump Controls).pdf
medium	engineering	doris-university	presentation	.pptx	4161244	/mnt/ace/doris/training/ENI Training/09_ITSS_Project_Execution_Structure.pptx	ENI Training/09_ITSS_Project_Execution_Structure.pptx
medium	engineering	doris-university	pdf	.pdf	4085566	/mnt/ace/doris/training/1.03 - Installation and Workover Control Systems - System and Major Component Overview/References/IWOCS Brochure - Cameron.pdf	1.03 - Installation and Workover Control Systems - System and Major Component Overview/References/IWOCS Brochure - Cameron.pdf
medium	engineering	doris-university	presentation	.pptx	4045503	/mnt/ace/doris/training/Stat Presentations/8 Pigging (1).pptx	Stat Presentations/8 Pigging (1).pptx
medium	engineering	doris-university	presentation	.pptx	4010758	/mnt/ace/doris/training/draft presentations/Subsea Controls/DORIS - Hydrate Formation in Control Lines.pptx	draft presentations/Subsea Controls/DORIS - Hydrate Formation in Control Lines.pptx
medium	engineering	doris-university	pdf	.pdf	3976760	/mnt/ace/doris/training/1.03 - Installation and Workover Control Systems - System and Major Component Overview/References/Analysis of Component Criticality in the Blowout Preventer (2012).pdf	1.03 - Installation and Workover Control Systems - System and Major Component Overview/References/Analysis of Component Criticality in the Blowout Preventer (2012).pdf
medium	engineering	doris-university	pdf	.pdf	3899313	/mnt/ace/doris/training/1.02 - Subsea Umbilical Systems - System Overview and Major Components/References/AKPO Umbilicals Engineering and Manufacturing Close-Out Report.pdf	1.02 - Subsea Umbilical Systems - System Overview and Major Components/References/AKPO Umbilicals Engineering and Manufacturing Close-Out Report.pdf
medium	engineering	doris-university	presentation	.ppt	3835392	/mnt/ace/doris/training/DE Presentations/SONANGOL Training/Day_3/DORIS_Example_conceptual.ppt	DE Presentations/SONANGOL Training/Day_3/DORIS_Example_conceptual.ppt
medium	engineering	doris-university	presentation	.ppt	3801088	/mnt/ace/doris/training/draft presentations/Horizontal Drilling School.ppt	draft presentations/Horizontal Drilling School.ppt
medium	engineering	doris-university	presentation	.ppt	3730944	/mnt/ace/doris/training/DE Presentations/SONANGOL Training/Day_2/DORIS_Safety.ppt	DE Presentations/SONANGOL Training/Day_2/DORIS_Safety.ppt
medium	engineering	doris-university	presentation	.pptx	3682335	/mnt/ace/doris/training/Stat Presentations/8 Pigging1 (1).pptx	Stat Presentations/8 Pigging1 (1).pptx
medium	engineering	doris-university	pdf	.pdf	3648748	/mnt/ace/doris/training/1.02 - Subsea Umbilical Systems - System Overview and Major Components/References/IEC 60228 - Conductors and Insulated Cables.pdf	1.02 - Subsea Umbilical Systems - System Overview and Major Components/References/IEC 60228 - Conductors and Insulated Cables.pdf
medium	engineering	doris-university	presentation	.pptx	3554369	/mnt/ace/doris/training/Stat Presentations/IFP-24June2015PM-1-Thermal Insulation (1).pptx	Stat Presentations/IFP-24June2015PM-1-Thermal Insulation (1).pptx
medium	engineering	doris-university	pdf	.pdf	3500562	/mnt/ace/doris/training/1.03 - Installation and Workover Control Systems - System and Major Component Overview/References/Expro - High Debris.pdf	1.03 - Installation and Workover Control Systems - System and Major Component Overview/References/Expro - High Debris.pdf
medium	engineering	doris-university	pdf	.pdf	3464490	/mnt/ace/doris/training/1.01 - Subsea Production Control Systems - System Overview and Major Components/References/2016-04 Study Examines New Production System Design for Ultra-Deepwater.pdf	1.01 - Subsea Production Control Systems - System Overview and Major Components/References/2016-04 Study Examines New Production System Design for Ultra-Deepwater.pdf
medium	engineering	doris-university	pdf	.pdf	3396638	/mnt/ace/doris/training/1.00 - Subsea Production Systems - General Overview/References/Subsea Technology and Equipment (2016).pdf	1.00 - Subsea Production Systems - General Overview/References/Subsea Technology and Equipment (2016).pdf
medium	engineering	doris-university	pdf	.pdf	3388787	/mnt/ace/doris/training/1.02 - Subsea Umbilical Systems - System Overview and Major Components/References/Duco - Umbilical Handling.pdf	1.02 - Subsea Umbilical Systems - System Overview and Major Components/References/Duco - Umbilical Handling.pdf
medium	engineering	doris-university	pdf	.pdf	3358281	/mnt/ace/doris/training/DE Presentations/SONANGOL Training/20141112_email_further_information/Final Report MFD 40 001 rev 01 Phase 1.pdf	DE Presentations/SONANGOL Training/20141112_email_further_information/Final Report MFD 40 001 rev 01 Phase 1.pdf
medium	engineering	doris-university	pdf	.pdf	3306309	/mnt/ace/doris/training/1.02 - Subsea Umbilical Systems - System Overview and Major Components/References/Duco - Umbilical Design.pdf	1.02 - Subsea Umbilical Systems - System Overview and Major Components/References/Duco - Umbilical Design.pdf
medium	engineering	doris-university	pdf	.pdf	3107742	/mnt/ace/doris/training/1.00 - Subsea Production Systems - General Overview/References/Oil and Gas Production Handbook (2013).pdf	1.00 - Subsea Production Systems - General Overview/References/Oil and Gas Production Handbook (2013).pdf
medium	engineering	doris-university	presentation	.pptx	3103527	/mnt/ace/doris/training/DE Presentations/SONANGOL Training/Day_1/DORIS_Field_development_principles.pptx	DE Presentations/SONANGOL Training/Day_1/DORIS_Field_development_principles.pptx
medium	engineering	doris-university	pdf	.pdf	3080520	/mnt/ace/doris/training/draft presentations/Technical Writing/Handbook for Technical Writers.pdf	draft presentations/Technical Writing/Handbook for Technical Writers.pdf
medium	engineering	doris-university	pdf	.pdf	3002196	/mnt/ace/doris/training/1.02 - Subsea Umbilical Systems - System Overview and Major Components/References/Duco - Introduction to Engineering.pdf	1.02 - Subsea Umbilical Systems - System Overview and Major Components/References/Duco - Introduction to Engineering.pdf
medium	engineering	doris-university	pdf	.pdf	2871609	/mnt/ace/doris/training/1.00 - Subsea Production Systems - General Overview/References/Overview of Subsea Production Systems (2015).pdf	1.00 - Subsea Production Systems - General Overview/References/Overview of Subsea Production Systems (2015).pdf
medium	engineering	doris-university	pdf	.pdf	2871609	/mnt/ace/doris/training/1.00 - Subsea Production Systems - General Overview/References/Overview of Subsea Production Systems.pdf	1.00 - Subsea Production Systems - General Overview/References/Overview of Subsea Production Systems.pdf
medium	engineering	doris-university	presentation	.ppt	2860032	/mnt/ace/doris/training/DE Presentations/SONANGOL Training/Day_3/DORIS_Other_mooring_systems.ppt	DE Presentations/SONANGOL Training/Day_3/DORIS_Other_mooring_systems.ppt
medium	engineering	doris-university	pdf	.pdf	2832192	/mnt/ace/doris/training/1.03 - Installation and Workover Control Systems - System and Major Component Overview/References/Expro - Open Water Lubricator Valve.pdf	1.03 - Installation and Workover Control Systems - System and Major Component Overview/References/Expro - Open Water Lubricator Valve.pdf
medium	engineering	doris-university	pdf	.pdf	2739776	/mnt/ace/doris/training/1.00 - Subsea Production Systems - General Overview/References/Pages from Subsea Engineering Handbook (2010).pdf	1.00 - Subsea Production Systems - General Overview/References/Pages from Subsea Engineering Handbook (2010).pdf
medium	engineering	doris-university	pdf	.pdf	2691988	/mnt/ace/doris/training/1.01 - Subsea Production Control Systems - System Overview and Major Components/References/An Introduction to Subsea Controls (2014).pdf	1.01 - Subsea Production Control Systems - System Overview and Major Components/References/An Introduction to Subsea Controls (2014).pdf
medium	engineering	doris-university	pdf	.pdf	2691107	/mnt/ace/doris/training/1.00 - Subsea Production Systems - General Overview/References/An Introduction to Subsea Controls (2014).pdf	1.00 - Subsea Production Systems - General Overview/References/An Introduction to Subsea Controls (2014).pdf
medium	engineering	doris-university	pdf	.pdf	2626825	/mnt/ace/doris/training/1.03 - Installation and Workover Control Systems - System and Major Component Overview/References/IWOCS Brochure - GE.pdf	1.03 - Installation and Workover Control Systems - System and Major Component Overview/References/IWOCS Brochure - GE.pdf
medium	engineering	doris-university	pdf	.pdf	2600911	/mnt/ace/doris/training/1.03 - Installation and Workover Control Systems - System and Major Component Overview/References/Expro - Large Bore.pdf	1.03 - Installation and Workover Control Systems - System and Major Component Overview/References/Expro - Large Bore.pdf
medium	engineering	doris-university	pdf	.pdf	2536378	/mnt/ace/doris/training/1.03 - Installation and Workover Control Systems - System and Major Component Overview/References/API 17F (2017) - Standard for Subsea Production Control Systems.pdf	1.03 - Installation and Workover Control Systems - System and Major Component Overview/References/API 17F (2017) - Standard for Subsea Production Control Systems.pdf
medium	engineering	doris-university	presentation	.ppt	2506240	/mnt/ace/doris/training/DE Presentations/SONANGOL Training/Day_1/DEAL Presentation.ppt	DE Presentations/SONANGOL Training/Day_1/DEAL Presentation.ppt
medium	engineering	doris-university	pdf	.pdf	2499816	/mnt/ace/doris/training/1.02 - Subsea Umbilical Systems - System Overview and Major Components/References/Duco - Applications.pdf	1.02 - Subsea Umbilical Systems - System Overview and Major Components/References/Duco - Applications.pdf
medium	engineering	doris-university	pdf	.pdf	2489348	/mnt/ace/doris/training/1.03 - Installation and Workover Control Systems - System and Major Component Overview/References/Expro - High Pressure.pdf	1.03 - Installation and Workover Control Systems - System and Major Component Overview/References/Expro - High Pressure.pdf
medium	engineering	doris-university	pdf	.pdf	2471255	/mnt/ace/doris/training/1.01 - Subsea Production Control Systems - System Overview and Major Components/References/OE Article - All Electric Systems.pdf	1.01 - Subsea Production Control Systems - System Overview and Major Components/References/OE Article - All Electric Systems.pdf
medium	engineering	doris-university	pdf	.pdf	2470530	/mnt/ace/doris/training/1.03 - Installation and Workover Control Systems - System and Major Component Overview/References/IWOCS Brochure - FMC 1.pdf	1.03 - Installation and Workover Control Systems - System and Major Component Overview/References/IWOCS Brochure - FMC 1.pdf
medium	engineering	doris-university	presentation	.pptx	2443324	/mnt/ace/doris/training/Stat Presentations/IFP-23June2015AM-2 Selection of pipeline route (1).pptx	Stat Presentations/IFP-23June2015AM-2 Selection of pipeline route (1).pptx
medium	engineering	doris-university	presentation	.pptx	2434999	/mnt/ace/doris/training/1.03 - Installation and Workover Control Systems - System and Major Component Overview/Installation and Workover Control Systems - Part 3, Operational Overview (DRAFT).pptx	1.03 - Installation and Workover Control Systems - System and Major Component Overview/Installation and Workover Control Systems - Part 3, Operational Overview (DRAFT).pptx
medium	engineering	doris-university	pdf	.pdf	2396749	/mnt/ace/doris/training/1.01 - Subsea Production Control Systems - System Overview and Major Components/References/Subsea Control System for All-Electric Trees.pdf	1.01 - Subsea Production Control Systems - System Overview and Major Components/References/Subsea Control System for All-Electric Trees.pdf
medium	engineering	doris-university	pdf	.pdf	2377063	/mnt/ace/doris/training/1.02 - Subsea Umbilical Systems - System Overview and Major Components/References/Duco - Steel Tube.pdf	1.02 - Subsea Umbilical Systems - System Overview and Major Components/References/Duco - Steel Tube.pdf
medium	engineering	doris-university	presentation	.ppt	2372608	/mnt/ace/doris/training/DE Presentations/DSME Training/DSME-training-kick-off_17-12-2010.ppt	DE Presentations/DSME Training/DSME-training-kick-off_17-12-2010.ppt
medium	engineering	doris-university	pdf	.pdf	2188408	/mnt/ace/doris/training/1.02 - Subsea Umbilical Systems - System Overview and Major Components/References/Duco - Local Analysis.pdf	1.02 - Subsea Umbilical Systems - System Overview and Major Components/References/Duco - Local Analysis.pdf
medium	engineering	doris-university	pdf	.pdf	2182075	/mnt/ace/doris/training/1.03 - Installation and Workover Control Systems - System and Major Component Overview/References/IWOCS Brochure - FMC 3.pdf	1.03 - Installation and Workover Control Systems - System and Major Component Overview/References/IWOCS Brochure - FMC 3.pdf
medium	engineering	doris-university	pdf	.pdf	2117291	/mnt/ace/doris/training/1.02 - Subsea Umbilical Systems - System Overview and Major Components/References/Duco - Global Analysis.pdf	1.02 - Subsea Umbilical Systems - System Overview and Major Components/References/Duco - Global Analysis.pdf
medium	engineering	doris-university	pdf	.pdf	2107541	/mnt/ace/doris/training/1.01 - Subsea Production Control Systems - System Overview and Major Components/References/Enabling Subsea Surveillance.pdf	1.01 - Subsea Production Control Systems - System Overview and Major Components/References/Enabling Subsea Surveillance.pdf
medium	engineering	doris-university	presentation	.ppt	2077696	/mnt/ace/doris/training/DE Presentations/SONANGOL Training/Day_3/DORIS_Training_Contractual_Rev01.ppt	DE Presentations/SONANGOL Training/Day_3/DORIS_Training_Contractual_Rev01.ppt
medium	engineering	doris-university	pdf	.pdf	2047332	/mnt/ace/doris/training/DE Presentations/SONANGOL Training/20141112_email_further_information/DORIS_Other_mooring_systems.pdf	DE Presentations/SONANGOL Training/20141112_email_further_information/DORIS_Other_mooring_systems.pdf
medium	engineering	doris-university	presentation	.pptx	2005817	/mnt/ace/doris/training/Stat Presentations/IFP-25June2015PM1&2Exercicesrev1 (1).pptx	Stat Presentations/IFP-25June2015PM1&2Exercicesrev1 (1).pptx
medium	engineering	doris-university	pdf	.pdf	1995802	/mnt/ace/doris/training/1.03 - Installation and Workover Control Systems - System and Major Component Overview/References/FMC Slimbore Completion Patent (US6715554).pdf	1.03 - Installation and Workover Control Systems - System and Major Component Overview/References/FMC Slimbore Completion Patent (US6715554).pdf
medium	engineering	doris-university	presentation	.ppt	1908224	/mnt/ace/doris/training/draft presentations/Technical Writing/Technical Writing Lunch n Learn 2010.ppt	draft presentations/Technical Writing/Technical Writing Lunch n Learn 2010.ppt
medium	engineering	doris-university	pdf	.pdf	1866157	/mnt/ace/doris/training/1.01 - Subsea Production Control Systems - System Overview and Major Components/References/Introduction to Subsea Engineering for Electrical Engineers.pdf	1.01 - Subsea Production Control Systems - System Overview and Major Components/References/Introduction to Subsea Engineering for Electrical Engineers.pdf
medium	engineering	doris-university	pdf	.pdf	1866157	/mnt/ace/doris/training/1.02 - Subsea Umbilical Systems - System Overview and Major Components/References/Introduction to Subsea Engineering for Electrical Engineers.pdf	1.02 - Subsea Umbilical Systems - System Overview and Major Components/References/Introduction to Subsea Engineering for Electrical Engineers.pdf
medium	engineering	doris-university	pdf	.pdf	1821346	/mnt/ace/doris/training/1.00 - Subsea Production Systems - General Overview/References/Introduction to Subsea Engineering for Electrical Engineers (2017).pdf	1.00 - Subsea Production Systems - General Overview/References/Introduction to Subsea Engineering for Electrical Engineers (2017).pdf
medium	engineering	doris-university	pdf	.pdf	1821346	/mnt/ace/doris/training/1.00 - Subsea Production Systems - General Overview/References/Introduction to Subsea Engineering for Electrical Engineers.pdf	1.00 - Subsea Production Systems - General Overview/References/Introduction to Subsea Engineering for Electrical Engineers.pdf
medium	engineering	doris-university	presentation	.pptx	1804427	/mnt/ace/doris/training/ENI Training/Drill Through Presentation - Felipe.pptx	ENI Training/Drill Through Presentation - Felipe.pptx
medium	engineering	doris-university	pdf	.pdf	1789475	/mnt/ace/doris/training/DE Presentations/SONANGOL Training/Questionnaires.PDF	DE Presentations/SONANGOL Training/Questionnaires.PDF
medium	engineering	doris-university	pdf	.pdf	1785909	/mnt/ace/doris/training/1.02 - Subsea Umbilical Systems - System Overview and Major Components/References/DNV - Umbilical Design Using UmbiliCAD and Helica.pdf	1.02 - Subsea Umbilical Systems - System Overview and Major Components/References/DNV - Umbilical Design Using UmbiliCAD and Helica.pdf
medium	engineering	doris-university	presentation	.ppt	1737728	/mnt/ace/doris/training/FieldLayout/Others/AmericasEnergyCoastDWTechnology.ppt	FieldLayout/Others/AmericasEnergyCoastDWTechnology.ppt
medium	engineering	doris-university	presentation	.ppt	1737728	/mnt/ace/doris/training/draft presentations/FieldLayout/Others/AmericasEnergyCoastDWTechnology.ppt	draft presentations/FieldLayout/Others/AmericasEnergyCoastDWTechnology.ppt
medium	engineering	doris-university	pdf	.pdf	1723542	/mnt/ace/doris/training/1.03 - Installation and Workover Control Systems - System and Major Component Overview/References/IWOCS Brochure - Oceaneering.pdf	1.03 - Installation and Workover Control Systems - System and Major Component Overview/References/IWOCS Brochure - Oceaneering.pdf
medium	engineering	doris-university	pdf	.pdf	1713490	/mnt/ace/doris/training/1.02 - Subsea Umbilical Systems - System Overview and Major Components/References/Subsea Umbilical Systems from Subsea Engineering Handbook.pdf	1.02 - Subsea Umbilical Systems - System Overview and Major Components/References/Subsea Umbilical Systems from Subsea Engineering Handbook.pdf
medium	engineering	doris-university	pdf	.pdf	1686239	/mnt/ace/doris/training/1.02 - Subsea Umbilical Systems - System Overview and Major Components/References/Duco - Thermoplastic Hoses.pdf	1.02 - Subsea Umbilical Systems - System Overview and Major Components/References/Duco - Thermoplastic Hoses.pdf
medium	engineering	doris-university	pdf	.pdf	1640921	/mnt/ace/doris/training/1.03 - Installation and Workover Control Systems - System and Major Component Overview/References/Expro - Bore Selector.pdf	1.03 - Installation and Workover Control Systems - System and Major Component Overview/References/Expro - Bore Selector.pdf
medium	engineering	doris-university	pdf	.pdf	1569042	/mnt/ace/doris/training/1.02 - Subsea Umbilical Systems - System Overview and Major Components/References/SPE 166565 - Umbilical Lay In Challenging Environmental Conditions (2013).pdf	1.02 - Subsea Umbilical Systems - System Overview and Major Components/References/SPE 166565 - Umbilical Lay In Challenging Environmental Conditions (2013).pdf
medium	engineering	doris-university	presentation	.ppt	1488896	/mnt/ace/doris/training/DE Presentations/SONANGOL Training/Day_1/DORIS_Intro.ppt	DE Presentations/SONANGOL Training/Day_1/DORIS_Intro.ppt
medium	engineering	doris-university	pdf	.pdf	1442087	/mnt/ace/doris/training/1.03 - Installation and Workover Control Systems - System and Major Component Overview/References/Introduction to Subsea Production Systems – Drilling and Wells.pdf	1.03 - Installation and Workover Control Systems - System and Major Component Overview/References/Introduction to Subsea Production Systems – Drilling and Wells.pdf
medium	engineering	doris-university	pdf	.pdf	1429563	/mnt/ace/doris/training/1.01 - Subsea Production Control Systems - System Overview and Major Components/References/MDIS Companion Specification Release V1.00.pdf	1.01 - Subsea Production Control Systems - System Overview and Major Components/References/MDIS Companion Specification Release V1.00.pdf
medium	engineering	doris-university	pdf	.pdf	1321103	/mnt/ace/doris/training/1.01 - Subsea Production Control Systems - System Overview and Major Components/References/Long Step-Out Systems for Subsea Pump and Compressor Applications.pdf	1.01 - Subsea Production Control Systems - System Overview and Major Components/References/Long Step-Out Systems for Subsea Pump and Compressor Applications.pdf
medium	engineering	doris-university	presentation	.ppt	1300992	/mnt/ace/doris/training/DE Presentations/SONANGOL Training/Day_3/DORIS_Why_subsea_Separation.ppt	DE Presentations/SONANGOL Training/Day_3/DORIS_Why_subsea_Separation.ppt
medium	engineering	doris-university	pdf	.pdf	1297482	/mnt/ace/doris/training/1.02 - Subsea Umbilical Systems - System Overview and Major Components/References/Technip – Umbilical Systems.pdf	1.02 - Subsea Umbilical Systems - System Overview and Major Components/References/Technip – Umbilical Systems.pdf
medium	engineering	doris-university	pdf	.pdf	1259867	/mnt/ace/doris/training/DE Presentations/SONANGOL Training/20141112_email_further_information/DORIS_Brownfield_example_sample.pdf	DE Presentations/SONANGOL Training/20141112_email_further_information/DORIS_Brownfield_example_sample.pdf
medium	engineering	doris-university	pdf	.pdf	1259867	/mnt/ace/doris/training/DE Presentations/SONANGOL Training/Day_3/DORIS_Brownfield_example_sample.pdf	DE Presentations/SONANGOL Training/Day_3/DORIS_Brownfield_example_sample.pdf
medium	engineering	doris-university	pdf	.pdf	1230549	/mnt/ace/doris/training/1.01 - Subsea Production Control Systems - System Overview and Major Components/References/DNV - Introduction to Subsea Production Systems.pdf	1.01 - Subsea Production Control Systems - System Overview and Major Components/References/DNV - Introduction to Subsea Production Systems.pdf
medium	engineering	doris-university	pdf	.pdf	1210492	/mnt/ace/doris/training/1.02 - Subsea Umbilical Systems - System Overview and Major Components/References/Umbilicals - Subseapedia.pdf	1.02 - Subsea Umbilical Systems - System Overview and Major Components/References/Umbilicals - Subseapedia.pdf
medium	engineering	doris-university	presentation	.pptx	1161998	/mnt/ace/doris/training/Stat Presentations/1. IFP training - Subsea Production Systems and Pipelines - CONTENT (1).pptx	Stat Presentations/1. IFP training - Subsea Production Systems and Pipelines - CONTENT (1).pptx
medium	engineering	doris-university	pdf	.pdf	1000332	/mnt/ace/doris/training/1.02 - Subsea Umbilical Systems - System Overview and Major Components/References/How Maximum Allowable Tension of Cables and Umbilicals is Influenced by Friction.pdf	1.02 - Subsea Umbilical Systems - System Overview and Major Components/References/How Maximum Allowable Tension of Cables and Umbilicals is Influenced by Friction.pdf
medium	engineering	doris-university	pdf	.pdf	989774	/mnt/ace/doris/training/1.03 - Installation and Workover Control Systems - System and Major Component Overview/References/FMC Well Access Systems.pdf	1.03 - Installation and Workover Control Systems - System and Major Component Overview/References/FMC Well Access Systems.pdf
medium	engineering	doris-university	pdf	.pdf	983515	/mnt/ace/doris/training/1.01 - Subsea Production Control Systems - System Overview and Major Components/References/OTC 20980 (Non-Intrusive Subsea Sensors).pdf	1.01 - Subsea Production Control Systems - System Overview and Major Components/References/OTC 20980 (Non-Intrusive Subsea Sensors).pdf
medium	engineering	doris-university	pdf	.pdf	962560	/mnt/ace/doris/training/1.00 - Subsea Production Systems - General Overview/References/Artificial Lift for Subsea Applications (2016).pdf	1.00 - Subsea Production Systems - General Overview/References/Artificial Lift for Subsea Applications (2016).pdf
medium	engineering	doris-university	tabular	.xls	945664	/mnt/ace/doris/training/1.01 - Subsea Production Control Systems - System Overview and Major Components/Embedded Charts/Methanol Analysis.xls	1.01 - Subsea Production Control Systems - System Overview and Major Components/Embedded Charts/Methanol Analysis.xls
medium	engineering	doris-university	pdf	.pdf	943010	/mnt/ace/doris/training/1.03 - Installation and Workover Control Systems - System and Major Component Overview/References/Deep Water Gas Charged Accumulator (2004), Texas A&M.pdf	1.03 - Installation and Workover Control Systems - System and Major Component Overview/References/Deep Water Gas Charged Accumulator (2004), Texas A&M.pdf
medium	engineering	doris-university	pdf	.pdf	942130	/mnt/ace/doris/training/1.00 - Subsea Production Systems - General Overview/References/2628-02-what-is-subsea.pdf	1.00 - Subsea Production Systems - General Overview/References/2628-02-what-is-subsea.pdf
medium	engineering	doris-university	pdf	.pdf	942130	/mnt/ace/doris/training/1.00 - Subsea Production Systems - General Overview/References/Introduction to Subsea Production Systems (2015) by DNV.pdf	1.00 - Subsea Production Systems - General Overview/References/Introduction to Subsea Production Systems (2015) by DNV.pdf
medium	engineering	doris-university	pdf	.pdf	939073	/mnt/ace/doris/training/1.01 - Subsea Production Control Systems - System Overview and Major Components/References/OTC 23929 (Reducing Intervention in Subsea Wells with Fiber Optic Technology).pdf	1.01 - Subsea Production Control Systems - System Overview and Major Components/References/OTC 23929 (Reducing Intervention in Subsea Wells with Fiber Optic Technology).pdf
medium	engineering	doris-university	pdf	.pdf	924453	/mnt/ace/doris/training/1.01 - Subsea Production Control Systems - System Overview and Major Components/References/OTC 24204-MS (Subsea UPS Systems).pdf	1.01 - Subsea Production Control Systems - System Overview and Major Components/References/OTC 24204-MS (Subsea UPS Systems).pdf
medium	engineering	doris-university	pdf	.pdf	913793	/mnt/ace/doris/training/1.01 - Subsea Production Control Systems - System Overview and Major Components/References/2016-05 Offshore Article.pdf	1.01 - Subsea Production Control Systems - System Overview and Major Components/References/2016-05 Offshore Article.pdf
medium	engineering	doris-university	pdf	.pdf	855143	/mnt/ace/doris/training/1.03 - Installation and Workover Control Systems - System and Major Component Overview/References/Introduction to Subsea Production Systems – Xmas Tree Systems.pdf	1.03 - Installation and Workover Control Systems - System and Major Component Overview/References/Introduction to Subsea Production Systems – Xmas Tree Systems.pdf
medium	engineering	doris-university	pdf	.pdf	712648	/mnt/ace/doris/training/1.02 - Subsea Umbilical Systems - System Overview and Major Components/References/Numerical and Experimental Analysis of Umbilical Cables under Tension.pdf	1.02 - Subsea Umbilical Systems - System Overview and Major Components/References/Numerical and Experimental Analysis of Umbilical Cables under Tension.pdf
medium	engineering	doris-university	pdf	.pdf	698086	/mnt/ace/doris/training/1.01 - Subsea Production Control Systems - System Overview and Major Components/References/Enabling Pressure Tolerant Power Electronic Converters for Subsea Applications.pdf	1.01 - Subsea Production Control Systems - System Overview and Major Components/References/Enabling Pressure Tolerant Power Electronic Converters for Subsea Applications.pdf
medium	engineering	doris-university	pdf	.pdf	695546	/mnt/ace/doris/training/1.00 - Subsea Production Systems - General Overview/References/Design and Installation of Deepwater Petroleum Pipelines (2002).pdf	1.00 - Subsea Production Systems - General Overview/References/Design and Installation of Deepwater Petroleum Pipelines (2002).pdf
medium	engineering	doris-university	pdf	.pdf	692590	/mnt/ace/doris/training/1.03 - Installation and Workover Control Systems - System and Major Component Overview/References/IWOCS Brochure - FMC 2.pdf	1.03 - Installation and Workover Control Systems - System and Major Component Overview/References/IWOCS Brochure - FMC 2.pdf
medium	engineering	doris-university	pdf	.pdf	664032	/mnt/ace/doris/training/1.03 - Installation and Workover Control Systems - System and Major Component Overview/References/Expro - Dual Bore.pdf	1.03 - Installation and Workover Control Systems - System and Major Component Overview/References/Expro - Dual Bore.pdf
medium	engineering	doris-university	pdf	.pdf	656459	/mnt/ace/doris/training/1.03 - Installation and Workover Control Systems - System and Major Component Overview/References/HYDAC Accumulators.pdf	1.03 - Installation and Workover Control Systems - System and Major Component Overview/References/HYDAC Accumulators.pdf
medium	engineering	doris-university	pdf	.pdf	647754	/mnt/ace/doris/training/1.02 - Subsea Umbilical Systems - System Overview and Major Components/References/Oceaneering - I and J Tube Seals.pdf	1.02 - Subsea Umbilical Systems - System Overview and Major Components/References/Oceaneering - I and J Tube Seals.pdf
medium	engineering	doris-university	pdf	.pdf	626132	/mnt/ace/doris/training/1.01 - Subsea Production Control Systems - System Overview and Major Components/References/DNV - Production Control Systems.pdf	1.01 - Subsea Production Control Systems - System Overview and Major Components/References/DNV - Production Control Systems.pdf
medium	engineering	doris-university	pdf	.pdf	587739	/mnt/ace/doris/training/1.02 - Subsea Umbilical Systems - System Overview and Major Components/References/Oceaneering - Pull-in and Hang Off Systems.pdf	1.02 - Subsea Umbilical Systems - System Overview and Major Components/References/Oceaneering - Pull-in and Hang Off Systems.pdf
medium	engineering	doris-university	pdf	.pdf	581526	/mnt/ace/doris/training/1.02 - Subsea Umbilical Systems - System Overview and Major Components/References/Oceaneering - Umbilical Tie Back Collar.pdf	1.02 - Subsea Umbilical Systems - System Overview and Major Components/References/Oceaneering - Umbilical Tie Back Collar.pdf
medium	engineering	doris-university	pdf	.pdf	526561	/mnt/ace/doris/training/ADMIN-FORM-02 - Control Systems Lunch and Learn, Part 1.pdf	ADMIN-FORM-02 - Control Systems Lunch and Learn, Part 1.pdf
medium	engineering	doris-university	pdf	.pdf	520723	/mnt/ace/doris/training/ADMIN-FORM-02 - Umbilical Systems Lunch and Learn, Part 1 (2018).pdf	ADMIN-FORM-02 - Umbilical Systems Lunch and Learn, Part 1 (2018).pdf
medium	engineering	doris-university	pdf	.pdf	519289	/mnt/ace/doris/training/ADMIN-FORM-02 - Control Systems Lunch and Learn, Part 2.pdf	ADMIN-FORM-02 - Control Systems Lunch and Learn, Part 2.pdf
medium	engineering	doris-university	pdf	.pdf	519230	/mnt/ace/doris/training/ADMIN-FORM-02 - Umbilical Systems Lunch and Learn, Part 3 (2018).pdf	ADMIN-FORM-02 - Umbilical Systems Lunch and Learn, Part 3 (2018).pdf
medium	engineering	doris-university	pdf	.pdf	519197	/mnt/ace/doris/training/ADMIN-FORM-02 - Umbilical Systems Lunch and Learn, Part 2 (2018).pdf	ADMIN-FORM-02 - Umbilical Systems Lunch and Learn, Part 2 (2018).pdf
medium	engineering	doris-university	pdf	.pdf	513201	/mnt/ace/doris/training/ADMIN-FORM-02 - Umbilical Systems Lunch and Learn, Part 3 Rescheduled (2018).pdf	ADMIN-FORM-02 - Umbilical Systems Lunch and Learn, Part 3 Rescheduled (2018).pdf
medium	engineering	doris-university	pdf	.pdf	507837	/mnt/ace/doris/training/DE Presentations/SONANGOL Training/20141112_email_further_information/Final Report - Phase 2 - Summary Executive Report.pdf	DE Presentations/SONANGOL Training/20141112_email_further_information/Final Report - Phase 2 - Summary Executive Report.pdf
medium	engineering	doris-university	pdf	.pdf	483328	/mnt/ace/doris/training/1.00 - Subsea Production Systems - General Overview/References/Hess Offshore Guyana’s Liza Vs. Permian’s Delaware Basin (2018).pdf	1.00 - Subsea Production Systems - General Overview/References/Hess Offshore Guyana’s Liza Vs. Permian’s Delaware Basin (2018).pdf
medium	engineering	doris-university	pdf	.pdf	466999	/mnt/ace/doris/training/1.02 - Subsea Umbilical Systems - System Overview and Major Components/References/Risk-Based Structural Analysis of Frade Umbilical Cables (2009).pdf	1.02 - Subsea Umbilical Systems - System Overview and Major Components/References/Risk-Based Structural Analysis of Frade Umbilical Cables (2009).pdf
medium	engineering	doris-university	pdf	.pdf	429495	/mnt/ace/doris/training/DE Presentations/ENI Training/E-23-M-Z-0411-00 Prep for and exec of 1st start up-A2_master ntc wo appendix.pdf	DE Presentations/ENI Training/E-23-M-Z-0411-00 Prep for and exec of 1st start up-A2_master ntc wo appendix.pdf
medium	engineering	doris-university	pdf	.pdf	425126	/mnt/ace/doris/training/1.03 - Installation and Workover Control Systems - System and Major Component Overview/Embedded Charts/Subsea Accumulator Sizing, Simplified (V1.0).pdf	1.03 - Installation and Workover Control Systems - System and Major Component Overview/Embedded Charts/Subsea Accumulator Sizing, Simplified (V1.0).pdf
medium	engineering	doris-university	pdf	.pdf	406147	/mnt/ace/doris/training/1.02 - Subsea Umbilical Systems - System Overview and Major Components/References/Oceaneering - Subsea Umbilical Termination Interface.pdf	1.02 - Subsea Umbilical Systems - System Overview and Major Components/References/Oceaneering - Subsea Umbilical Termination Interface.pdf
medium	engineering	doris-university	pdf	.pdf	401408	/mnt/ace/doris/training/1.00 - Subsea Production Systems - General Overview/References/Considerations In Designing Multiphase Flow Lines (2012).pdf	1.00 - Subsea Production Systems - General Overview/References/Considerations In Designing Multiphase Flow Lines (2012).pdf
medium	engineering	doris-university	pdf	.pdf	368081	/mnt/ace/doris/training/1.01 - Subsea Production Control Systems - System Overview and Major Components/References/ITC-25009-MS (The Future of Electric Controls).pdf	1.01 - Subsea Production Control Systems - System Overview and Major Components/References/ITC-25009-MS (The Future of Electric Controls).pdf
medium	engineering	doris-university	pdf	.pdf	358507	/mnt/ace/doris/training/1.02 - Subsea Umbilical Systems - System Overview and Major Components/References/IEC 60038 - Standard Voltages.pdf	1.02 - Subsea Umbilical Systems - System Overview and Major Components/References/IEC 60038 - Standard Voltages.pdf
medium	engineering	doris-university	pdf	.pdf	349919	/mnt/ace/doris/training/1.03 - Installation and Workover Control Systems - System and Major Component Overview/References/Expro - Exploration and Appraisal.pdf	1.03 - Installation and Workover Control Systems - System and Major Component Overview/References/Expro - Exploration and Appraisal.pdf
medium	engineering	doris-university	pdf	.pdf	312136	/mnt/ace/doris/training/1.01 - Subsea Production Control Systems - System Overview and Major Components/References/IWIS-RP-A2 (IWIS Recommended Practice).pdf	1.01 - Subsea Production Control Systems - System Overview and Major Components/References/IWIS-RP-A2 (IWIS Recommended Practice).pdf
medium	engineering	doris-university	pdf	.pdf	273759	/mnt/ace/doris/training/1.01 - Subsea Production Control Systems - System Overview and Major Components/References/IBP2718-10 (Challenges of Electrohydraulic Landing Strings).pdf	1.01 - Subsea Production Control Systems - System Overview and Major Components/References/IBP2718-10 (Challenges of Electrohydraulic Landing Strings).pdf
medium	engineering	doris-university	pdf	.pdf	272351	/mnt/ace/doris/training/DE Presentations/SONANGOL Training/attendees_email.PDF	DE Presentations/SONANGOL Training/attendees_email.PDF
medium	engineering	doris-university	pdf	.pdf	262930	/mnt/ace/doris/training/1.02 - Subsea Umbilical Systems - System Overview and Major Components/References/DNV-RP-F401 - Electrical Power Cables in Subsea Applications.pdf	1.02 - Subsea Umbilical Systems - System Overview and Major Components/References/DNV-RP-F401 - Electrical Power Cables in Subsea Applications.pdf
medium	engineering	doris-university	pdf	.pdf	259212	/mnt/ace/doris/training/1.02 - Subsea Umbilical Systems - System Overview and Major Components/References/UMF-GN02 (Glossary of Terms and Abbreviated Terms for use with Umbilical Systems).pdf	1.02 - Subsea Umbilical Systems - System Overview and Major Components/References/UMF-GN02 (Glossary of Terms and Abbreviated Terms for use with Umbilical Systems).pdf
medium	engineering	doris-university	pdf	.pdf	258284	/mnt/ace/doris/training/1.03 - Installation and Workover Control Systems - System and Major Component Overview/References/GP650502 (IWOCS).pdf	1.03 - Installation and Workover Control Systems - System and Major Component Overview/References/GP650502 (IWOCS).pdf
medium	engineering	doris-university	document	.doc	252928	/mnt/ace/doris/training/DE Presentations/DSME Training/Training content Rev 0 - BB.doc	DE Presentations/DSME Training/Training content Rev 0 - BB.doc
medium	engineering	doris-university	pdf	.pdf	235772	/mnt/ace/doris/training/1.03 - Installation and Workover Control Systems - System and Major Component Overview/References/GP650603 (IWOCS).pdf	1.03 - Installation and Workover Control Systems - System and Major Component Overview/References/GP650603 (IWOCS).pdf
medium	engineering	doris-university	pdf	.pdf	219754	/mnt/ace/doris/training/1.03 - Installation and Workover Control Systems - System and Major Component Overview/References/IWOCS Umbilical - Oceaneering.pdf	1.03 - Installation and Workover Control Systems - System and Major Component Overview/References/IWOCS Umbilical - Oceaneering.pdf
medium	engineering	doris-university	pdf	.pdf	179469	/mnt/ace/doris/training/1.03 - Installation and Workover Control Systems - System and Major Component Overview/References/Canyon Express - Well Completions for Deepwater Gas Producers.pdf	1.03 - Installation and Workover Control Systems - System and Major Component Overview/References/Canyon Express - Well Completions for Deepwater Gas Producers.pdf
medium	engineering	doris-university	pdf	.pdf	161990	/mnt/ace/doris/training/1.02 - Subsea Umbilical Systems - System Overview and Major Components/References/UMF-GN04 (Free Span Analysis).pdf	1.02 - Subsea Umbilical Systems - System Overview and Major Components/References/UMF-GN04 (Free Span Analysis).pdf
medium	engineering	doris-university	pdf	.pdf	147605	/mnt/ace/doris/training/1.03 - Installation and Workover Control Systems - System and Major Component Overview/References/New tools extend deepwater well test, intervention capabilities - Oil & Gas Journal.pdf	1.03 - Installation and Workover Control Systems - System and Major Component Overview/References/New tools extend deepwater well test, intervention capabilities - Oil & Gas Journal.pdf
medium	engineering	doris-university	document	.doc	144896	/mnt/ace/doris/training/DE Presentations/SONANGOL Training/Questionnaire training SONANGOL.doc	DE Presentations/SONANGOL Training/Questionnaire training SONANGOL.doc
medium	engineering	doris-university	presentation	.ppt	144384	/mnt/ace/doris/training/Flexible Pipe/ch04.ppt	Flexible Pipe/ch04.ppt
medium	engineering	doris-university	presentation	.ppt	144384	/mnt/ace/doris/training/draft presentations/FieldLayout/ch04.ppt	draft presentations/FieldLayout/ch04.ppt
medium	engineering	doris-university	pdf	.pdf	136547	/mnt/ace/doris/training/1.02 - Subsea Umbilical Systems - System Overview and Major Components/References/NORSOK U-Cr-006 - Subsea Production Control Umbilical.pdf	1.02 - Subsea Umbilical Systems - System Overview and Major Components/References/NORSOK U-Cr-006 - Subsea Production Control Umbilical.pdf
medium	engineering	doris-university	pdf	.pdf	126829	/mnt/ace/doris/training/1.02 - Subsea Umbilical Systems - System Overview and Major Components/References/UMF-GN01 (Comparison of Steel Tubes and Thermoplastic Hoses in Umbilical Service).pdf	1.02 - Subsea Umbilical Systems - System Overview and Major Components/References/UMF-GN01 (Comparison of Steel Tubes and Thermoplastic Hoses in Umbilical Service).pdf
medium	engineering	doris-university	tabular	.xls	118784	/mnt/ace/doris/training/DE Presentations/DSME Training/Training - Team-schedule.xls	DE Presentations/DSME Training/Training - Team-schedule.xls
medium	engineering	doris-university	pdf	.pdf	108267	/mnt/ace/doris/training/1.02 - Subsea Umbilical Systems - System Overview and Major Components/References/UMF-GN07 (Standard Template for Relevant Umbilical Installation Parameters).pdf	1.02 - Subsea Umbilical Systems - System Overview and Major Components/References/UMF-GN07 (Standard Template for Relevant Umbilical Installation Parameters).pdf
medium	engineering	doris-university	pdf	.pdf	105640	/mnt/ace/doris/training/1.02 - Subsea Umbilical Systems - System Overview and Major Components/References/UMF-GN05 (Umbilical Systems – Typical Manufacturer-Installer Interface Guidelines).pdf	1.02 - Subsea Umbilical Systems - System Overview and Major Components/References/UMF-GN05 (Umbilical Systems – Typical Manufacturer-Installer Interface Guidelines).pdf
medium	engineering	doris-university	tabular	.xls	83968	/mnt/ace/doris/training/Superceeded/Doris Lunchtime University syllabus - 20sep10dew.xls	Superceeded/Doris Lunchtime University syllabus - 20sep10dew.xls
medium	engineering	doris-university	tabular	.xls	77312	/mnt/ace/doris/training/Superceeded/Doris Lunchtime University syllabus - 20101001.xls	Superceeded/Doris Lunchtime University syllabus - 20101001.xls
medium	engineering	doris-university	tabular	.xls	76800	/mnt/ace/doris/training/Superceeded/Doris Lunchtime University syllabus - 20100920.xls	Superceeded/Doris Lunchtime University syllabus - 20100920.xls
medium	engineering	doris-university	tabular	.xls	72704	/mnt/ace/doris/training/Superceeded/Doris Lunchtime University syllabus - 20100902.xls	Superceeded/Doris Lunchtime University syllabus - 20100902.xls
medium	engineering	doris-university	pdf	.pdf	70282	/mnt/ace/doris/training/1.02 - Subsea Umbilical Systems - System Overview and Major Components/Embedded Charts/Umbilical Tube Size Calculation per API 17E, Simplified (V0).pdf	1.02 - Subsea Umbilical Systems - System Overview and Major Components/Embedded Charts/Umbilical Tube Size Calculation per API 17E, Simplified (V0).pdf
medium	engineering	doris-university	pdf	.pdf	63278	/mnt/ace/doris/training/1.00 - Subsea Production Systems - General Overview/Old Versions/2018-03-18 - Lunch and Learn - Subsea Umbilical Systems Part 2.pdf	1.00 - Subsea Production Systems - General Overview/Old Versions/2018-03-18 - Lunch and Learn - Subsea Umbilical Systems Part 2.pdf
medium	engineering	doris-university	pdf	.pdf	62393	/mnt/ace/doris/training/1.02 - Subsea Umbilical Systems - System Overview and Major Components/References/UMF-GN06 (Umbilical Storage Guidelines).pdf	1.02 - Subsea Umbilical Systems - System Overview and Major Components/References/UMF-GN06 (Umbilical Storage Guidelines).pdf
medium	engineering	doris-university	pdf	.pdf	60283	/mnt/ace/doris/training/1.00 - Subsea Production Systems - General Overview/Old Versions/2018-04-03 - Lunch and Learn - Subsea Umbilical Systems Part 3.pdf	1.00 - Subsea Production Systems - General Overview/Old Versions/2018-04-03 - Lunch and Learn - Subsea Umbilical Systems Part 3.pdf
medium	engineering	doris-university	tabular	.xls	58368	/mnt/ace/doris/training/Superceeded/Doris Lunchtime University syllabus - draft.xls	Superceeded/Doris Lunchtime University syllabus - draft.xls
medium	engineering	doris-university	tabular	.xls	51712	/mnt/ace/doris/training/Doris University Course Schedule - 20180119.xls	Doris University Course Schedule - 20180119.xls
medium	engineering	doris-university	tabular	.xls	51200	/mnt/ace/doris/training/DE Presentations/SONANGOL Training/questionnaire.xls	DE Presentations/SONANGOL Training/questionnaire.xls
medium	engineering	doris-university	document	.doc	48640	/mnt/ace/doris/training/Superceeded/Doris U Syllabus rev PR.doc	Superceeded/Doris U Syllabus rev PR.doc
medium	engineering	doris-university	document	.doc	47616	/mnt/ace/doris/training/Superceeded/Doris U Syllabus.doc	Superceeded/Doris U Syllabus.doc
medium	engineering	doris-university	tabular	.xls	45056	/mnt/ace/doris/training/DE Presentations/DSME Training/DSME Training - Lunch plan.xls	DE Presentations/DSME Training/DSME Training - Lunch plan.xls
medium	engineering	doris-university	pdf	.pdf	40768	/mnt/ace/doris/training/DE Presentations/DSME Training/DORIS Account Connection Information - DSME Training.pdf	DE Presentations/DSME Training/DORIS Account Connection Information - DSME Training.pdf
medium	engineering	doris-university	pdf	.pdf	40721	/mnt/ace/doris/training/1.02 - Subsea Umbilical Systems - System Overview and Major Components/References/UMF-GN03 (Material Data Sheet for Super Duplex Tubes).pdf	1.02 - Subsea Umbilical Systems - System Overview and Major Components/References/UMF-GN03 (Material Data Sheet for Super Duplex Tubes).pdf
medium	engineering	doris-university	pdf	.pdf	32888	/mnt/ace/doris/training/DE Presentations/SONANGOL Training/20141112_email_further_information/Composite riser.pdf	DE Presentations/SONANGOL Training/20141112_email_further_information/Composite riser.pdf
medium	engineering	doris-university	tabular	.xlsx	16426	/mnt/ace/doris/training/1.02 - Subsea Umbilical Systems - System Overview and Major Components/Embedded Charts/Hydrostatic Pressure.xlsx	1.02 - Subsea Umbilical Systems - System Overview and Major Components/Embedded Charts/Hydrostatic Pressure.xlsx
