relative_path	stage_size
01.Stability/FST-1/FST-1.gf	465633
01.Stability/FST-1/FST-1_TSB_defs.lib	1194
01.Stability/FST-1/FST-1_defs.lib	1913
01.Stability/FST-1/FST_Create_AH_Model.pm	245188
01.Stability/FST-1/FST_Modify_AH_Model.pm	890
01.Stability/FST-1/MaxVCG_Command.run	2025
01.Stability/FST-1/MaxVCG_LNG.run	14270
01.Stability/FST-1/TSB.run	1956
01.Stability/FST-1/WLNG_EQUI.run	11606
01.Stability/FST-2/FST-2.gf	454707
01.Stability/FST-2/FST-2_defs.lib	1907
01.Stability/FST-2/MaxVCG_Command.run	2025
01.Stability/FST-2/MaxVCG_LNG.run	14291
01.Stability/FST-2/MaxVCG_LNG_4.run	4149
01.Stability/FST-2/MaxVCG_Limit_5.run	244
01.Stability/FST-2/WLNG_EQUI.run	11626
01.Stability/FST-2/WLNG_EQUI_4.run	2943
02.Mooring Analysis/02.Hyd/03-Both FSTs/AL_FST2F_FST1F.LIS	12871678
02.Mooring Analysis/02.Hyd/03-Both FSTs/AL_FST2F_FST1F.dat	2848196
02.Mooring Analysis/02.Hyd/03-Both FSTs/AL_FST2F_FST1F_HWL.LIS	12871678
02.Mooring Analysis/02.Hyd/03-Both FSTs/AL_FST2F_FST1F_HWL.dat	2848196
02.Mooring Analysis/02.Hyd/03-Both FSTs/AL_FST2F_FST1F_LWL.LIS	12871678
02.Mooring Analysis/02.Hyd/03-Both FSTs/AL_FST2F_FST1F_LWL.dat	2848196
02.Mooring Analysis/02.Hyd/03-Both FSTs/AL_FST2F_FST1L.LIS	12696481
02.Mooring Analysis/02.Hyd/03-Both FSTs/AL_FST2F_FST1L.dat	2784448
02.Mooring Analysis/02.Hyd/03-Both FSTs/AL_FST2F_FST1L_HWL.LIS	12696481
02.Mooring Analysis/02.Hyd/03-Both FSTs/AL_FST2F_FST1L_HWL.dat	2784448
02.Mooring Analysis/02.Hyd/03-Both FSTs/AL_FST2F_FST1L_LWL.LIS	12696481
02.Mooring Analysis/02.Hyd/03-Both FSTs/AL_FST2F_FST1L_LWL.dat	2784448
02.Mooring Analysis/02.Hyd/03-Both FSTs/AL_FST2L_FST1F.LIS	12588886
02.Mooring Analysis/02.Hyd/03-Both FSTs/AL_FST2L_FST1F.dat	2745100
02.Mooring Analysis/02.Hyd/03-Both FSTs/AL_FST2L_FST1F_HWL.LIS	12588886
02.Mooring Analysis/02.Hyd/03-Both FSTs/AL_FST2L_FST1F_HWL.dat	2745100
02.Mooring Analysis/02.Hyd/03-Both FSTs/AL_FST2L_FST1F_LWL.LIS	12588886
02.Mooring Analysis/02.Hyd/03-Both FSTs/AL_FST2L_FST1F_LWL.dat	2745100
02.Mooring Analysis/02.Hyd/03-Both FSTs/AL_FST2L_FST1L.LIS	13501259
02.Mooring Analysis/02.Hyd/03-Both FSTs/AL_FST2L_FST1L.dat	2681992
02.Mooring Analysis/02.Hyd/03-Both FSTs/AL_FST2L_FST1L_HWL.LIS	13501259
02.Mooring Analysis/02.Hyd/03-Both FSTs/AL_FST2L_FST1L_HWL.dat	2681992
02.Mooring Analysis/02.Hyd/03-Both FSTs/AL_FST2L_FST1L_LWL.LIS	13501259
02.Mooring Analysis/02.Hyd/03-Both FSTs/AL_FST2L_FST1L_LWL.dat	2681992
02.Mooring Analysis/02.Hyd/04-Both FST's & LNGC/AL_FST2F_FST1F_LNGCEB.LIS	19508269
02.Mooring Analysis/02.Hyd/04-Both FST's & LNGC/AL_FST2F_FST1F_LNGCEB.dat	4203687
02.Mooring Analysis/02.Hyd/04-Both FST's & LNGC/AL_FST2F_FST1F_LNGCEB_HWL.LIS	19508352
02.Mooring Analysis/02.Hyd/04-Both FST's & LNGC/AL_FST2F_FST1F_LNGCEB_HWL.dat	4203687
02.Mooring Analysis/02.Hyd/04-Both FST's & LNGC/AL_FST2F_FST1F_LNGCEB_LWL.LIS	19508352
02.Mooring Analysis/02.Hyd/04-Both FST's & LNGC/AL_FST2F_FST1F_LNGCEB_LWL.dat	4203687
02.Mooring Analysis/02.Hyd/04-Both FST's & LNGC/AL_FST2F_FST1F_LNGCPB.LIS	19407660
02.Mooring Analysis/02.Hyd/04-Both FST's & LNGC/AL_FST2F_FST1F_LNGCPB.dat	4167059
02.Mooring Analysis/02.Hyd/04-Both FST's & LNGC/AL_FST2F_FST1F_LNGCPB_HWL.LIS	19407743
02.Mooring Analysis/02.Hyd/04-Both FST's & LNGC/AL_FST2F_FST1F_LNGCPB_HWL.dat	4167059
02.Mooring Analysis/02.Hyd/04-Both FST's & LNGC/AL_FST2F_FST1F_LNGCPB_LWL.LIS	19407743
02.Mooring Analysis/02.Hyd/04-Both FST's & LNGC/AL_FST2F_FST1F_LNGCPB_LWL.dat	4167059
02.Mooring Analysis/02.Hyd/04-Both FST's & LNGC/AL_FST2L_FST1L_LNGCEF.LIS	19608116
02.Mooring Analysis/02.Hyd/04-Both FST's & LNGC/AL_FST2L_FST1L_LNGCEF.dat	4115761
02.Mooring Analysis/02.Hyd/04-Both FST's & LNGC/AL_FST2L_FST1L_LNGCEF_HWL.LIS	19608199
02.Mooring Analysis/02.Hyd/04-Both FST's & LNGC/AL_FST2L_FST1L_LNGCEF_HWL.dat	4115761
02.Mooring Analysis/02.Hyd/04-Both FST's & LNGC/AL_FST2L_FST1L_LNGCEF_LWL.LIS	19608199
02.Mooring Analysis/02.Hyd/04-Both FST's & LNGC/AL_FST2L_FST1L_LNGCEF_LWL.dat	4115761
02.Mooring Analysis/02.Hyd/04-Both FST's & LNGC/AL_FST2L_FST1L_LNGCPF.LIS	18666262
02.Mooring Analysis/02.Hyd/04-Both FST's & LNGC/AL_FST2L_FST1L_LNGCPF.dat	4020267
02.Mooring Analysis/02.Hyd/04-Both FST's & LNGC/AL_FST2L_FST1L_LNGCPF_HWL.LIS	18666345
02.Mooring Analysis/02.Hyd/04-Both FST's & LNGC/AL_FST2L_FST1L_LNGCPF_HWL.dat	4020267
02.Mooring Analysis/02.Hyd/04-Both FST's & LNGC/AL_FST2L_FST1L_LNGCPF_LWL.LIS	18666345
02.Mooring Analysis/02.Hyd/04-Both FST's & LNGC/AL_FST2L_FST1L_LNGCPF_LWL.dat	4020267
02.Mooring Analysis/03.Orcaflex/00-Common/Curr_Ext_FST1F.yml	3673
02.Mooring Analysis/03.Orcaflex/00-Common/Curr_Ext_FST1L.yml	3696
02.Mooring Analysis/03.Orcaflex/00-Common/Curr_Ext_FST2F.yml	3622
02.Mooring Analysis/03.Orcaflex/00-Common/Curr_Ext_FST2L.yml	3666
02.Mooring Analysis/03.Orcaflex/00-Common/Curr_Oper_FST1F.yml	3417
02.Mooring Analysis/03.Orcaflex/00-Common/Curr_Oper_FST1L.yml	3436
02.Mooring Analysis/03.Orcaflex/00-Common/Curr_Oper_FST2F.yml	3426
02.Mooring Analysis/03.Orcaflex/00-Common/Curr_Oper_FST2L.yml	3454
02.Mooring Analysis/03.Orcaflex/00-Common/Curr_Oper_LNGCEB.yml	3505
02.Mooring Analysis/03.Orcaflex/00-Common/Curr_Oper_LNGCEF.yml	3508
02.Mooring Analysis/03.Orcaflex/00-Common/Curr_Oper_LNGCPB.yml	3443
02.Mooring Analysis/03.Orcaflex/00-Common/Curr_Oper_LNGCPF.yml	3446
02.Mooring Analysis/03.Orcaflex/00-Common/Mooring_stiffness.yml	9350
02.Mooring Analysis/03.Orcaflex/00-Common/Wind_Ext_FST1F.yml	3316
02.Mooring Analysis/03.Orcaflex/00-Common/Wind_Ext_FST1L.yml	3302
02.Mooring Analysis/03.Orcaflex/00-Common/Wind_Ext_FST2F.yml	3318
02.Mooring Analysis/03.Orcaflex/00-Common/Wind_Ext_FST2L.yml	3304
02.Mooring Analysis/03.Orcaflex/00-Common/Wind_Oper_FST1F.yml	3332
02.Mooring Analysis/03.Orcaflex/00-Common/Wind_Oper_FST1L.yml	3321
02.Mooring Analysis/03.Orcaflex/00-Common/Wind_Oper_FST2F.yml	3349
02.Mooring Analysis/03.Orcaflex/00-Common/Wind_Oper_FST2L.yml	3323
02.Mooring Analysis/03.Orcaflex/00-Common/Wind_Oper_LNGCEB.yml	3397
02.Mooring Analysis/03.Orcaflex/00-Common/Wind_Oper_LNGCEF.yml	3395
02.Mooring Analysis/03.Orcaflex/00-Common/Wind_Oper_LNGCPB.yml	3337
02.Mooring Analysis/03.Orcaflex/00-Common/Wind_Oper_LNGCPF.yml	3343
02.Mooring Analysis/03.Orcaflex/01-FST's Only/00-Bases/FST2F_FST1F_universal_HWL_r09.dat	29191733
02.Mooring Analysis/03.Orcaflex/01-FST's Only/00-Bases/FST2F_FST1F_universal_LWL_r09.dat	29191773
02.Mooring Analysis/03.Orcaflex/01-FST's Only/00-Bases/FST2F_FST1F_universal_MWL_r09.dat	29191701
02.Mooring Analysis/03.Orcaflex/01-FST's Only/00-Bases/FST2L_FST1L_universal_HWL_r09.dat	42107964
02.Mooring Analysis/03.Orcaflex/01-FST's Only/00-Bases/FST2L_FST1L_universal_HWL_r09_J1L.dat	42110954
02.Mooring Analysis/03.Orcaflex/01-FST's Only/00-Bases/FST2L_FST1L_universal_HWL_r09_J2L.dat	42110970
02.Mooring Analysis/03.Orcaflex/01-FST's Only/00-Bases/FST2L_FST1L_universal_HWL_r09_J3L.dat	42110962
02.Mooring Analysis/03.Orcaflex/01-FST's Only/00-Bases/FST2L_FST1L_universal_HWL_r09_J4L.dat	42110938
02.Mooring Analysis/03.Orcaflex/01-FST's Only/00-Bases/FST2L_FST1L_universal_LWL_r09.dat	42107871
02.Mooring Analysis/03.Orcaflex/01-FST's Only/00-Bases/FST2L_FST1L_universal_MWL_r09.dat	42107821
02.Mooring Analysis/03.Orcaflex/01-FST's Only/00-Bases/Initial_Pos.yml	111
02.Mooring Analysis/03.Orcaflex/01-FST's Only/00-Bases/Strut_EA.yml	54
02.Mooring Analysis/03.Orcaflex/01-FST's Only/00-Bases/Template_FST2F_FST1F.yml	1972
02.Mooring Analysis/03.Orcaflex/01-FST's Only/00-Bases/Template_FST2F_FST1F_D.yml	2285
02.Mooring Analysis/03.Orcaflex/01-FST's Only/00-Bases/Template_FST2L_FST1L.yml	2256
02.Mooring Analysis/03.Orcaflex/01-FST's Only/00-Bases/Template_FST2L_FST1L_D.yml	2287
02.Mooring Analysis/03.Orcaflex/01-FST's Only/00-Bases/r08/FST2F_FST1F_universal_HWL_r08.dat	29188138
02.Mooring Analysis/03.Orcaflex/01-FST's Only/00-Bases/r08/FST2F_FST1F_universal_LWL_r08.dat	29183936
02.Mooring Analysis/03.Orcaflex/01-FST's Only/00-Bases/r08/FST2F_FST1F_universal_MWL_r08.dat	29175190
02.Mooring Analysis/03.Orcaflex/01-FST's Only/00-Bases/r08/FST2L_FST1L_universal_HWL_r08.dat	42113622
02.Mooring Analysis/03.Orcaflex/01-FST's Only/00-Bases/r08/FST2L_FST1L_universal_LWL_r08.dat	42106626
02.Mooring Analysis/03.Orcaflex/01-FST's Only/00-Bases/r08/FST2L_FST1L_universal_MWL_r08.dat	42106618
02.Mooring Analysis/03.Orcaflex/01-FST's Only/LC_100y_Damaged/D1/FST2L_FST1L_HWL_030deg.sim	1043242997
02.Mooring Analysis/03.Orcaflex/01-FST's Only/LC_100y_Damaged/D1/FST2L_FST1L_HWL_030deg.yml	2523
02.Mooring Analysis/03.Orcaflex/01-FST's Only/LC_100y_Damaged/_r08/FST2L_FST1L_D1/CL_FST2L_FST1L_HWL_015deg.sim	1043246049
02.Mooring Analysis/03.Orcaflex/01-FST's Only/LC_100y_Damaged/_r08/FST2L_FST1L_D1/CL_FST2L_FST1L_HWL_015deg.yml	2167
02.Mooring Analysis/03.Orcaflex/01-FST's Only/LC_100y_Damaged/_r08/FST2L_FST1L_D1/CL_FST2L_FST1L_HWL_030deg.sim	1043246526
02.Mooring Analysis/03.Orcaflex/01-FST's Only/LC_100y_Damaged/_r08/FST2L_FST1L_D1/CL_FST2L_FST1L_HWL_030deg.yml	2167
02.Mooring Analysis/03.Orcaflex/01-FST's Only/LC_100y_Damaged/_r08/FST2L_FST1L_D1/CL_FST2L_FST1L_HWL_045deg.sim	1043245585
02.Mooring Analysis/03.Orcaflex/01-FST's Only/LC_100y_Damaged/_r08/FST2L_FST1L_D1/CL_FST2L_FST1L_HWL_045deg.yml	2166
02.Mooring Analysis/03.Orcaflex/01-FST's Only/LC_100y_Damaged/_r08/FST2L_FST1L_D1/CL_FST2L_FST1L_HWL_090deg.sim	1043244300
02.Mooring Analysis/03.Orcaflex/01-FST's Only/LC_100y_Damaged/_r08/FST2L_FST1L_D1/CL_FST2L_FST1L_HWL_090deg.yml	2166
02.Mooring Analysis/03.Orcaflex/01-FST's Only/LC_100y_Damaged/_r08/FST2L_FST1L_D1/CL_FST2L_FST1L_HWL_180deg.sim	1043244334
02.Mooring Analysis/03.Orcaflex/01-FST's Only/LC_100y_Damaged/_r08/FST2L_FST1L_D1/CL_FST2L_FST1L_HWL_180deg.yml	2169
02.Mooring Analysis/03.Orcaflex/01-FST's Only/LC_100y_Damaged/_r08/FST2L_FST1L_D1/CL_FST2L_FST1L_LWL_015deg.sim	1043267161
02.Mooring Analysis/03.Orcaflex/01-FST's Only/LC_100y_Damaged/_r08/FST2L_FST1L_D1/CL_FST2L_FST1L_LWL_015deg.yml	2167
02.Mooring Analysis/03.Orcaflex/01-FST's Only/LC_100y_Damaged/_r08/FST2L_FST1L_D1/CL_FST2L_FST1L_LWL_030deg.sim	1043267094
02.Mooring Analysis/03.Orcaflex/01-FST's Only/LC_100y_Damaged/_r08/FST2L_FST1L_D1/CL_FST2L_FST1L_LWL_030deg.yml	2167
02.Mooring Analysis/03.Orcaflex/01-FST's Only/LC_100y_Damaged/_r08/FST2L_FST1L_D1/CL_FST2L_FST1L_LWL_045deg.sim	1043267099
02.Mooring Analysis/03.Orcaflex/01-FST's Only/LC_100y_Damaged/_r08/FST2L_FST1L_D1/CL_FST2L_FST1L_LWL_045deg.yml	2166
02.Mooring Analysis/03.Orcaflex/01-FST's Only/LC_100y_Damaged/_r08/FST2L_FST1L_D1/CL_FST2L_FST1L_LWL_090deg.sim	1043264469
02.Mooring Analysis/03.Orcaflex/01-FST's Only/LC_100y_Damaged/_r08/FST2L_FST1L_D1/CL_FST2L_FST1L_LWL_090deg.yml	2166
02.Mooring Analysis/03.Orcaflex/01-FST's Only/LC_100y_Damaged/_r08/FST2L_FST1L_D1/CL_FST2L_FST1L_LWL_180deg.sim	1043264859
02.Mooring Analysis/03.Orcaflex/01-FST's Only/LC_100y_Damaged/_r08/FST2L_FST1L_D1/CL_FST2L_FST1L_LWL_180deg.yml	2169
02.Mooring Analysis/03.Orcaflex/01-FST's Only/LC_100y_Damaged/_r08/FST2L_FST1L_D1/CL_FST2L_FST1L_MWL_015deg.sim	1043208867
02.Mooring Analysis/03.Orcaflex/01-FST's Only/LC_100y_Damaged/_r08/FST2L_FST1L_D1/CL_FST2L_FST1L_MWL_015deg.yml	2167
02.Mooring Analysis/03.Orcaflex/01-FST's Only/LC_100y_Damaged/_r08/FST2L_FST1L_D1/CL_FST2L_FST1L_MWL_030deg.sim	1043208875
02.Mooring Analysis/03.Orcaflex/01-FST's Only/LC_100y_Damaged/_r08/FST2L_FST1L_D1/CL_FST2L_FST1L_MWL_030deg.yml	2167
02.Mooring Analysis/03.Orcaflex/01-FST's Only/LC_100y_Damaged/_r08/FST2L_FST1L_D1/CL_FST2L_FST1L_MWL_045deg.sim	1043208571
02.Mooring Analysis/03.Orcaflex/01-FST's Only/LC_100y_Damaged/_r08/FST2L_FST1L_D1/CL_FST2L_FST1L_MWL_045deg.yml	2166
02.Mooring Analysis/03.Orcaflex/01-FST's Only/LC_100y_Damaged/_r08/FST2L_FST1L_D1/CL_FST2L_FST1L_MWL_090deg.sim	1043206012
02.Mooring Analysis/03.Orcaflex/01-FST's Only/LC_100y_Damaged/_r08/FST2L_FST1L_D1/CL_FST2L_FST1L_MWL_090deg.yml	2166
02.Mooring Analysis/03.Orcaflex/01-FST's Only/LC_100y_Damaged/_r08/FST2L_FST1L_D1/CL_FST2L_FST1L_MWL_180deg.sim	1043207509
02.Mooring Analysis/03.Orcaflex/01-FST's Only/LC_100y_Damaged/_r08/FST2L_FST1L_D1/CL_FST2L_FST1L_MWL_180deg.yml	2169
02.Mooring Analysis/03.Orcaflex/01-FST's Only/LC_100y_Damaged/_r08/FST2L_FST1L_D1/FST2L_FST1L_HWL_000deg.sim	1043243394
02.Mooring Analysis/03.Orcaflex/01-FST's Only/LC_100y_Damaged/_r08/FST2L_FST1L_D1/FST2L_FST1L_HWL_000deg.yml	2162
02.Mooring Analysis/03.Orcaflex/01-FST's Only/LC_100y_Damaged/_r08/FST2L_FST1L_D1/FST2L_FST1L_HWL_015deg.sim	1043246210
02.Mooring Analysis/03.Orcaflex/01-FST's Only/LC_100y_Damaged/_r08/FST2L_FST1L_D1/FST2L_FST1L_HWL_015deg.yml	2167
02.Mooring Analysis/03.Orcaflex/01-FST's Only/LC_100y_Damaged/_r08/FST2L_FST1L_D1/FST2L_FST1L_HWL_030deg.sim	1043246116
02.Mooring Analysis/03.Orcaflex/01-FST's Only/LC_100y_Damaged/_r08/FST2L_FST1L_D1/FST2L_FST1L_HWL_030deg.yml	2167
02.Mooring Analysis/03.Orcaflex/01-FST's Only/LC_100y_Damaged/_r08/FST2L_FST1L_D1/FST2L_FST1L_HWL_045deg.sim	1043246356
02.Mooring Analysis/03.Orcaflex/01-FST's Only/LC_100y_Damaged/_r08/FST2L_FST1L_D1/FST2L_FST1L_HWL_045deg.yml	2166
02.Mooring Analysis/03.Orcaflex/01-FST's Only/LC_100y_Damaged/_r08/FST2L_FST1L_D1/FST2L_FST1L_HWL_060deg.sim	1043246366
02.Mooring Analysis/03.Orcaflex/01-FST's Only/LC_100y_Damaged/_r08/FST2L_FST1L_D1/FST2L_FST1L_HWL_060deg.yml	2166
02.Mooring Analysis/03.Orcaflex/01-FST's Only/LC_100y_Damaged/_r08/FST2L_FST1L_D1/FST2L_FST1L_HWL_075deg.sim	1043245890
02.Mooring Analysis/03.Orcaflex/01-FST's Only/LC_100y_Damaged/_r08/FST2L_FST1L_D1/FST2L_FST1L_HWL_075deg.yml	2166
02.Mooring Analysis/03.Orcaflex/01-FST's Only/LC_100y_Damaged/_r08/FST2L_FST1L_D1/FST2L_FST1L_HWL_090deg.sim	1043246057
02.Mooring Analysis/03.Orcaflex/01-FST's Only/LC_100y_Damaged/_r08/FST2L_FST1L_D1/FST2L_FST1L_HWL_090deg.yml	2166
02.Mooring Analysis/03.Orcaflex/01-FST's Only/LC_100y_Damaged/_r08/FST2L_FST1L_D1/FST2L_FST1L_HWL_105deg.sim	1043245522
02.Mooring Analysis/03.Orcaflex/01-FST's Only/LC_100y_Damaged/_r08/FST2L_FST1L_D1/FST2L_FST1L_HWL_105deg.yml	2169
02.Mooring Analysis/03.Orcaflex/01-FST's Only/LC_100y_Damaged/_r08/FST2L_FST1L_D1/FST2L_FST1L_HWL_120deg.sim	1043245691
02.Mooring Analysis/03.Orcaflex/01-FST's Only/LC_100y_Damaged/_r08/FST2L_FST1L_D1/FST2L_FST1L_HWL_120deg.yml	2169
02.Mooring Analysis/03.Orcaflex/01-FST's Only/LC_100y_Damaged/_r08/FST2L_FST1L_D1/FST2L_FST1L_HWL_135deg.sim	1043244606
02.Mooring Analysis/03.Orcaflex/01-FST's Only/LC_100y_Damaged/_r08/FST2L_FST1L_D1/FST2L_FST1L_HWL_135deg.yml	2169
02.Mooring Analysis/03.Orcaflex/01-FST's Only/LC_100y_Damaged/_r08/FST2L_FST1L_D1/FST2L_FST1L_HWL_150deg.sim	1043245405
02.Mooring Analysis/03.Orcaflex/01-FST's Only/LC_100y_Damaged/_r08/FST2L_FST1L_D1/FST2L_FST1L_HWL_150deg.yml	2169
02.Mooring Analysis/03.Orcaflex/01-FST's Only/LC_100y_Damaged/_r08/FST2L_FST1L_D1/FST2L_FST1L_HWL_165deg.sim	1043245910
02.Mooring Analysis/03.Orcaflex/01-FST's Only/LC_100y_Damaged/_r08/FST2L_FST1L_D1/FST2L_FST1L_HWL_165deg.yml	2169
02.Mooring Analysis/03.Orcaflex/01-FST's Only/LC_100y_Damaged/_r08/FST2L_FST1L_D1/FST2L_FST1L_HWL_180deg.sim	1043246728
02.Mooring Analysis/03.Orcaflex/01-FST's Only/LC_100y_Damaged/_r08/FST2L_FST1L_D1/FST2L_FST1L_HWL_180deg.yml	2169
02.Mooring Analysis/03.Orcaflex/01-FST's Only/LC_100y_Damaged/_r08/FST2L_FST1L_D1/FST2L_FST1L_HWL_195deg.sim	1043247473
02.Mooring Analysis/03.Orcaflex/01-FST's Only/LC_100y_Damaged/_r08/FST2L_FST1L_D1/FST2L_FST1L_HWL_195deg.yml	2169
02.Mooring Analysis/03.Orcaflex/01-FST's Only/LC_100y_Damaged/_r08/FST2L_FST1L_D1/FST2L_FST1L_HWL_210deg.sim	1043249078
02.Mooring Analysis/03.Orcaflex/01-FST's Only/LC_100y_Damaged/_r08/FST2L_FST1L_D1/FST2L_FST1L_HWL_210deg.yml	2169
02.Mooring Analysis/03.Orcaflex/01-FST's Only/LC_100y_Damaged/_r08/FST2L_FST1L_D1/FST2L_FST1L_HWL_225deg.sim	1043248836
02.Mooring Analysis/03.Orcaflex/01-FST's Only/LC_100y_Damaged/_r08/FST2L_FST1L_D1/FST2L_FST1L_HWL_225deg.yml	2169
02.Mooring Analysis/03.Orcaflex/01-FST's Only/LC_100y_Damaged/_r08/FST2L_FST1L_D1/FST2L_FST1L_HWL_240deg.sim	1043248942
02.Mooring Analysis/03.Orcaflex/01-FST's Only/LC_100y_Damaged/_r08/FST2L_FST1L_D1/FST2L_FST1L_HWL_240deg.yml	2169
02.Mooring Analysis/03.Orcaflex/01-FST's Only/LC_100y_Damaged/_r08/FST2L_FST1L_D1/FST2L_FST1L_HWL_255deg.sim	1043244839
02.Mooring Analysis/03.Orcaflex/01-FST's Only/LC_100y_Damaged/_r08/FST2L_FST1L_D1/FST2L_FST1L_HWL_255deg.yml	2169
02.Mooring Analysis/03.Orcaflex/01-FST's Only/LC_100y_Damaged/_r08/FST2L_FST1L_D1/FST2L_FST1L_HWL_270deg.sim	1043243171
02.Mooring Analysis/03.Orcaflex/01-FST's Only/LC_100y_Damaged/_r08/FST2L_FST1L_D1/FST2L_FST1L_HWL_270deg.yml	2169
02.Mooring Analysis/03.Orcaflex/01-FST's Only/LC_100y_Damaged/_r08/FST2L_FST1L_D1/FST2L_FST1L_HWL_285deg.sim	1043245164
02.Mooring Analysis/03.Orcaflex/01-FST's Only/LC_100y_Damaged/_r08/FST2L_FST1L_D1/FST2L_FST1L_HWL_285deg.yml	2169
02.Mooring Analysis/03.Orcaflex/01-FST's Only/LC_100y_Damaged/_r08/FST2L_FST1L_D1/FST2L_FST1L_HWL_300deg.sim	1043245326
02.Mooring Analysis/03.Orcaflex/01-FST's Only/LC_100y_Damaged/_r08/FST2L_FST1L_D1/FST2L_FST1L_HWL_300deg.yml	2169
02.Mooring Analysis/03.Orcaflex/01-FST's Only/LC_100y_Damaged/_r08/FST2L_FST1L_D1/FST2L_FST1L_HWL_315deg.sim	1043244933
02.Mooring Analysis/03.Orcaflex/01-FST's Only/LC_100y_Damaged/_r08/FST2L_FST1L_D1/FST2L_FST1L_HWL_315deg.yml	2169
02.Mooring Analysis/03.Orcaflex/01-FST's Only/LC_100y_Damaged/_r08/FST2L_FST1L_D1/FST2L_FST1L_HWL_330deg.sim	1043246080
02.Mooring Analysis/03.Orcaflex/01-FST's Only/LC_100y_Damaged/_r08/FST2L_FST1L_D1/FST2L_FST1L_HWL_330deg.yml	2169
02.Mooring Analysis/03.Orcaflex/01-FST's Only/LC_100y_Damaged/_r08/FST2L_FST1L_D1/FST2L_FST1L_HWL_345deg.sim	1043246103
02.Mooring Analysis/03.Orcaflex/01-FST's Only/LC_100y_Damaged/_r08/FST2L_FST1L_D1/FST2L_FST1L_HWL_345deg.yml	2169
02.Mooring Analysis/03.Orcaflex/01-FST's Only/LC_100y_Damaged/_r08/FST2L_FST1L_D1/FST2L_FST1L_LWL_000deg.sim	1043264416
02.Mooring Analysis/03.Orcaflex/01-FST's Only/LC_100y_Damaged/_r08/FST2L_FST1L_D1/FST2L_FST1L_LWL_000deg.yml	2162
02.Mooring Analysis/03.Orcaflex/01-FST's Only/LC_100y_Damaged/_r08/FST2L_FST1L_D1/FST2L_FST1L_LWL_015deg.sim	1043267562
02.Mooring Analysis/03.Orcaflex/01-FST's Only/LC_100y_Damaged/_r08/FST2L_FST1L_D1/FST2L_FST1L_LWL_015deg.yml	2167
02.Mooring Analysis/03.Orcaflex/01-FST's Only/LC_100y_Damaged/_r08/FST2L_FST1L_D1/FST2L_FST1L_LWL_030deg.sim	1043267401
02.Mooring Analysis/03.Orcaflex/01-FST's Only/LC_100y_Damaged/_r08/FST2L_FST1L_D1/FST2L_FST1L_LWL_030deg.yml	2220
02.Mooring Analysis/03.Orcaflex/01-FST's Only/LC_100y_Damaged/_r08/FST2L_FST1L_D1/FST2L_FST1L_LWL_045deg.sim	1043267858
02.Mooring Analysis/03.Orcaflex/01-FST's Only/LC_100y_Damaged/_r08/FST2L_FST1L_D1/FST2L_FST1L_LWL_045deg.yml	2166
02.Mooring Analysis/03.Orcaflex/01-FST's Only/LC_100y_Damaged/_r08/FST2L_FST1L_D1/FST2L_FST1L_LWL_060deg.sim	1043271327
02.Mooring Analysis/03.Orcaflex/01-FST's Only/LC_100y_Damaged/_r08/FST2L_FST1L_D1/FST2L_FST1L_LWL_060deg.yml	2166
02.Mooring Analysis/03.Orcaflex/01-FST's Only/LC_100y_Damaged/_r08/FST2L_FST1L_D1/FST2L_FST1L_LWL_075deg.sim	1043267578
02.Mooring Analysis/03.Orcaflex/01-FST's Only/LC_100y_Damaged/_r08/FST2L_FST1L_D1/FST2L_FST1L_LWL_075deg.yml	2227
02.Mooring Analysis/03.Orcaflex/01-FST's Only/LC_100y_Damaged/_r08/FST2L_FST1L_D1/FST2L_FST1L_LWL_090deg.sim	1043266878
02.Mooring Analysis/03.Orcaflex/01-FST's Only/LC_100y_Damaged/_r08/FST2L_FST1L_D1/FST2L_FST1L_LWL_090deg.yml	2166
02.Mooring Analysis/03.Orcaflex/01-FST's Only/LC_100y_Damaged/_r08/FST2L_FST1L_D1/FST2L_FST1L_LWL_105deg.sim	1043267359
02.Mooring Analysis/03.Orcaflex/01-FST's Only/LC_100y_Damaged/_r08/FST2L_FST1L_D1/FST2L_FST1L_LWL_105deg.yml	2169
02.Mooring Analysis/03.Orcaflex/01-FST's Only/LC_100y_Damaged/_r08/FST2L_FST1L_D1/FST2L_FST1L_LWL_120deg.sim	1043265591
02.Mooring Analysis/03.Orcaflex/01-FST's Only/LC_100y_Damaged/_r08/FST2L_FST1L_D1/FST2L_FST1L_LWL_120deg.yml	2169
02.Mooring Analysis/03.Orcaflex/01-FST's Only/LC_100y_Damaged/_r08/FST2L_FST1L_D1/FST2L_FST1L_LWL_135deg.sim	1043265818
02.Mooring Analysis/03.Orcaflex/01-FST's Only/LC_100y_Damaged/_r08/FST2L_FST1L_D1/FST2L_FST1L_LWL_135deg.yml	2169
02.Mooring Analysis/03.Orcaflex/01-FST's Only/LC_100y_Damaged/_r08/FST2L_FST1L_D1/FST2L_FST1L_LWL_150deg.sim	1043266598
02.Mooring Analysis/03.Orcaflex/01-FST's Only/LC_100y_Damaged/_r08/FST2L_FST1L_D1/FST2L_FST1L_LWL_150deg.yml	2169
02.Mooring Analysis/03.Orcaflex/01-FST's Only/LC_100y_Damaged/_r08/FST2L_FST1L_D1/FST2L_FST1L_LWL_165deg.sim	1043266940
02.Mooring Analysis/03.Orcaflex/01-FST's Only/LC_100y_Damaged/_r08/FST2L_FST1L_D1/FST2L_FST1L_LWL_165deg.yml	2169
02.Mooring Analysis/03.Orcaflex/01-FST's Only/LC_100y_Damaged/_r08/FST2L_FST1L_D1/FST2L_FST1L_LWL_180deg.sim	1043267991
02.Mooring Analysis/03.Orcaflex/01-FST's Only/LC_100y_Damaged/_r08/FST2L_FST1L_D1/FST2L_FST1L_LWL_180deg.yml	2169
02.Mooring Analysis/03.Orcaflex/01-FST's Only/LC_100y_Damaged/_r08/FST2L_FST1L_D1/FST2L_FST1L_LWL_195deg.sim	1043268622
02.Mooring Analysis/03.Orcaflex/01-FST's Only/LC_100y_Damaged/_r08/FST2L_FST1L_D1/FST2L_FST1L_LWL_195deg.yml	2169
02.Mooring Analysis/03.Orcaflex/01-FST's Only/LC_100y_Damaged/_r08/FST2L_FST1L_D1/FST2L_FST1L_LWL_210deg.sim	1043270399
02.Mooring Analysis/03.Orcaflex/01-FST's Only/LC_100y_Damaged/_r08/FST2L_FST1L_D1/FST2L_FST1L_LWL_210deg.yml	2169
02.Mooring Analysis/03.Orcaflex/01-FST's Only/LC_100y_Damaged/_r08/FST2L_FST1L_D1/FST2L_FST1L_LWL_225deg.sim	1043270588
02.Mooring Analysis/03.Orcaflex/01-FST's Only/LC_100y_Damaged/_r08/FST2L_FST1L_D1/FST2L_FST1L_LWL_225deg.yml	2169
02.Mooring Analysis/03.Orcaflex/01-FST's Only/LC_100y_Damaged/_r08/FST2L_FST1L_D1/FST2L_FST1L_LWL_240deg.sim	1043271029
02.Mooring Analysis/03.Orcaflex/01-FST's Only/LC_100y_Damaged/_r08/FST2L_FST1L_D1/FST2L_FST1L_LWL_240deg.yml	2227
02.Mooring Analysis/03.Orcaflex/01-FST's Only/LC_100y_Damaged/_r08/FST2L_FST1L_D1/FST2L_FST1L_LWL_255deg.sim	1043266108
02.Mooring Analysis/03.Orcaflex/01-FST's Only/LC_100y_Damaged/_r08/FST2L_FST1L_D1/FST2L_FST1L_LWL_255deg.yml	2169
02.Mooring Analysis/03.Orcaflex/01-FST's Only/LC_100y_Damaged/_r08/FST2L_FST1L_D1/FST2L_FST1L_LWL_270deg.sim	1043264386
02.Mooring Analysis/03.Orcaflex/01-FST's Only/LC_100y_Damaged/_r08/FST2L_FST1L_D1/FST2L_FST1L_LWL_270deg.yml	2169
02.Mooring Analysis/03.Orcaflex/01-FST's Only/LC_100y_Damaged/_r08/FST2L_FST1L_D1/FST2L_FST1L_LWL_285deg.sim	1043266286
02.Mooring Analysis/03.Orcaflex/01-FST's Only/LC_100y_Damaged/_r08/FST2L_FST1L_D1/FST2L_FST1L_LWL_285deg.yml	2169
02.Mooring Analysis/03.Orcaflex/01-FST's Only/LC_100y_Damaged/_r08/FST2L_FST1L_D1/FST2L_FST1L_LWL_300deg.sim	1043266253
02.Mooring Analysis/03.Orcaflex/01-FST's Only/LC_100y_Damaged/_r08/FST2L_FST1L_D1/FST2L_FST1L_LWL_300deg.yml	2169
02.Mooring Analysis/03.Orcaflex/01-FST's Only/LC_100y_Damaged/_r08/FST2L_FST1L_D1/FST2L_FST1L_LWL_315deg.sim	1043266113
02.Mooring Analysis/03.Orcaflex/01-FST's Only/LC_100y_Damaged/_r08/FST2L_FST1L_D1/FST2L_FST1L_LWL_315deg.yml	2169
02.Mooring Analysis/03.Orcaflex/01-FST's Only/LC_100y_Damaged/_r08/FST2L_FST1L_D1/FST2L_FST1L_LWL_330deg.sim	1043267167
02.Mooring Analysis/03.Orcaflex/01-FST's Only/LC_100y_Damaged/_r08/FST2L_FST1L_D1/FST2L_FST1L_LWL_330deg.yml	2169
02.Mooring Analysis/03.Orcaflex/01-FST's Only/LC_100y_Damaged/_r08/FST2L_FST1L_D1/FST2L_FST1L_LWL_345deg.sim	1043267081
02.Mooring Analysis/03.Orcaflex/01-FST's Only/LC_100y_Damaged/_r08/FST2L_FST1L_D1/FST2L_FST1L_LWL_345deg.yml	2176
02.Mooring Analysis/03.Orcaflex/01-FST's Only/LC_100y_Damaged/_r08/FST2L_FST1L_D1/FST2L_FST1L_MWL_000deg.sim	1043206279
02.Mooring Analysis/03.Orcaflex/01-FST's Only/LC_100y_Damaged/_r08/FST2L_FST1L_D1/FST2L_FST1L_MWL_000deg.yml	2162
02.Mooring Analysis/03.Orcaflex/01-FST's Only/LC_100y_Damaged/_r08/FST2L_FST1L_D1/FST2L_FST1L_MWL_015deg.sim	1043209091
02.Mooring Analysis/03.Orcaflex/01-FST's Only/LC_100y_Damaged/_r08/FST2L_FST1L_D1/FST2L_FST1L_MWL_015deg.yml	2167
02.Mooring Analysis/03.Orcaflex/01-FST's Only/LC_100y_Damaged/_r08/FST2L_FST1L_D1/FST2L_FST1L_MWL_030deg.sim	1043209191
02.Mooring Analysis/03.Orcaflex/01-FST's Only/LC_100y_Damaged/_r08/FST2L_FST1L_D1/FST2L_FST1L_MWL_030deg.yml	2225
02.Mooring Analysis/03.Orcaflex/01-FST's Only/LC_100y_Damaged/_r08/FST2L_FST1L_D1/FST2L_FST1L_MWL_045deg.sim	1043208770
02.Mooring Analysis/03.Orcaflex/01-FST's Only/LC_100y_Damaged/_r08/FST2L_FST1L_D1/FST2L_FST1L_MWL_045deg.yml	2166
02.Mooring Analysis/03.Orcaflex/01-FST's Only/LC_100y_Damaged/_r08/FST2L_FST1L_D1/FST2L_FST1L_MWL_060deg.sim	1043208792
02.Mooring Analysis/03.Orcaflex/01-FST's Only/LC_100y_Damaged/_r08/FST2L_FST1L_D1/FST2L_FST1L_MWL_060deg.yml	2166
02.Mooring Analysis/03.Orcaflex/01-FST's Only/LC_100y_Damaged/_r08/FST2L_FST1L_D1/FST2L_FST1L_MWL_075deg.sim	1043209278
02.Mooring Analysis/03.Orcaflex/01-FST's Only/LC_100y_Damaged/_r08/FST2L_FST1L_D1/FST2L_FST1L_MWL_075deg.yml	2217
02.Mooring Analysis/03.Orcaflex/01-FST's Only/LC_100y_Damaged/_r08/FST2L_FST1L_D1/FST2L_FST1L_MWL_090deg.sim	1043208956
02.Mooring Analysis/03.Orcaflex/01-FST's Only/LC_100y_Damaged/_r08/FST2L_FST1L_D1/FST2L_FST1L_MWL_090deg.yml	2166
02.Mooring Analysis/03.Orcaflex/01-FST's Only/LC_100y_Damaged/_r08/FST2L_FST1L_D1/FST2L_FST1L_MWL_105deg.sim	1043208376
02.Mooring Analysis/03.Orcaflex/01-FST's Only/LC_100y_Damaged/_r08/FST2L_FST1L_D1/FST2L_FST1L_MWL_105deg.yml	2169
02.Mooring Analysis/03.Orcaflex/01-FST's Only/LC_100y_Damaged/_r08/FST2L_FST1L_D1/FST2L_FST1L_MWL_120deg.sim	1043207858
02.Mooring Analysis/03.Orcaflex/01-FST's Only/LC_100y_Damaged/_r08/FST2L_FST1L_D1/FST2L_FST1L_MWL_120deg.yml	2169
02.Mooring Analysis/03.Orcaflex/01-FST's Only/LC_100y_Damaged/_r08/FST2L_FST1L_D1/FST2L_FST1L_MWL_135deg.sim	1043207060
02.Mooring Analysis/03.Orcaflex/01-FST's Only/LC_100y_Damaged/_r08/FST2L_FST1L_D1/FST2L_FST1L_MWL_135deg.yml	2169
02.Mooring Analysis/03.Orcaflex/01-FST's Only/LC_100y_Damaged/_r08/FST2L_FST1L_D1/FST2L_FST1L_MWL_150deg.sim	1043208334
02.Mooring Analysis/03.Orcaflex/01-FST's Only/LC_100y_Damaged/_r08/FST2L_FST1L_D1/FST2L_FST1L_MWL_150deg.yml	2169
02.Mooring Analysis/03.Orcaflex/01-FST's Only/LC_100y_Damaged/_r08/FST2L_FST1L_D1/FST2L_FST1L_MWL_165deg.sim	1043208789
02.Mooring Analysis/03.Orcaflex/01-FST's Only/LC_100y_Damaged/_r08/FST2L_FST1L_D1/FST2L_FST1L_MWL_165deg.yml	2169
02.Mooring Analysis/03.Orcaflex/01-FST's Only/LC_100y_Damaged/_r08/FST2L_FST1L_D1/FST2L_FST1L_MWL_180deg.sim	1043209675
02.Mooring Analysis/03.Orcaflex/01-FST's Only/LC_100y_Damaged/_r08/FST2L_FST1L_D1/FST2L_FST1L_MWL_180deg.yml	2169
02.Mooring Analysis/03.Orcaflex/01-FST's Only/LC_100y_Damaged/_r08/FST2L_FST1L_D1/FST2L_FST1L_MWL_195deg.sim	1043210266
02.Mooring Analysis/03.Orcaflex/01-FST's Only/LC_100y_Damaged/_r08/FST2L_FST1L_D1/FST2L_FST1L_MWL_195deg.yml	2169
02.Mooring Analysis/03.Orcaflex/01-FST's Only/LC_100y_Damaged/_r08/FST2L_FST1L_D1/FST2L_FST1L_MWL_210deg.sim	1043212263
02.Mooring Analysis/03.Orcaflex/01-FST's Only/LC_100y_Damaged/_r08/FST2L_FST1L_D1/FST2L_FST1L_MWL_210deg.yml	2169
02.Mooring Analysis/03.Orcaflex/01-FST's Only/LC_100y_Damaged/_r08/FST2L_FST1L_D1/FST2L_FST1L_MWL_225deg.sim	1043212335
02.Mooring Analysis/03.Orcaflex/01-FST's Only/LC_100y_Damaged/_r08/FST2L_FST1L_D1/FST2L_FST1L_MWL_225deg.yml	2169
02.Mooring Analysis/03.Orcaflex/01-FST's Only/LC_100y_Damaged/_r08/FST2L_FST1L_D1/FST2L_FST1L_MWL_240deg.sim	1043212526
02.Mooring Analysis/03.Orcaflex/01-FST's Only/LC_100y_Damaged/_r08/FST2L_FST1L_D1/FST2L_FST1L_MWL_240deg.yml	2227
02.Mooring Analysis/03.Orcaflex/01-FST's Only/LC_100y_Damaged/_r08/FST2L_FST1L_D1/FST2L_FST1L_MWL_255deg.sim	1043207821
02.Mooring Analysis/03.Orcaflex/01-FST's Only/LC_100y_Damaged/_r08/FST2L_FST1L_D1/FST2L_FST1L_MWL_255deg.yml	2169
02.Mooring Analysis/03.Orcaflex/01-FST's Only/LC_100y_Damaged/_r08/FST2L_FST1L_D1/FST2L_FST1L_MWL_270deg.sim	1043206055
02.Mooring Analysis/03.Orcaflex/01-FST's Only/LC_100y_Damaged/_r08/FST2L_FST1L_D1/FST2L_FST1L_MWL_270deg.yml	2169
02.Mooring Analysis/03.Orcaflex/01-FST's Only/LC_100y_Damaged/_r08/FST2L_FST1L_D1/FST2L_FST1L_MWL_285deg.sim	1043208016
02.Mooring Analysis/03.Orcaflex/01-FST's Only/LC_100y_Damaged/_r08/FST2L_FST1L_D1/FST2L_FST1L_MWL_285deg.yml	2169
02.Mooring Analysis/03.Orcaflex/01-FST's Only/LC_100y_Damaged/_r08/FST2L_FST1L_D1/FST2L_FST1L_MWL_300deg.sim	1043208644
02.Mooring Analysis/03.Orcaflex/01-FST's Only/LC_100y_Damaged/_r08/FST2L_FST1L_D1/FST2L_FST1L_MWL_300deg.yml	2169
02.Mooring Analysis/03.Orcaflex/01-FST's Only/LC_100y_Damaged/_r08/FST2L_FST1L_D1/FST2L_FST1L_MWL_315deg.sim	1043207883
02.Mooring Analysis/03.Orcaflex/01-FST's Only/LC_100y_Damaged/_r08/FST2L_FST1L_D1/FST2L_FST1L_MWL_315deg.yml	2169
02.Mooring Analysis/03.Orcaflex/01-FST's Only/LC_100y_Damaged/_r08/FST2L_FST1L_D1/FST2L_FST1L_MWL_330deg.sim	1043208936
02.Mooring Analysis/03.Orcaflex/01-FST's Only/LC_100y_Damaged/_r08/FST2L_FST1L_D1/FST2L_FST1L_MWL_330deg.yml	2169
02.Mooring Analysis/03.Orcaflex/01-FST's Only/LC_100y_Damaged/_r08/FST2L_FST1L_D1/FST2L_FST1L_MWL_345deg.sim	1043208807
02.Mooring Analysis/03.Orcaflex/01-FST's Only/LC_100y_Damaged/_r08/FST2L_FST1L_D1/FST2L_FST1L_MWL_345deg.yml	2169
02.Mooring Analysis/03.Orcaflex/01-FST's Only/LC_100y_Damaged/_r08/FST2L_FST1L_D1/Thumbs.db	8704
02.Mooring Analysis/03.Orcaflex/01-FST's Only/LC_100y_Damaged/_r08/FST2L_FST1L_D2/CL_FST2L_FST1L_HWL_015deg.sim	1043246269
02.Mooring Analysis/03.Orcaflex/01-FST's Only/LC_100y_Damaged/_r08/FST2L_FST1L_D2/CL_FST2L_FST1L_HWL_015deg.yml	2167
02.Mooring Analysis/03.Orcaflex/01-FST's Only/LC_100y_Damaged/_r08/FST2L_FST1L_D2/CL_FST2L_FST1L_HWL_030deg.sim	1043246236
02.Mooring Analysis/03.Orcaflex/01-FST's Only/LC_100y_Damaged/_r08/FST2L_FST1L_D2/CL_FST2L_FST1L_HWL_030deg.yml	2167
02.Mooring Analysis/03.Orcaflex/01-FST's Only/LC_100y_Damaged/_r08/FST2L_FST1L_D2/CL_FST2L_FST1L_HWL_045deg.sim	1043244933
02.Mooring Analysis/03.Orcaflex/01-FST's Only/LC_100y_Damaged/_r08/FST2L_FST1L_D2/CL_FST2L_FST1L_HWL_045deg.yml	2166
02.Mooring Analysis/03.Orcaflex/01-FST's Only/LC_100y_Damaged/_r08/FST2L_FST1L_D2/CL_FST2L_FST1L_HWL_090deg.sim	1043244171
02.Mooring Analysis/03.Orcaflex/01-FST's Only/LC_100y_Damaged/_r08/FST2L_FST1L_D2/CL_FST2L_FST1L_HWL_090deg.yml	2166
02.Mooring Analysis/03.Orcaflex/01-FST's Only/LC_100y_Damaged/_r08/FST2L_FST1L_D2/CL_FST2L_FST1L_HWL_180deg.sim	1043244037
02.Mooring Analysis/03.Orcaflex/01-FST's Only/LC_100y_Damaged/_r08/FST2L_FST1L_D2/CL_FST2L_FST1L_HWL_180deg.yml	2169
02.Mooring Analysis/03.Orcaflex/01-FST's Only/LC_100y_Damaged/_r08/FST2L_FST1L_D2/CL_FST2L_FST1L_LWL_015deg.sim	1043268236
02.Mooring Analysis/03.Orcaflex/01-FST's Only/LC_100y_Damaged/_r08/FST2L_FST1L_D2/CL_FST2L_FST1L_LWL_015deg.yml	2167
02.Mooring Analysis/03.Orcaflex/01-FST's Only/LC_100y_Damaged/_r08/FST2L_FST1L_D2/CL_FST2L_FST1L_LWL_030deg.sim	1043267945
02.Mooring Analysis/03.Orcaflex/01-FST's Only/LC_100y_Damaged/_r08/FST2L_FST1L_D2/CL_FST2L_FST1L_LWL_030deg.yml	2229
02.Mooring Analysis/03.Orcaflex/01-FST's Only/LC_100y_Damaged/_r08/FST2L_FST1L_D2/CL_FST2L_FST1L_LWL_045deg.sim	1043268920
02.Mooring Analysis/03.Orcaflex/01-FST's Only/LC_100y_Damaged/_r08/FST2L_FST1L_D2/CL_FST2L_FST1L_LWL_045deg.yml	2166
02.Mooring Analysis/03.Orcaflex/01-FST's Only/LC_100y_Damaged/_r08/FST2L_FST1L_D2/CL_FST2L_FST1L_LWL_090deg.sim	1043264836
02.Mooring Analysis/03.Orcaflex/01-FST's Only/LC_100y_Damaged/_r08/FST2L_FST1L_D2/CL_FST2L_FST1L_LWL_090deg.yml	2227
02.Mooring Analysis/03.Orcaflex/01-FST's Only/LC_100y_Damaged/_r08/FST2L_FST1L_D2/CL_FST2L_FST1L_LWL_180deg.sim	1043267105
02.Mooring Analysis/03.Orcaflex/01-FST's Only/LC_100y_Damaged/_r08/FST2L_FST1L_D2/CL_FST2L_FST1L_LWL_180deg.yml	2169
02.Mooring Analysis/03.Orcaflex/01-FST's Only/LC_100y_Damaged/_r08/FST2L_FST1L_D2/CL_FST2L_FST1L_MWL_015deg.sim	1043210409
02.Mooring Analysis/03.Orcaflex/01-FST's Only/LC_100y_Damaged/_r08/FST2L_FST1L_D2/CL_FST2L_FST1L_MWL_015deg.yml	2167
02.Mooring Analysis/03.Orcaflex/01-FST's Only/LC_100y_Damaged/_r08/FST2L_FST1L_D2/CL_FST2L_FST1L_MWL_030deg.sim	1043210513
02.Mooring Analysis/03.Orcaflex/01-FST's Only/LC_100y_Damaged/_r08/FST2L_FST1L_D2/CL_FST2L_FST1L_MWL_030deg.yml	2167
02.Mooring Analysis/03.Orcaflex/01-FST's Only/LC_100y_Damaged/_r08/FST2L_FST1L_D2/CL_FST2L_FST1L_MWL_045deg.sim	1043209856
02.Mooring Analysis/03.Orcaflex/01-FST's Only/LC_100y_Damaged/_r08/FST2L_FST1L_D2/CL_FST2L_FST1L_MWL_045deg.yml	2221
02.Mooring Analysis/03.Orcaflex/01-FST's Only/LC_100y_Damaged/_r08/FST2L_FST1L_D2/CL_FST2L_FST1L_MWL_090deg.sim	1043206812
02.Mooring Analysis/03.Orcaflex/01-FST's Only/LC_100y_Damaged/_r08/FST2L_FST1L_D2/CL_FST2L_FST1L_MWL_090deg.yml	2228
02.Mooring Analysis/03.Orcaflex/01-FST's Only/LC_100y_Damaged/_r08/FST2L_FST1L_D2/CL_FST2L_FST1L_MWL_180deg.sim	1043209025
02.Mooring Analysis/03.Orcaflex/01-FST's Only/LC_100y_Damaged/_r08/FST2L_FST1L_D2/CL_FST2L_FST1L_MWL_180deg.yml	2169
02.Mooring Analysis/03.Orcaflex/01-FST's Only/LC_100y_Damaged/_r08/FST2L_FST1L_D2/FST2L_FST1L_HWL_000deg.sim	1043243482
02.Mooring Analysis/03.Orcaflex/01-FST's Only/LC_100y_Damaged/_r08/FST2L_FST1L_D2/FST2L_FST1L_HWL_000deg.yml	2162
02.Mooring Analysis/03.Orcaflex/01-FST's Only/LC_100y_Damaged/_r08/FST2L_FST1L_D2/FST2L_FST1L_HWL_015deg.sim	1043245832
02.Mooring Analysis/03.Orcaflex/01-FST's Only/LC_100y_Damaged/_r08/FST2L_FST1L_D2/FST2L_FST1L_HWL_015deg.yml	2167
02.Mooring Analysis/03.Orcaflex/01-FST's Only/LC_100y_Damaged/_r08/FST2L_FST1L_D2/FST2L_FST1L_HWL_030deg.sim	1043245959
02.Mooring Analysis/03.Orcaflex/01-FST's Only/LC_100y_Damaged/_r08/FST2L_FST1L_D2/FST2L_FST1L_HWL_030deg.yml	2167
02.Mooring Analysis/03.Orcaflex/01-FST's Only/LC_100y_Damaged/_r08/FST2L_FST1L_D2/FST2L_FST1L_HWL_045deg.sim	1043245373
02.Mooring Analysis/03.Orcaflex/01-FST's Only/LC_100y_Damaged/_r08/FST2L_FST1L_D2/FST2L_FST1L_HWL_045deg.yml	2166
02.Mooring Analysis/03.Orcaflex/01-FST's Only/LC_100y_Damaged/_r08/FST2L_FST1L_D2/FST2L_FST1L_HWL_060deg.sim	1043245818
02.Mooring Analysis/03.Orcaflex/01-FST's Only/LC_100y_Damaged/_r08/FST2L_FST1L_D2/FST2L_FST1L_HWL_060deg.yml	2166
02.Mooring Analysis/03.Orcaflex/01-FST's Only/LC_100y_Damaged/_r08/FST2L_FST1L_D2/FST2L_FST1L_HWL_075deg.sim	1043245370
02.Mooring Analysis/03.Orcaflex/01-FST's Only/LC_100y_Damaged/_r08/FST2L_FST1L_D2/FST2L_FST1L_HWL_075deg.yml	2166
02.Mooring Analysis/03.Orcaflex/01-FST's Only/LC_100y_Damaged/_r08/FST2L_FST1L_D2/FST2L_FST1L_HWL_090deg.sim	1043245906
02.Mooring Analysis/03.Orcaflex/01-FST's Only/LC_100y_Damaged/_r08/FST2L_FST1L_D2/FST2L_FST1L_HWL_090deg.yml	2166
02.Mooring Analysis/03.Orcaflex/01-FST's Only/LC_100y_Damaged/_r08/FST2L_FST1L_D2/FST2L_FST1L_HWL_105deg.sim	1043245600
02.Mooring Analysis/03.Orcaflex/01-FST's Only/LC_100y_Damaged/_r08/FST2L_FST1L_D2/FST2L_FST1L_HWL_105deg.yml	2169
02.Mooring Analysis/03.Orcaflex/01-FST's Only/LC_100y_Damaged/_r08/FST2L_FST1L_D2/FST2L_FST1L_HWL_120deg.sim	1043245855
02.Mooring Analysis/03.Orcaflex/01-FST's Only/LC_100y_Damaged/_r08/FST2L_FST1L_D2/FST2L_FST1L_HWL_120deg.yml	2169
02.Mooring Analysis/03.Orcaflex/01-FST's Only/LC_100y_Damaged/_r08/FST2L_FST1L_D2/FST2L_FST1L_HWL_135deg.sim	1043246430
02.Mooring Analysis/03.Orcaflex/01-FST's Only/LC_100y_Damaged/_r08/FST2L_FST1L_D2/FST2L_FST1L_HWL_135deg.yml	2169
02.Mooring Analysis/03.Orcaflex/01-FST's Only/LC_100y_Damaged/_r08/FST2L_FST1L_D2/FST2L_FST1L_HWL_150deg.sim	1043246454
02.Mooring Analysis/03.Orcaflex/01-FST's Only/LC_100y_Damaged/_r08/FST2L_FST1L_D2/FST2L_FST1L_HWL_150deg.yml	2169
02.Mooring Analysis/03.Orcaflex/01-FST's Only/LC_100y_Damaged/_r08/FST2L_FST1L_D2/FST2L_FST1L_HWL_165deg.sim	1043246027
02.Mooring Analysis/03.Orcaflex/01-FST's Only/LC_100y_Damaged/_r08/FST2L_FST1L_D2/FST2L_FST1L_HWL_165deg.yml	2169
02.Mooring Analysis/03.Orcaflex/01-FST's Only/LC_100y_Damaged/_r08/FST2L_FST1L_D2/FST2L_FST1L_HWL_180deg.sim	1043246588
02.Mooring Analysis/03.Orcaflex/01-FST's Only/LC_100y_Damaged/_r08/FST2L_FST1L_D2/FST2L_FST1L_HWL_180deg.yml	2169
02.Mooring Analysis/03.Orcaflex/01-FST's Only/LC_100y_Damaged/_r08/FST2L_FST1L_D2/FST2L_FST1L_HWL_195deg.sim	1043247380
02.Mooring Analysis/03.Orcaflex/01-FST's Only/LC_100y_Damaged/_r08/FST2L_FST1L_D2/FST2L_FST1L_HWL_195deg.yml	2169
02.Mooring Analysis/03.Orcaflex/01-FST's Only/LC_100y_Damaged/_r08/FST2L_FST1L_D2/FST2L_FST1L_HWL_210deg.sim	1043248373
02.Mooring Analysis/03.Orcaflex/01-FST's Only/LC_100y_Damaged/_r08/FST2L_FST1L_D2/FST2L_FST1L_HWL_210deg.yml	2169
02.Mooring Analysis/03.Orcaflex/01-FST's Only/LC_100y_Damaged/_r08/FST2L_FST1L_D2/FST2L_FST1L_HWL_225deg.sim	1043247655
02.Mooring Analysis/03.Orcaflex/01-FST's Only/LC_100y_Damaged/_r08/FST2L_FST1L_D2/FST2L_FST1L_HWL_225deg.yml	2169
02.Mooring Analysis/03.Orcaflex/01-FST's Only/LC_100y_Damaged/_r08/FST2L_FST1L_D2/FST2L_FST1L_HWL_240deg.sim	1043248756
02.Mooring Analysis/03.Orcaflex/01-FST's Only/LC_100y_Damaged/_r08/FST2L_FST1L_D2/FST2L_FST1L_HWL_240deg.yml	2169
02.Mooring Analysis/03.Orcaflex/01-FST's Only/LC_100y_Damaged/_r08/FST2L_FST1L_D2/FST2L_FST1L_HWL_255deg.sim	1043244862
02.Mooring Analysis/03.Orcaflex/01-FST's Only/LC_100y_Damaged/_r08/FST2L_FST1L_D2/FST2L_FST1L_HWL_255deg.yml	2169
02.Mooring Analysis/03.Orcaflex/01-FST's Only/LC_100y_Damaged/_r08/FST2L_FST1L_D2/FST2L_FST1L_HWL_270deg.sim	1043242729
02.Mooring Analysis/03.Orcaflex/01-FST's Only/LC_100y_Damaged/_r08/FST2L_FST1L_D2/FST2L_FST1L_HWL_270deg.yml	2169
02.Mooring Analysis/03.Orcaflex/01-FST's Only/LC_100y_Damaged/_r08/FST2L_FST1L_D2/FST2L_FST1L_HWL_285deg.sim	1043245012
02.Mooring Analysis/03.Orcaflex/01-FST's Only/LC_100y_Damaged/_r08/FST2L_FST1L_D2/FST2L_FST1L_HWL_285deg.yml	2169
02.Mooring Analysis/03.Orcaflex/01-FST's Only/LC_100y_Damaged/_r08/FST2L_FST1L_D2/FST2L_FST1L_HWL_300deg.sim	1043244852
02.Mooring Analysis/03.Orcaflex/01-FST's Only/LC_100y_Damaged/_r08/FST2L_FST1L_D2/FST2L_FST1L_HWL_300deg.yml	2169
02.Mooring Analysis/03.Orcaflex/01-FST's Only/LC_100y_Damaged/_r08/FST2L_FST1L_D2/FST2L_FST1L_HWL_315deg.sim	1043244693
02.Mooring Analysis/03.Orcaflex/01-FST's Only/LC_100y_Damaged/_r08/FST2L_FST1L_D2/FST2L_FST1L_HWL_315deg.yml	2169
02.Mooring Analysis/03.Orcaflex/01-FST's Only/LC_100y_Damaged/_r08/FST2L_FST1L_D2/FST2L_FST1L_HWL_330deg.sim	1043246184
02.Mooring Analysis/03.Orcaflex/01-FST's Only/LC_100y_Damaged/_r08/FST2L_FST1L_D2/FST2L_FST1L_HWL_330deg.yml	2169
02.Mooring Analysis/03.Orcaflex/01-FST's Only/LC_100y_Damaged/_r08/FST2L_FST1L_D2/FST2L_FST1L_HWL_345deg.sim	1043245864
02.Mooring Analysis/03.Orcaflex/01-FST's Only/LC_100y_Damaged/_r08/FST2L_FST1L_D2/FST2L_FST1L_HWL_345deg.yml	2169
02.Mooring Analysis/03.Orcaflex/01-FST's Only/LC_100y_Damaged/_r08/FST2L_FST1L_D2/FST2L_FST1L_LWL_000deg.sim	1043265991
02.Mooring Analysis/03.Orcaflex/01-FST's Only/LC_100y_Damaged/_r08/FST2L_FST1L_D2/FST2L_FST1L_LWL_000deg.yml	2162
02.Mooring Analysis/03.Orcaflex/01-FST's Only/LC_100y_Damaged/_r08/FST2L_FST1L_D2/FST2L_FST1L_LWL_015deg.sim	1043268652
02.Mooring Analysis/03.Orcaflex/01-FST's Only/LC_100y_Damaged/_r08/FST2L_FST1L_D2/FST2L_FST1L_LWL_015deg.yml	2167
02.Mooring Analysis/03.Orcaflex/01-FST's Only/LC_100y_Damaged/_r08/FST2L_FST1L_D2/FST2L_FST1L_LWL_030deg.sim	1043267853
02.Mooring Analysis/03.Orcaflex/01-FST's Only/LC_100y_Damaged/_r08/FST2L_FST1L_D2/FST2L_FST1L_LWL_030deg.yml	2167
02.Mooring Analysis/03.Orcaflex/01-FST's Only/LC_100y_Damaged/_r08/FST2L_FST1L_D2/FST2L_FST1L_LWL_045deg.sim	1043268240
02.Mooring Analysis/03.Orcaflex/01-FST's Only/LC_100y_Damaged/_r08/FST2L_FST1L_D2/FST2L_FST1L_LWL_045deg.yml	2166
02.Mooring Analysis/03.Orcaflex/01-FST's Only/LC_100y_Damaged/_r08/FST2L_FST1L_D2/FST2L_FST1L_LWL_060deg.sim	1043267027
02.Mooring Analysis/03.Orcaflex/01-FST's Only/LC_100y_Damaged/_r08/FST2L_FST1L_D2/FST2L_FST1L_LWL_060deg.yml	2224
02.Mooring Analysis/03.Orcaflex/01-FST's Only/LC_100y_Damaged/_r08/FST2L_FST1L_D2/FST2L_FST1L_LWL_075deg.sim	1043268385
02.Mooring Analysis/03.Orcaflex/01-FST's Only/LC_100y_Damaged/_r08/FST2L_FST1L_D2/FST2L_FST1L_LWL_075deg.yml	2166
02.Mooring Analysis/03.Orcaflex/01-FST's Only/LC_100y_Damaged/_r08/FST2L_FST1L_D2/FST2L_FST1L_LWL_090deg.sim	1043266934
02.Mooring Analysis/03.Orcaflex/01-FST's Only/LC_100y_Damaged/_r08/FST2L_FST1L_D2/FST2L_FST1L_LWL_090deg.yml	2224
02.Mooring Analysis/03.Orcaflex/01-FST's Only/LC_100y_Damaged/_r08/FST2L_FST1L_D2/FST2L_FST1L_LWL_105deg.sim	1043268044
02.Mooring Analysis/03.Orcaflex/01-FST's Only/LC_100y_Damaged/_r08/FST2L_FST1L_D2/FST2L_FST1L_LWL_105deg.yml	2169
02.Mooring Analysis/03.Orcaflex/01-FST's Only/LC_100y_Damaged/_r08/FST2L_FST1L_D2/FST2L_FST1L_LWL_120deg.sim	1043266216
02.Mooring Analysis/03.Orcaflex/01-FST's Only/LC_100y_Damaged/_r08/FST2L_FST1L_D2/FST2L_FST1L_LWL_120deg.yml	2169
02.Mooring Analysis/03.Orcaflex/01-FST's Only/LC_100y_Damaged/_r08/FST2L_FST1L_D2/FST2L_FST1L_LWL_135deg.sim	1043268360
02.Mooring Analysis/03.Orcaflex/01-FST's Only/LC_100y_Damaged/_r08/FST2L_FST1L_D2/FST2L_FST1L_LWL_135deg.yml	2169
02.Mooring Analysis/03.Orcaflex/01-FST's Only/LC_100y_Damaged/_r08/FST2L_FST1L_D2/FST2L_FST1L_LWL_150deg.sim	1043268867
02.Mooring Analysis/03.Orcaflex/01-FST's Only/LC_100y_Damaged/_r08/FST2L_FST1L_D2/FST2L_FST1L_LWL_150deg.yml	2169
02.Mooring Analysis/03.Orcaflex/01-FST's Only/LC_100y_Damaged/_r08/FST2L_FST1L_D2/FST2L_FST1L_LWL_165deg.sim	1043268866
02.Mooring Analysis/03.Orcaflex/01-FST's Only/LC_100y_Damaged/_r08/FST2L_FST1L_D2/FST2L_FST1L_LWL_165deg.yml	2169
02.Mooring Analysis/03.Orcaflex/01-FST's Only/LC_100y_Damaged/_r08/FST2L_FST1L_D2/FST2L_FST1L_LWL_180deg.sim	1043269798
02.Mooring Analysis/03.Orcaflex/01-FST's Only/LC_100y_Damaged/_r08/FST2L_FST1L_D2/FST2L_FST1L_LWL_180deg.yml	2169
02.Mooring Analysis/03.Orcaflex/01-FST's Only/LC_100y_Damaged/_r08/FST2L_FST1L_D2/FST2L_FST1L_LWL_195deg.sim	1043270151
02.Mooring Analysis/03.Orcaflex/01-FST's Only/LC_100y_Damaged/_r08/FST2L_FST1L_D2/FST2L_FST1L_LWL_195deg.yml	2169
02.Mooring Analysis/03.Orcaflex/01-FST's Only/LC_100y_Damaged/_r08/FST2L_FST1L_D2/FST2L_FST1L_LWL_210deg.sim	1043271792
02.Mooring Analysis/03.Orcaflex/01-FST's Only/LC_100y_Damaged/_r08/FST2L_FST1L_D2/FST2L_FST1L_LWL_210deg.yml	2169
02.Mooring Analysis/03.Orcaflex/01-FST's Only/LC_100y_Damaged/_r08/FST2L_FST1L_D2/FST2L_FST1L_LWL_225deg.sim	1043271130
02.Mooring Analysis/03.Orcaflex/01-FST's Only/LC_100y_Damaged/_r08/FST2L_FST1L_D2/FST2L_FST1L_LWL_225deg.yml	2169
02.Mooring Analysis/03.Orcaflex/01-FST's Only/LC_100y_Damaged/_r08/FST2L_FST1L_D2/FST2L_FST1L_LWL_240deg.sim	1043271941
02.Mooring Analysis/03.Orcaflex/01-FST's Only/LC_100y_Damaged/_r08/FST2L_FST1L_D2/FST2L_FST1L_LWL_240deg.yml	2169
02.Mooring Analysis/03.Orcaflex/01-FST's Only/LC_100y_Damaged/_r08/FST2L_FST1L_D2/FST2L_FST1L_LWL_255deg.sim	1043267187
02.Mooring Analysis/03.Orcaflex/01-FST's Only/LC_100y_Damaged/_r08/FST2L_FST1L_D2/FST2L_FST1L_LWL_255deg.yml	2169
02.Mooring Analysis/03.Orcaflex/01-FST's Only/LC_100y_Damaged/_r08/FST2L_FST1L_D2/FST2L_FST1L_LWL_270deg.sim	1043265439
02.Mooring Analysis/03.Orcaflex/01-FST's Only/LC_100y_Damaged/_r08/FST2L_FST1L_D2/FST2L_FST1L_LWL_270deg.yml	2169
02.Mooring Analysis/03.Orcaflex/01-FST's Only/LC_100y_Damaged/_r08/FST2L_FST1L_D2/FST2L_FST1L_LWL_285deg.sim	1043267489
02.Mooring Analysis/03.Orcaflex/01-FST's Only/LC_100y_Damaged/_r08/FST2L_FST1L_D2/FST2L_FST1L_LWL_285deg.yml	2169
02.Mooring Analysis/03.Orcaflex/01-FST's Only/LC_100y_Damaged/_r08/FST2L_FST1L_D2/FST2L_FST1L_LWL_300deg.sim	1043267324
02.Mooring Analysis/03.Orcaflex/01-FST's Only/LC_100y_Damaged/_r08/FST2L_FST1L_D2/FST2L_FST1L_LWL_300deg.yml	2169
02.Mooring Analysis/03.Orcaflex/01-FST's Only/LC_100y_Damaged/_r08/FST2L_FST1L_D2/FST2L_FST1L_LWL_315deg.sim	1043266733
02.Mooring Analysis/03.Orcaflex/01-FST's Only/LC_100y_Damaged/_r08/FST2L_FST1L_D2/FST2L_FST1L_LWL_315deg.yml	2169
02.Mooring Analysis/03.Orcaflex/01-FST's Only/LC_100y_Damaged/_r08/FST2L_FST1L_D2/FST2L_FST1L_LWL_330deg.sim	1043268635
02.Mooring Analysis/03.Orcaflex/01-FST's Only/LC_100y_Damaged/_r08/FST2L_FST1L_D2/FST2L_FST1L_LWL_330deg.yml	2169
02.Mooring Analysis/03.Orcaflex/01-FST's Only/LC_100y_Damaged/_r08/FST2L_FST1L_D2/FST2L_FST1L_LWL_345deg.sim	1043268349
02.Mooring Analysis/03.Orcaflex/01-FST's Only/LC_100y_Damaged/_r08/FST2L_FST1L_D2/FST2L_FST1L_LWL_345deg.yml	2169
02.Mooring Analysis/03.Orcaflex/01-FST's Only/LC_100y_Damaged/_r08/FST2L_FST1L_D2/FST2L_FST1L_MWL_000deg.sim	1043207679
02.Mooring Analysis/03.Orcaflex/01-FST's Only/LC_100y_Damaged/_r08/FST2L_FST1L_D2/FST2L_FST1L_MWL_000deg.yml	2162
02.Mooring Analysis/03.Orcaflex/01-FST's Only/LC_100y_Damaged/_r08/FST2L_FST1L_D2/FST2L_FST1L_MWL_015deg.sim	1043210186
02.Mooring Analysis/03.Orcaflex/01-FST's Only/LC_100y_Damaged/_r08/FST2L_FST1L_D2/FST2L_FST1L_MWL_015deg.yml	2167
02.Mooring Analysis/03.Orcaflex/01-FST's Only/LC_100y_Damaged/_r08/FST2L_FST1L_D2/FST2L_FST1L_MWL_030deg.sim	1043209487
02.Mooring Analysis/03.Orcaflex/01-FST's Only/LC_100y_Damaged/_r08/FST2L_FST1L_D2/FST2L_FST1L_MWL_030deg.yml	2167
02.Mooring Analysis/03.Orcaflex/01-FST's Only/LC_100y_Damaged/_r08/FST2L_FST1L_D2/FST2L_FST1L_MWL_045deg.sim	1043209269
02.Mooring Analysis/03.Orcaflex/01-FST's Only/LC_100y_Damaged/_r08/FST2L_FST1L_D2/FST2L_FST1L_MWL_045deg.yml	2166
02.Mooring Analysis/03.Orcaflex/01-FST's Only/LC_100y_Damaged/_r08/FST2L_FST1L_D2/FST2L_FST1L_MWL_060deg.sim	1043209629
02.Mooring Analysis/03.Orcaflex/01-FST's Only/LC_100y_Damaged/_r08/FST2L_FST1L_D2/FST2L_FST1L_MWL_060deg.yml	2166
02.Mooring Analysis/03.Orcaflex/01-FST's Only/LC_100y_Damaged/_r08/FST2L_FST1L_D2/FST2L_FST1L_MWL_075deg.sim	1043210334
02.Mooring Analysis/03.Orcaflex/01-FST's Only/LC_100y_Damaged/_r08/FST2L_FST1L_D2/FST2L_FST1L_MWL_075deg.yml	2166
02.Mooring Analysis/03.Orcaflex/01-FST's Only/LC_100y_Damaged/_r08/FST2L_FST1L_D2/FST2L_FST1L_MWL_090deg.sim	1043209934
02.Mooring Analysis/03.Orcaflex/01-FST's Only/LC_100y_Damaged/_r08/FST2L_FST1L_D2/FST2L_FST1L_MWL_090deg.yml	2166
02.Mooring Analysis/03.Orcaflex/01-FST's Only/LC_100y_Damaged/_r08/FST2L_FST1L_D2/FST2L_FST1L_MWL_105deg.sim	1043209203
02.Mooring Analysis/03.Orcaflex/01-FST's Only/LC_100y_Damaged/_r08/FST2L_FST1L_D2/FST2L_FST1L_MWL_105deg.yml	2220
02.Mooring Analysis/03.Orcaflex/01-FST's Only/LC_100y_Damaged/_r08/FST2L_FST1L_D2/FST2L_FST1L_MWL_120deg.sim	1043208526
02.Mooring Analysis/03.Orcaflex/01-FST's Only/LC_100y_Damaged/_r08/FST2L_FST1L_D2/FST2L_FST1L_MWL_120deg.yml	2220
02.Mooring Analysis/03.Orcaflex/01-FST's Only/LC_100y_Damaged/_r08/FST2L_FST1L_D2/FST2L_FST1L_MWL_135deg.sim	1043210439
02.Mooring Analysis/03.Orcaflex/01-FST's Only/LC_100y_Damaged/_r08/FST2L_FST1L_D2/FST2L_FST1L_MWL_135deg.yml	2169
02.Mooring Analysis/03.Orcaflex/01-FST's Only/LC_100y_Damaged/_r08/FST2L_FST1L_D2/FST2L_FST1L_MWL_150deg.sim	1043210618
02.Mooring Analysis/03.Orcaflex/01-FST's Only/LC_100y_Damaged/_r08/FST2L_FST1L_D2/FST2L_FST1L_MWL_150deg.yml	2169
02.Mooring Analysis/03.Orcaflex/01-FST's Only/LC_100y_Damaged/_r08/FST2L_FST1L_D2/FST2L_FST1L_MWL_165deg.sim	1043210765
02.Mooring Analysis/03.Orcaflex/01-FST's Only/LC_100y_Damaged/_r08/FST2L_FST1L_D2/FST2L_FST1L_MWL_165deg.yml	2169
02.Mooring Analysis/03.Orcaflex/01-FST's Only/LC_100y_Damaged/_r08/FST2L_FST1L_D2/FST2L_FST1L_MWL_180deg.sim	1043211283
02.Mooring Analysis/03.Orcaflex/01-FST's Only/LC_100y_Damaged/_r08/FST2L_FST1L_D2/FST2L_FST1L_MWL_180deg.yml	2169
02.Mooring Analysis/03.Orcaflex/01-FST's Only/LC_100y_Damaged/_r08/FST2L_FST1L_D2/FST2L_FST1L_MWL_195deg.sim	1043211812
02.Mooring Analysis/03.Orcaflex/01-FST's Only/LC_100y_Damaged/_r08/FST2L_FST1L_D2/FST2L_FST1L_MWL_195deg.yml	2169
02.Mooring Analysis/03.Orcaflex/01-FST's Only/LC_100y_Damaged/_r08/FST2L_FST1L_D2/FST2L_FST1L_MWL_210deg.sim	1043213349
02.Mooring Analysis/03.Orcaflex/01-FST's Only/LC_100y_Damaged/_r08/FST2L_FST1L_D2/FST2L_FST1L_MWL_210deg.yml	2169
02.Mooring Analysis/03.Orcaflex/01-FST's Only/LC_100y_Damaged/_r08/FST2L_FST1L_D2/FST2L_FST1L_MWL_225deg.sim	1043212472
02.Mooring Analysis/03.Orcaflex/01-FST's Only/LC_100y_Damaged/_r08/FST2L_FST1L_D2/FST2L_FST1L_MWL_225deg.yml	2169
02.Mooring Analysis/03.Orcaflex/01-FST's Only/LC_100y_Damaged/_r08/FST2L_FST1L_D2/FST2L_FST1L_MWL_240deg.sim	1043213386
02.Mooring Analysis/03.Orcaflex/01-FST's Only/LC_100y_Damaged/_r08/FST2L_FST1L_D2/FST2L_FST1L_MWL_240deg.yml	2169
02.Mooring Analysis/03.Orcaflex/01-FST's Only/LC_100y_Damaged/_r08/FST2L_FST1L_D2/FST2L_FST1L_MWL_255deg.sim	1043208738
02.Mooring Analysis/03.Orcaflex/01-FST's Only/LC_100y_Damaged/_r08/FST2L_FST1L_D2/FST2L_FST1L_MWL_255deg.yml	2169
02.Mooring Analysis/03.Orcaflex/01-FST's Only/LC_100y_Damaged/_r08/FST2L_FST1L_D2/FST2L_FST1L_MWL_270deg.sim	1043207192
02.Mooring Analysis/03.Orcaflex/01-FST's Only/LC_100y_Damaged/_r08/FST2L_FST1L_D2/FST2L_FST1L_MWL_270deg.yml	2169
02.Mooring Analysis/03.Orcaflex/01-FST's Only/LC_100y_Damaged/_r08/FST2L_FST1L_D2/FST2L_FST1L_MWL_285deg.sim	1043209060
02.Mooring Analysis/03.Orcaflex/01-FST's Only/LC_100y_Damaged/_r08/FST2L_FST1L_D2/FST2L_FST1L_MWL_285deg.yml	2169
02.Mooring Analysis/03.Orcaflex/01-FST's Only/LC_100y_Damaged/_r08/FST2L_FST1L_D2/FST2L_FST1L_MWL_300deg.sim	1043209208
02.Mooring Analysis/03.Orcaflex/01-FST's Only/LC_100y_Damaged/_r08/FST2L_FST1L_D2/FST2L_FST1L_MWL_300deg.yml	2220
02.Mooring Analysis/03.Orcaflex/01-FST's Only/LC_100y_Damaged/_r08/FST2L_FST1L_D2/FST2L_FST1L_MWL_315deg.sim	1043208649
02.Mooring Analysis/03.Orcaflex/01-FST's Only/LC_100y_Damaged/_r08/FST2L_FST1L_D2/FST2L_FST1L_MWL_315deg.yml	2169
02.Mooring Analysis/03.Orcaflex/01-FST's Only/LC_100y_Damaged/_r08/FST2L_FST1L_D2/FST2L_FST1L_MWL_330deg.sim	1043210726
02.Mooring Analysis/03.Orcaflex/01-FST's Only/LC_100y_Damaged/_r08/FST2L_FST1L_D2/FST2L_FST1L_MWL_330deg.yml	2169
02.Mooring Analysis/03.Orcaflex/01-FST's Only/LC_100y_Damaged/_r08/FST2L_FST1L_D2/FST2L_FST1L_MWL_345deg.sim	1043209923
02.Mooring Analysis/03.Orcaflex/01-FST's Only/LC_100y_Damaged/_r08/FST2L_FST1L_D2/FST2L_FST1L_MWL_345deg.yml	2169
02.Mooring Analysis/03.Orcaflex/01-FST's Only/LC_100y_Damaged/_r08/FST2L_FST1L_D2/Thumbs.db	8704
02.Mooring Analysis/03.Orcaflex/01-FST's Only/LC_100y_Intact/r08/FST2F_FST1F/CL_FST2F_FST1F_HWL_015deg.sim	1050643433
02.Mooring Analysis/03.Orcaflex/01-FST's Only/LC_100y_Intact/r08/FST2F_FST1F/CL_FST2F_FST1F_HWL_015deg.yml	2133
02.Mooring Analysis/03.Orcaflex/01-FST's Only/LC_100y_Intact/r08/FST2F_FST1F/CL_FST2F_FST1F_HWL_030deg.sim	1050644109
02.Mooring Analysis/03.Orcaflex/01-FST's Only/LC_100y_Intact/r08/FST2F_FST1F/CL_FST2F_FST1F_HWL_030deg.yml	2133
02.Mooring Analysis/03.Orcaflex/01-FST's Only/LC_100y_Intact/r08/FST2F_FST1F/CL_FST2F_FST1F_HWL_045deg.sim	1050643195
02.Mooring Analysis/03.Orcaflex/01-FST's Only/LC_100y_Intact/r08/FST2F_FST1F/CL_FST2F_FST1F_HWL_045deg.yml	2132
02.Mooring Analysis/03.Orcaflex/01-FST's Only/LC_100y_Intact/r08/FST2F_FST1F/CL_FST2F_FST1F_HWL_090deg.sim	1050641724
02.Mooring Analysis/03.Orcaflex/01-FST's Only/LC_100y_Intact/r08/FST2F_FST1F/CL_FST2F_FST1F_HWL_090deg.yml	2132
02.Mooring Analysis/03.Orcaflex/01-FST's Only/LC_100y_Intact/r08/FST2F_FST1F/CL_FST2F_FST1F_HWL_180deg.sim	1050641182
02.Mooring Analysis/03.Orcaflex/01-FST's Only/LC_100y_Intact/r08/FST2F_FST1F/CL_FST2F_FST1F_HWL_180deg.yml	2135
02.Mooring Analysis/03.Orcaflex/01-FST's Only/LC_100y_Intact/r08/FST2F_FST1F/CL_FST2F_FST1F_LWL_015deg.sim	1050663266
02.Mooring Analysis/03.Orcaflex/01-FST's Only/LC_100y_Intact/r08/FST2F_FST1F/CL_FST2F_FST1F_LWL_015deg.yml	2133
02.Mooring Analysis/03.Orcaflex/01-FST's Only/LC_100y_Intact/r08/FST2F_FST1F/CL_FST2F_FST1F_LWL_030deg.sim	1050663276
02.Mooring Analysis/03.Orcaflex/01-FST's Only/LC_100y_Intact/r08/FST2F_FST1F/CL_FST2F_FST1F_LWL_030deg.yml	2133
02.Mooring Analysis/03.Orcaflex/01-FST's Only/LC_100y_Intact/r08/FST2F_FST1F/CL_FST2F_FST1F_LWL_045deg.sim	1050662707
02.Mooring Analysis/03.Orcaflex/01-FST's Only/LC_100y_Intact/r08/FST2F_FST1F/CL_FST2F_FST1F_LWL_045deg.yml	2132
02.Mooring Analysis/03.Orcaflex/01-FST's Only/LC_100y_Intact/r08/FST2F_FST1F/CL_FST2F_FST1F_LWL_090deg.sim	1050660816
02.Mooring Analysis/03.Orcaflex/01-FST's Only/LC_100y_Intact/r08/FST2F_FST1F/CL_FST2F_FST1F_LWL_090deg.yml	2132
02.Mooring Analysis/03.Orcaflex/01-FST's Only/LC_100y_Intact/r08/FST2F_FST1F/CL_FST2F_FST1F_LWL_180deg.sim	1050659708
02.Mooring Analysis/03.Orcaflex/01-FST's Only/LC_100y_Intact/r08/FST2F_FST1F/CL_FST2F_FST1F_LWL_180deg.yml	2135
02.Mooring Analysis/03.Orcaflex/01-FST's Only/LC_100y_Intact/r08/FST2F_FST1F/CL_FST2F_FST1F_MWL_015deg.sim	1050651680
02.Mooring Analysis/03.Orcaflex/01-FST's Only/LC_100y_Intact/r08/FST2F_FST1F/CL_FST2F_FST1F_MWL_015deg.yml	2133
02.Mooring Analysis/03.Orcaflex/01-FST's Only/LC_100y_Intact/r08/FST2F_FST1F/CL_FST2F_FST1F_MWL_030deg.sim	1050652829
02.Mooring Analysis/03.Orcaflex/01-FST's Only/LC_100y_Intact/r08/FST2F_FST1F/CL_FST2F_FST1F_MWL_030deg.yml	2133
02.Mooring Analysis/03.Orcaflex/01-FST's Only/LC_100y_Intact/r08/FST2F_FST1F/CL_FST2F_FST1F_MWL_045deg.sim	1050655905
02.Mooring Analysis/03.Orcaflex/01-FST's Only/LC_100y_Intact/r08/FST2F_FST1F/CL_FST2F_FST1F_MWL_045deg.yml	2132
02.Mooring Analysis/03.Orcaflex/01-FST's Only/LC_100y_Intact/r08/FST2F_FST1F/CL_FST2F_FST1F_MWL_090deg.sim	1050653313
02.Mooring Analysis/03.Orcaflex/01-FST's Only/LC_100y_Intact/r08/FST2F_FST1F/CL_FST2F_FST1F_MWL_090deg.yml	2132
02.Mooring Analysis/03.Orcaflex/01-FST's Only/LC_100y_Intact/r08/FST2F_FST1F/CL_FST2F_FST1F_MWL_180deg.sim	1050652218
02.Mooring Analysis/03.Orcaflex/01-FST's Only/LC_100y_Intact/r08/FST2F_FST1F/CL_FST2F_FST1F_MWL_180deg.yml	2135
02.Mooring Analysis/03.Orcaflex/01-FST's Only/LC_100y_Intact/r08/FST2F_FST1F/FST2F_FST1F_HWL_000deg.sim	1050640274
02.Mooring Analysis/03.Orcaflex/01-FST's Only/LC_100y_Intact/r08/FST2F_FST1F/FST2F_FST1F_HWL_000deg.yml	2128
02.Mooring Analysis/03.Orcaflex/01-FST's Only/LC_100y_Intact/r08/FST2F_FST1F/FST2F_FST1F_HWL_015deg.sim	1050643722
02.Mooring Analysis/03.Orcaflex/01-FST's Only/LC_100y_Intact/r08/FST2F_FST1F/FST2F_FST1F_HWL_015deg.yml	2133
02.Mooring Analysis/03.Orcaflex/01-FST's Only/LC_100y_Intact/r08/FST2F_FST1F/FST2F_FST1F_HWL_030deg.sim	1050643935
02.Mooring Analysis/03.Orcaflex/01-FST's Only/LC_100y_Intact/r08/FST2F_FST1F/FST2F_FST1F_HWL_030deg.yml	2133
02.Mooring Analysis/03.Orcaflex/01-FST's Only/LC_100y_Intact/r08/FST2F_FST1F/FST2F_FST1F_HWL_045deg.sim	1050644620
02.Mooring Analysis/03.Orcaflex/01-FST's Only/LC_100y_Intact/r08/FST2F_FST1F/FST2F_FST1F_HWL_045deg.yml	2132
02.Mooring Analysis/03.Orcaflex/01-FST's Only/LC_100y_Intact/r08/FST2F_FST1F/FST2F_FST1F_HWL_060deg.sim	1050644262
02.Mooring Analysis/03.Orcaflex/01-FST's Only/LC_100y_Intact/r08/FST2F_FST1F/FST2F_FST1F_HWL_060deg.yml	2132
02.Mooring Analysis/03.Orcaflex/01-FST's Only/LC_100y_Intact/r08/FST2F_FST1F/FST2F_FST1F_HWL_075deg.sim	1050643142
02.Mooring Analysis/03.Orcaflex/01-FST's Only/LC_100y_Intact/r08/FST2F_FST1F/FST2F_FST1F_HWL_075deg.yml	2132
02.Mooring Analysis/03.Orcaflex/01-FST's Only/LC_100y_Intact/r08/FST2F_FST1F/FST2F_FST1F_HWL_090deg.sim	1050643185
02.Mooring Analysis/03.Orcaflex/01-FST's Only/LC_100y_Intact/r08/FST2F_FST1F/FST2F_FST1F_HWL_090deg.yml	2132
02.Mooring Analysis/03.Orcaflex/01-FST's Only/LC_100y_Intact/r08/FST2F_FST1F/FST2F_FST1F_HWL_105deg.sim	1050643354
02.Mooring Analysis/03.Orcaflex/01-FST's Only/LC_100y_Intact/r08/FST2F_FST1F/FST2F_FST1F_HWL_105deg.yml	2135
02.Mooring Analysis/03.Orcaflex/01-FST's Only/LC_100y_Intact/r08/FST2F_FST1F/FST2F_FST1F_HWL_120deg.sim	1050642858
02.Mooring Analysis/03.Orcaflex/01-FST's Only/LC_100y_Intact/r08/FST2F_FST1F/FST2F_FST1F_HWL_120deg.yml	2135
02.Mooring Analysis/03.Orcaflex/01-FST's Only/LC_100y_Intact/r08/FST2F_FST1F/FST2F_FST1F_HWL_135deg.sim	1050642906
02.Mooring Analysis/03.Orcaflex/01-FST's Only/LC_100y_Intact/r08/FST2F_FST1F/FST2F_FST1F_HWL_135deg.yml	2135
02.Mooring Analysis/03.Orcaflex/01-FST's Only/LC_100y_Intact/r08/FST2F_FST1F/FST2F_FST1F_HWL_150deg.sim	1050643322
02.Mooring Analysis/03.Orcaflex/01-FST's Only/LC_100y_Intact/r08/FST2F_FST1F/FST2F_FST1F_HWL_150deg.yml	2135
02.Mooring Analysis/03.Orcaflex/01-FST's Only/LC_100y_Intact/r08/FST2F_FST1F/FST2F_FST1F_HWL_165deg.sim	1050642998
02.Mooring Analysis/03.Orcaflex/01-FST's Only/LC_100y_Intact/r08/FST2F_FST1F/FST2F_FST1F_HWL_165deg.yml	2256
02.Mooring Analysis/03.Orcaflex/01-FST's Only/LC_100y_Intact/r08/FST2F_FST1F/FST2F_FST1F_HWL_180deg.sim	1050643463
02.Mooring Analysis/03.Orcaflex/01-FST's Only/LC_100y_Intact/r08/FST2F_FST1F/FST2F_FST1F_HWL_180deg.yml	2135
02.Mooring Analysis/03.Orcaflex/01-FST's Only/LC_100y_Intact/r08/FST2F_FST1F/FST2F_FST1F_HWL_195deg.sim	1050641269
02.Mooring Analysis/03.Orcaflex/01-FST's Only/LC_100y_Intact/r08/FST2F_FST1F/FST2F_FST1F_HWL_195deg.yml	2135
02.Mooring Analysis/03.Orcaflex/01-FST's Only/LC_100y_Intact/r08/FST2F_FST1F/FST2F_FST1F_HWL_210deg.sim	1050643509
02.Mooring Analysis/03.Orcaflex/01-FST's Only/LC_100y_Intact/r08/FST2F_FST1F/FST2F_FST1F_HWL_210deg.yml	2135
02.Mooring Analysis/03.Orcaflex/01-FST's Only/LC_100y_Intact/r08/FST2F_FST1F/FST2F_FST1F_HWL_225deg.sim	1050643650
02.Mooring Analysis/03.Orcaflex/01-FST's Only/LC_100y_Intact/r08/FST2F_FST1F/FST2F_FST1F_HWL_225deg.yml	2135
02.Mooring Analysis/03.Orcaflex/01-FST's Only/LC_100y_Intact/r08/FST2F_FST1F/FST2F_FST1F_HWL_240deg.sim	1050643237
02.Mooring Analysis/03.Orcaflex/01-FST's Only/LC_100y_Intact/r08/FST2F_FST1F/FST2F_FST1F_HWL_240deg.yml	2135
02.Mooring Analysis/03.Orcaflex/01-FST's Only/LC_100y_Intact/r08/FST2F_FST1F/FST2F_FST1F_HWL_255deg.sim	1050641375
02.Mooring Analysis/03.Orcaflex/01-FST's Only/LC_100y_Intact/r08/FST2F_FST1F/FST2F_FST1F_HWL_255deg.yml	2135
02.Mooring Analysis/03.Orcaflex/01-FST's Only/LC_100y_Intact/r08/FST2F_FST1F/FST2F_FST1F_HWL_270deg.sim	1050640338
02.Mooring Analysis/03.Orcaflex/01-FST's Only/LC_100y_Intact/r08/FST2F_FST1F/FST2F_FST1F_HWL_270deg.yml	2318
02.Mooring Analysis/03.Orcaflex/01-FST's Only/LC_100y_Intact/r08/FST2F_FST1F/FST2F_FST1F_HWL_285deg.sim	1050642588
02.Mooring Analysis/03.Orcaflex/01-FST's Only/LC_100y_Intact/r08/FST2F_FST1F/FST2F_FST1F_HWL_285deg.yml	2135
02.Mooring Analysis/03.Orcaflex/01-FST's Only/LC_100y_Intact/r08/FST2F_FST1F/FST2F_FST1F_HWL_300deg.sim	1050642776
02.Mooring Analysis/03.Orcaflex/01-FST's Only/LC_100y_Intact/r08/FST2F_FST1F/FST2F_FST1F_HWL_300deg.yml	2135
02.Mooring Analysis/03.Orcaflex/01-FST's Only/LC_100y_Intact/r08/FST2F_FST1F/FST2F_FST1F_HWL_315deg.sim	1050642308
02.Mooring Analysis/03.Orcaflex/01-FST's Only/LC_100y_Intact/r08/FST2F_FST1F/FST2F_FST1F_HWL_315deg.yml	2135
02.Mooring Analysis/03.Orcaflex/01-FST's Only/LC_100y_Intact/r08/FST2F_FST1F/FST2F_FST1F_HWL_330deg.sim	1050643456
02.Mooring Analysis/03.Orcaflex/01-FST's Only/LC_100y_Intact/r08/FST2F_FST1F/FST2F_FST1F_HWL_330deg.yml	2318
02.Mooring Analysis/03.Orcaflex/01-FST's Only/LC_100y_Intact/r08/FST2F_FST1F/FST2F_FST1F_HWL_345deg.sim	1050638997
02.Mooring Analysis/03.Orcaflex/01-FST's Only/LC_100y_Intact/r08/FST2F_FST1F/FST2F_FST1F_HWL_345deg.yml	2135
02.Mooring Analysis/03.Orcaflex/01-FST's Only/LC_100y_Intact/r08/FST2F_FST1F/FST2F_FST1F_LWL_000deg.sim	1050660266
02.Mooring Analysis/03.Orcaflex/01-FST's Only/LC_100y_Intact/r08/FST2F_FST1F/FST2F_FST1F_LWL_000deg.yml	2128
02.Mooring Analysis/03.Orcaflex/01-FST's Only/LC_100y_Intact/r08/FST2F_FST1F/FST2F_FST1F_LWL_015deg.sim	1050666319
02.Mooring Analysis/03.Orcaflex/01-FST's Only/LC_100y_Intact/r08/FST2F_FST1F/FST2F_FST1F_LWL_015deg.yml	2133
02.Mooring Analysis/03.Orcaflex/01-FST's Only/LC_100y_Intact/r08/FST2F_FST1F/FST2F_FST1F_LWL_030deg.sim	1050666370
02.Mooring Analysis/03.Orcaflex/01-FST's Only/LC_100y_Intact/r08/FST2F_FST1F/FST2F_FST1F_LWL_030deg.yml	2133
02.Mooring Analysis/03.Orcaflex/01-FST's Only/LC_100y_Intact/r08/FST2F_FST1F/FST2F_FST1F_LWL_045deg.sim	1050665976
02.Mooring Analysis/03.Orcaflex/01-FST's Only/LC_100y_Intact/r08/FST2F_FST1F/FST2F_FST1F_LWL_045deg.yml	2132
02.Mooring Analysis/03.Orcaflex/01-FST's Only/LC_100y_Intact/r08/FST2F_FST1F/FST2F_FST1F_LWL_060deg.sim	1050663268
02.Mooring Analysis/03.Orcaflex/01-FST's Only/LC_100y_Intact/r08/FST2F_FST1F/FST2F_FST1F_LWL_060deg.yml	2132
02.Mooring Analysis/03.Orcaflex/01-FST's Only/LC_100y_Intact/r08/FST2F_FST1F/FST2F_FST1F_LWL_075deg.sim	1050663077
02.Mooring Analysis/03.Orcaflex/01-FST's Only/LC_100y_Intact/r08/FST2F_FST1F/FST2F_FST1F_LWL_075deg.yml	2132
02.Mooring Analysis/03.Orcaflex/01-FST's Only/LC_100y_Intact/r08/FST2F_FST1F/FST2F_FST1F_LWL_090deg.sim	1050663223
02.Mooring Analysis/03.Orcaflex/01-FST's Only/LC_100y_Intact/r08/FST2F_FST1F/FST2F_FST1F_LWL_090deg.yml	2132
02.Mooring Analysis/03.Orcaflex/01-FST's Only/LC_100y_Intact/r08/FST2F_FST1F/FST2F_FST1F_LWL_105deg.sim	1050663019
02.Mooring Analysis/03.Orcaflex/01-FST's Only/LC_100y_Intact/r08/FST2F_FST1F/FST2F_FST1F_LWL_105deg.yml	2135
02.Mooring Analysis/03.Orcaflex/01-FST's Only/LC_100y_Intact/r08/FST2F_FST1F/FST2F_FST1F_LWL_120deg.sim	1050665510
02.Mooring Analysis/03.Orcaflex/01-FST's Only/LC_100y_Intact/r08/FST2F_FST1F/FST2F_FST1F_LWL_120deg.yml	2135
02.Mooring Analysis/03.Orcaflex/01-FST's Only/LC_100y_Intact/r08/FST2F_FST1F/FST2F_FST1F_LWL_135deg.sim	1050662738
02.Mooring Analysis/03.Orcaflex/01-FST's Only/LC_100y_Intact/r08/FST2F_FST1F/FST2F_FST1F_LWL_135deg.yml	2135
02.Mooring Analysis/03.Orcaflex/01-FST's Only/LC_100y_Intact/r08/FST2F_FST1F/FST2F_FST1F_LWL_150deg.sim	1050666236
02.Mooring Analysis/03.Orcaflex/01-FST's Only/LC_100y_Intact/r08/FST2F_FST1F/FST2F_FST1F_LWL_150deg.yml	2135
02.Mooring Analysis/03.Orcaflex/01-FST's Only/LC_100y_Intact/r08/FST2F_FST1F/FST2F_FST1F_LWL_165deg.sim	1050666015
02.Mooring Analysis/03.Orcaflex/01-FST's Only/LC_100y_Intact/r08/FST2F_FST1F/FST2F_FST1F_LWL_165deg.yml	2135
02.Mooring Analysis/03.Orcaflex/01-FST's Only/LC_100y_Intact/r08/FST2F_FST1F/FST2F_FST1F_LWL_180deg.sim	1050666018
02.Mooring Analysis/03.Orcaflex/01-FST's Only/LC_100y_Intact/r08/FST2F_FST1F/FST2F_FST1F_LWL_180deg.yml	2135
02.Mooring Analysis/03.Orcaflex/01-FST's Only/LC_100y_Intact/r08/FST2F_FST1F/FST2F_FST1F_LWL_195deg.sim	1050663098
02.Mooring Analysis/03.Orcaflex/01-FST's Only/LC_100y_Intact/r08/FST2F_FST1F/FST2F_FST1F_LWL_195deg.yml	2135
02.Mooring Analysis/03.Orcaflex/01-FST's Only/LC_100y_Intact/r08/FST2F_FST1F/FST2F_FST1F_LWL_210deg.sim	1050664101
02.Mooring Analysis/03.Orcaflex/01-FST's Only/LC_100y_Intact/r08/FST2F_FST1F/FST2F_FST1F_LWL_210deg.yml	2135
02.Mooring Analysis/03.Orcaflex/01-FST's Only/LC_100y_Intact/r08/FST2F_FST1F/FST2F_FST1F_LWL_225deg.sim	1050663725
02.Mooring Analysis/03.Orcaflex/01-FST's Only/LC_100y_Intact/r08/FST2F_FST1F/FST2F_FST1F_LWL_225deg.yml	2135
02.Mooring Analysis/03.Orcaflex/01-FST's Only/LC_100y_Intact/r08/FST2F_FST1F/FST2F_FST1F_LWL_240deg.sim	1050663390
02.Mooring Analysis/03.Orcaflex/01-FST's Only/LC_100y_Intact/r08/FST2F_FST1F/FST2F_FST1F_LWL_240deg.yml	2135
02.Mooring Analysis/03.Orcaflex/01-FST's Only/LC_100y_Intact/r08/FST2F_FST1F/FST2F_FST1F_LWL_255deg.sim	1050662306
02.Mooring Analysis/03.Orcaflex/01-FST's Only/LC_100y_Intact/r08/FST2F_FST1F/FST2F_FST1F_LWL_255deg.yml	2135
02.Mooring Analysis/03.Orcaflex/01-FST's Only/LC_100y_Intact/r08/FST2F_FST1F/FST2F_FST1F_LWL_270deg.sim	1050659771
02.Mooring Analysis/03.Orcaflex/01-FST's Only/LC_100y_Intact/r08/FST2F_FST1F/FST2F_FST1F_LWL_270deg.yml	2135
02.Mooring Analysis/03.Orcaflex/01-FST's Only/LC_100y_Intact/r08/FST2F_FST1F/FST2F_FST1F_LWL_285deg.sim	1050661052
02.Mooring Analysis/03.Orcaflex/01-FST's Only/LC_100y_Intact/r08/FST2F_FST1F/FST2F_FST1F_LWL_285deg.yml	2135
02.Mooring Analysis/03.Orcaflex/01-FST's Only/LC_100y_Intact/r08/FST2F_FST1F/FST2F_FST1F_LWL_300deg.sim	1050660183
02.Mooring Analysis/03.Orcaflex/01-FST's Only/LC_100y_Intact/r08/FST2F_FST1F/FST2F_FST1F_LWL_300deg.yml	2135
02.Mooring Analysis/03.Orcaflex/01-FST's Only/LC_100y_Intact/r08/FST2F_FST1F/FST2F_FST1F_LWL_315deg.sim	1050659199
02.Mooring Analysis/03.Orcaflex/01-FST's Only/LC_100y_Intact/r08/FST2F_FST1F/FST2F_FST1F_LWL_315deg.yml	2135
02.Mooring Analysis/03.Orcaflex/01-FST's Only/LC_100y_Intact/r08/FST2F_FST1F/FST2F_FST1F_LWL_330deg.sim	1050659342
02.Mooring Analysis/03.Orcaflex/01-FST's Only/LC_100y_Intact/r08/FST2F_FST1F/FST2F_FST1F_LWL_330deg.yml	2135
02.Mooring Analysis/03.Orcaflex/01-FST's Only/LC_100y_Intact/r08/FST2F_FST1F/FST2F_FST1F_LWL_345deg.sim	1050662067
02.Mooring Analysis/03.Orcaflex/01-FST's Only/LC_100y_Intact/r08/FST2F_FST1F/FST2F_FST1F_LWL_345deg.yml	2135
02.Mooring Analysis/03.Orcaflex/01-FST's Only/LC_100y_Intact/r08/FST2F_FST1F/FST2F_FST1F_MWL_000deg.sim	1050652878
02.Mooring Analysis/03.Orcaflex/01-FST's Only/LC_100y_Intact/r08/FST2F_FST1F/FST2F_FST1F_MWL_000deg.yml	2128
02.Mooring Analysis/03.Orcaflex/01-FST's Only/LC_100y_Intact/r08/FST2F_FST1F/FST2F_FST1F_MWL_015deg.sim	1050658472
02.Mooring Analysis/03.Orcaflex/01-FST's Only/LC_100y_Intact/r08/FST2F_FST1F/FST2F_FST1F_MWL_015deg.yml	2133
02.Mooring Analysis/03.Orcaflex/01-FST's Only/LC_100y_Intact/r08/FST2F_FST1F/FST2F_FST1F_MWL_030deg.sim	1050656070
02.Mooring Analysis/03.Orcaflex/01-FST's Only/LC_100y_Intact/r08/FST2F_FST1F/FST2F_FST1F_MWL_030deg.yml	2133
02.Mooring Analysis/03.Orcaflex/01-FST's Only/LC_100y_Intact/r08/FST2F_FST1F/FST2F_FST1F_MWL_045deg.sim	1050656547
02.Mooring Analysis/03.Orcaflex/01-FST's Only/LC_100y_Intact/r08/FST2F_FST1F/FST2F_FST1F_MWL_045deg.yml	2132
02.Mooring Analysis/03.Orcaflex/01-FST's Only/LC_100y_Intact/r08/FST2F_FST1F/FST2F_FST1F_MWL_060deg.sim	1050656075
02.Mooring Analysis/03.Orcaflex/01-FST's Only/LC_100y_Intact/r08/FST2F_FST1F/FST2F_FST1F_MWL_060deg.yml	2132
02.Mooring Analysis/03.Orcaflex/01-FST's Only/LC_100y_Intact/r08/FST2F_FST1F/FST2F_FST1F_MWL_075deg.sim	1050655818
02.Mooring Analysis/03.Orcaflex/01-FST's Only/LC_100y_Intact/r08/FST2F_FST1F/FST2F_FST1F_MWL_075deg.yml	2132
02.Mooring Analysis/03.Orcaflex/01-FST's Only/LC_100y_Intact/r08/FST2F_FST1F/FST2F_FST1F_MWL_090deg.sim	1050655805
02.Mooring Analysis/03.Orcaflex/01-FST's Only/LC_100y_Intact/r08/FST2F_FST1F/FST2F_FST1F_MWL_090deg.yml	2132
02.Mooring Analysis/03.Orcaflex/01-FST's Only/LC_100y_Intact/r08/FST2F_FST1F/FST2F_FST1F_MWL_105deg.sim	1050656042
02.Mooring Analysis/03.Orcaflex/01-FST's Only/LC_100y_Intact/r08/FST2F_FST1F/FST2F_FST1F_MWL_105deg.yml	2135
02.Mooring Analysis/03.Orcaflex/01-FST's Only/LC_100y_Intact/r08/FST2F_FST1F/FST2F_FST1F_MWL_120deg.sim	1050658242
02.Mooring Analysis/03.Orcaflex/01-FST's Only/LC_100y_Intact/r08/FST2F_FST1F/FST2F_FST1F_MWL_120deg.yml	2135
02.Mooring Analysis/03.Orcaflex/01-FST's Only/LC_100y_Intact/r08/FST2F_FST1F/FST2F_FST1F_MWL_135deg.sim	1050655568
02.Mooring Analysis/03.Orcaflex/01-FST's Only/LC_100y_Intact/r08/FST2F_FST1F/FST2F_FST1F_MWL_135deg.yml	2135
02.Mooring Analysis/03.Orcaflex/01-FST's Only/LC_100y_Intact/r08/FST2F_FST1F/FST2F_FST1F_MWL_150deg.sim	1050654953
02.Mooring Analysis/03.Orcaflex/01-FST's Only/LC_100y_Intact/r08/FST2F_FST1F/FST2F_FST1F_MWL_150deg.yml	2135
02.Mooring Analysis/03.Orcaflex/01-FST's Only/LC_100y_Intact/r08/FST2F_FST1F/FST2F_FST1F_MWL_165deg.sim	1050655820
02.Mooring Analysis/03.Orcaflex/01-FST's Only/LC_100y_Intact/r08/FST2F_FST1F/FST2F_FST1F_MWL_165deg.yml	2135
02.Mooring Analysis/03.Orcaflex/01-FST's Only/LC_100y_Intact/r08/FST2F_FST1F/FST2F_FST1F_MWL_180deg.sim	1050658328
02.Mooring Analysis/03.Orcaflex/01-FST's Only/LC_100y_Intact/r08/FST2F_FST1F/FST2F_FST1F_MWL_180deg.yml	2135
02.Mooring Analysis/03.Orcaflex/01-FST's Only/LC_100y_Intact/r08/FST2F_FST1F/FST2F_FST1F_MWL_195deg.sim	1050656211
02.Mooring Analysis/03.Orcaflex/01-FST's Only/LC_100y_Intact/r08/FST2F_FST1F/FST2F_FST1F_MWL_195deg.yml	2135
02.Mooring Analysis/03.Orcaflex/01-FST's Only/LC_100y_Intact/r08/FST2F_FST1F/FST2F_FST1F_MWL_210deg.sim	1050656611
02.Mooring Analysis/03.Orcaflex/01-FST's Only/LC_100y_Intact/r08/FST2F_FST1F/FST2F_FST1F_MWL_210deg.yml	2135
02.Mooring Analysis/03.Orcaflex/01-FST's Only/LC_100y_Intact/r08/FST2F_FST1F/FST2F_FST1F_MWL_225deg.sim	1050655961
02.Mooring Analysis/03.Orcaflex/01-FST's Only/LC_100y_Intact/r08/FST2F_FST1F/FST2F_FST1F_MWL_225deg.yml	2135
02.Mooring Analysis/03.Orcaflex/01-FST's Only/LC_100y_Intact/r08/FST2F_FST1F/FST2F_FST1F_MWL_240deg.sim	1050656062
02.Mooring Analysis/03.Orcaflex/01-FST's Only/LC_100y_Intact/r08/FST2F_FST1F/FST2F_FST1F_MWL_240deg.yml	2135
02.Mooring Analysis/03.Orcaflex/01-FST's Only/LC_100y_Intact/r08/FST2F_FST1F/FST2F_FST1F_MWL_255deg.sim	1050655267
02.Mooring Analysis/03.Orcaflex/01-FST's Only/LC_100y_Intact/r08/FST2F_FST1F/FST2F_FST1F_MWL_255deg.yml	2135
02.Mooring Analysis/03.Orcaflex/01-FST's Only/LC_100y_Intact/r08/FST2F_FST1F/FST2F_FST1F_MWL_270deg.sim	1050650263
02.Mooring Analysis/03.Orcaflex/01-FST's Only/LC_100y_Intact/r08/FST2F_FST1F/FST2F_FST1F_MWL_270deg.yml	2135
02.Mooring Analysis/03.Orcaflex/01-FST's Only/LC_100y_Intact/r08/FST2F_FST1F/FST2F_FST1F_MWL_285deg.sim	1050654936
02.Mooring Analysis/03.Orcaflex/01-FST's Only/LC_100y_Intact/r08/FST2F_FST1F/FST2F_FST1F_MWL_285deg.yml	2135
02.Mooring Analysis/03.Orcaflex/01-FST's Only/LC_100y_Intact/r08/FST2F_FST1F/FST2F_FST1F_MWL_300deg.sim	1050655484
02.Mooring Analysis/03.Orcaflex/01-FST's Only/LC_100y_Intact/r08/FST2F_FST1F/FST2F_FST1F_MWL_300deg.yml	2135
02.Mooring Analysis/03.Orcaflex/01-FST's Only/LC_100y_Intact/r08/FST2F_FST1F/FST2F_FST1F_MWL_315deg.sim	1050655049
02.Mooring Analysis/03.Orcaflex/01-FST's Only/LC_100y_Intact/r08/FST2F_FST1F/FST2F_FST1F_MWL_315deg.yml	2135
02.Mooring Analysis/03.Orcaflex/01-FST's Only/LC_100y_Intact/r08/FST2F_FST1F/FST2F_FST1F_MWL_330deg.sim	1050652182
02.Mooring Analysis/03.Orcaflex/01-FST's Only/LC_100y_Intact/r08/FST2F_FST1F/FST2F_FST1F_MWL_330deg.yml	2135
02.Mooring Analysis/03.Orcaflex/01-FST's Only/LC_100y_Intact/r08/FST2F_FST1F/FST2F_FST1F_MWL_345deg.sim	1050655111
02.Mooring Analysis/03.Orcaflex/01-FST's Only/LC_100y_Intact/r08/FST2F_FST1F/FST2F_FST1F_MWL_345deg.yml	2135
02.Mooring Analysis/03.Orcaflex/01-FST's Only/LC_100y_Intact/r08/FST2F_FST1F/Summary_FST_Mooring_FST2F_FST1F_100y_Intact_07182023.pptx	1241148
02.Mooring Analysis/03.Orcaflex/01-FST's Only/LC_100y_Intact/r08/FST2F_FST1F/Summary_FST_Mooring_FST2F_FST1F_100y_Intact_08082023.pptx	1240003
02.Mooring Analysis/03.Orcaflex/01-FST's Only/LC_100y_Intact/r08/FST2F_FST1F/Thumbs.db	16384
02.Mooring Analysis/03.Orcaflex/01-FST's Only/LC_100y_Intact/r08/FST2L_FST1L/CL_FST2L_FST1L_HWL_015deg.sim	1065928537
02.Mooring Analysis/03.Orcaflex/01-FST's Only/LC_100y_Intact/r08/FST2L_FST1L/CL_FST2L_FST1L_HWL_015deg.yml	2135
02.Mooring Analysis/03.Orcaflex/01-FST's Only/LC_100y_Intact/r08/FST2L_FST1L/CL_FST2L_FST1L_HWL_030deg.sim	1065929017
02.Mooring Analysis/03.Orcaflex/01-FST's Only/LC_100y_Intact/r08/FST2L_FST1L/CL_FST2L_FST1L_HWL_030deg.yml	2135
02.Mooring Analysis/03.Orcaflex/01-FST's Only/LC_100y_Intact/r08/FST2L_FST1L/CL_FST2L_FST1L_HWL_045deg.sim	1065928438
02.Mooring Analysis/03.Orcaflex/01-FST's Only/LC_100y_Intact/r08/FST2L_FST1L/CL_FST2L_FST1L_HWL_045deg.yml	2134
02.Mooring Analysis/03.Orcaflex/01-FST's Only/LC_100y_Intact/r08/FST2L_FST1L/CL_FST2L_FST1L_HWL_090deg.sim	1065925796
02.Mooring Analysis/03.Orcaflex/01-FST's Only/LC_100y_Intact/r08/FST2L_FST1L/CL_FST2L_FST1L_HWL_090deg.yml	2134
02.Mooring Analysis/03.Orcaflex/01-FST's Only/LC_100y_Intact/r08/FST2L_FST1L/CL_FST2L_FST1L_HWL_180deg.sim	1065926817
02.Mooring Analysis/03.Orcaflex/01-FST's Only/LC_100y_Intact/r08/FST2L_FST1L/CL_FST2L_FST1L_HWL_180deg.yml	2137
02.Mooring Analysis/03.Orcaflex/01-FST's Only/LC_100y_Intact/r08/FST2L_FST1L/CL_FST2L_FST1L_LWL_015deg.sim	1065949582
02.Mooring Analysis/03.Orcaflex/01-FST's Only/LC_100y_Intact/r08/FST2L_FST1L/CL_FST2L_FST1L_LWL_015deg.yml	2135
02.Mooring Analysis/03.Orcaflex/01-FST's Only/LC_100y_Intact/r08/FST2L_FST1L/CL_FST2L_FST1L_LWL_030deg.sim	1065950095
02.Mooring Analysis/03.Orcaflex/01-FST's Only/LC_100y_Intact/r08/FST2L_FST1L/CL_FST2L_FST1L_LWL_030deg.yml	2135
02.Mooring Analysis/03.Orcaflex/01-FST's Only/LC_100y_Intact/r08/FST2L_FST1L/CL_FST2L_FST1L_LWL_045deg.sim	1065951224
02.Mooring Analysis/03.Orcaflex/01-FST's Only/LC_100y_Intact/r08/FST2L_FST1L/CL_FST2L_FST1L_LWL_045deg.yml	2134
02.Mooring Analysis/03.Orcaflex/01-FST's Only/LC_100y_Intact/r08/FST2L_FST1L/CL_FST2L_FST1L_LWL_090deg.sim	1065947811
02.Mooring Analysis/03.Orcaflex/01-FST's Only/LC_100y_Intact/r08/FST2L_FST1L/CL_FST2L_FST1L_LWL_090deg.yml	2134
02.Mooring Analysis/03.Orcaflex/01-FST's Only/LC_100y_Intact/r08/FST2L_FST1L/CL_FST2L_FST1L_LWL_180deg.sim	1065947996
02.Mooring Analysis/03.Orcaflex/01-FST's Only/LC_100y_Intact/r08/FST2L_FST1L/CL_FST2L_FST1L_LWL_180deg.yml	2137
02.Mooring Analysis/03.Orcaflex/01-FST's Only/LC_100y_Intact/r08/FST2L_FST1L/CL_FST2L_FST1L_MWL_015deg.sim	1065891403
02.Mooring Analysis/03.Orcaflex/01-FST's Only/LC_100y_Intact/r08/FST2L_FST1L/CL_FST2L_FST1L_MWL_015deg.yml	2135
02.Mooring Analysis/03.Orcaflex/01-FST's Only/LC_100y_Intact/r08/FST2L_FST1L/CL_FST2L_FST1L_MWL_030deg.sim	1065891926
02.Mooring Analysis/03.Orcaflex/01-FST's Only/LC_100y_Intact/r08/FST2L_FST1L/CL_FST2L_FST1L_MWL_030deg.yml	2135
02.Mooring Analysis/03.Orcaflex/01-FST's Only/LC_100y_Intact/r08/FST2L_FST1L/CL_FST2L_FST1L_MWL_045deg.sim	1065892111
02.Mooring Analysis/03.Orcaflex/01-FST's Only/LC_100y_Intact/r08/FST2L_FST1L/CL_FST2L_FST1L_MWL_045deg.yml	2134
02.Mooring Analysis/03.Orcaflex/01-FST's Only/LC_100y_Intact/r08/FST2L_FST1L/CL_FST2L_FST1L_MWL_090deg.sim	1065888060
02.Mooring Analysis/03.Orcaflex/01-FST's Only/LC_100y_Intact/r08/FST2L_FST1L/CL_FST2L_FST1L_MWL_090deg.yml	2134
02.Mooring Analysis/03.Orcaflex/01-FST's Only/LC_100y_Intact/r08/FST2L_FST1L/CL_FST2L_FST1L_MWL_180deg.sim	1065889813
02.Mooring Analysis/03.Orcaflex/01-FST's Only/LC_100y_Intact/r08/FST2L_FST1L/CL_FST2L_FST1L_MWL_180deg.yml	2137
02.Mooring Analysis/03.Orcaflex/01-FST's Only/LC_100y_Intact/r08/FST2L_FST1L/FST2L_FST1L_HWL_000deg.sim	1065925947
02.Mooring Analysis/03.Orcaflex/01-FST's Only/LC_100y_Intact/r08/FST2L_FST1L/FST2L_FST1L_HWL_000deg.yml	2130
02.Mooring Analysis/03.Orcaflex/01-FST's Only/LC_100y_Intact/r08/FST2L_FST1L/FST2L_FST1L_HWL_015deg.sim	1065928496
02.Mooring Analysis/03.Orcaflex/01-FST's Only/LC_100y_Intact/r08/FST2L_FST1L/FST2L_FST1L_HWL_015deg.yml	2135
02.Mooring Analysis/03.Orcaflex/01-FST's Only/LC_100y_Intact/r08/FST2L_FST1L/FST2L_FST1L_HWL_030deg.sim	1065927834
02.Mooring Analysis/03.Orcaflex/01-FST's Only/LC_100y_Intact/r08/FST2L_FST1L/FST2L_FST1L_HWL_030deg.yml	2135
02.Mooring Analysis/03.Orcaflex/01-FST's Only/LC_100y_Intact/r08/FST2L_FST1L/FST2L_FST1L_HWL_045deg.sim	1065928169
02.Mooring Analysis/03.Orcaflex/01-FST's Only/LC_100y_Intact/r08/FST2L_FST1L/FST2L_FST1L_HWL_045deg.yml	2134
02.Mooring Analysis/03.Orcaflex/01-FST's Only/LC_100y_Intact/r08/FST2L_FST1L/FST2L_FST1L_HWL_060deg.sim	1065927821
02.Mooring Analysis/03.Orcaflex/01-FST's Only/LC_100y_Intact/r08/FST2L_FST1L/FST2L_FST1L_HWL_060deg.yml	2134
02.Mooring Analysis/03.Orcaflex/01-FST's Only/LC_100y_Intact/r08/FST2L_FST1L/FST2L_FST1L_HWL_075deg.sim	1065929650
02.Mooring Analysis/03.Orcaflex/01-FST's Only/LC_100y_Intact/r08/FST2L_FST1L/FST2L_FST1L_HWL_075deg.yml	2134
02.Mooring Analysis/03.Orcaflex/01-FST's Only/LC_100y_Intact/r08/FST2L_FST1L/FST2L_FST1L_HWL_090deg.sim	1065929649
02.Mooring Analysis/03.Orcaflex/01-FST's Only/LC_100y_Intact/r08/FST2L_FST1L/FST2L_FST1L_HWL_090deg.yml	2134
02.Mooring Analysis/03.Orcaflex/01-FST's Only/LC_100y_Intact/r08/FST2L_FST1L/FST2L_FST1L_HWL_105deg.sim	1065929767
02.Mooring Analysis/03.Orcaflex/01-FST's Only/LC_100y_Intact/r08/FST2L_FST1L/FST2L_FST1L_HWL_105deg.yml	2137
02.Mooring Analysis/03.Orcaflex/01-FST's Only/LC_100y_Intact/r08/FST2L_FST1L/FST2L_FST1L_HWL_120deg.sim	1065927714
02.Mooring Analysis/03.Orcaflex/01-FST's Only/LC_100y_Intact/r08/FST2L_FST1L/FST2L_FST1L_HWL_120deg.yml	2137
02.Mooring Analysis/03.Orcaflex/01-FST's Only/LC_100y_Intact/r08/FST2L_FST1L/FST2L_FST1L_HWL_135deg.sim	1065927473
02.Mooring Analysis/03.Orcaflex/01-FST's Only/LC_100y_Intact/r08/FST2L_FST1L/FST2L_FST1L_HWL_135deg.yml	2137
02.Mooring Analysis/03.Orcaflex/01-FST's Only/LC_100y_Intact/r08/FST2L_FST1L/FST2L_FST1L_HWL_150deg.sim	1065929515
02.Mooring Analysis/03.Orcaflex/01-FST's Only/LC_100y_Intact/r08/FST2L_FST1L/FST2L_FST1L_HWL_150deg.yml	2137
02.Mooring Analysis/03.Orcaflex/01-FST's Only/LC_100y_Intact/r08/FST2L_FST1L/FST2L_FST1L_HWL_165deg.sim	1065928406
02.Mooring Analysis/03.Orcaflex/01-FST's Only/LC_100y_Intact/r08/FST2L_FST1L/FST2L_FST1L_HWL_165deg.yml	2137
02.Mooring Analysis/03.Orcaflex/01-FST's Only/LC_100y_Intact/r08/FST2L_FST1L/FST2L_FST1L_HWL_180deg.sim	1065928609
02.Mooring Analysis/03.Orcaflex/01-FST's Only/LC_100y_Intact/r08/FST2L_FST1L/FST2L_FST1L_HWL_180deg.yml	2137
02.Mooring Analysis/03.Orcaflex/01-FST's Only/LC_100y_Intact/r08/FST2L_FST1L/FST2L_FST1L_HWL_195deg.sim	1065928969
02.Mooring Analysis/03.Orcaflex/01-FST's Only/LC_100y_Intact/r08/FST2L_FST1L/FST2L_FST1L_HWL_195deg.yml	2137
02.Mooring Analysis/03.Orcaflex/01-FST's Only/LC_100y_Intact/r08/FST2L_FST1L/FST2L_FST1L_HWL_210deg.sim	1065929588
02.Mooring Analysis/03.Orcaflex/01-FST's Only/LC_100y_Intact/r08/FST2L_FST1L/FST2L_FST1L_HWL_210deg.yml	2137
02.Mooring Analysis/03.Orcaflex/01-FST's Only/LC_100y_Intact/r08/FST2L_FST1L/FST2L_FST1L_HWL_225deg.sim	1065930151
02.Mooring Analysis/03.Orcaflex/01-FST's Only/LC_100y_Intact/r08/FST2L_FST1L/FST2L_FST1L_HWL_225deg.yml	2137
02.Mooring Analysis/03.Orcaflex/01-FST's Only/LC_100y_Intact/r08/FST2L_FST1L/FST2L_FST1L_HWL_240deg.sim	1065930549
02.Mooring Analysis/03.Orcaflex/01-FST's Only/LC_100y_Intact/r08/FST2L_FST1L/FST2L_FST1L_HWL_240deg.yml	2137
02.Mooring Analysis/03.Orcaflex/01-FST's Only/LC_100y_Intact/r08/FST2L_FST1L/FST2L_FST1L_HWL_255deg.sim	1065927363
02.Mooring Analysis/03.Orcaflex/01-FST's Only/LC_100y_Intact/r08/FST2L_FST1L/FST2L_FST1L_HWL_255deg.yml	2137
02.Mooring Analysis/03.Orcaflex/01-FST's Only/LC_100y_Intact/r08/FST2L_FST1L/FST2L_FST1L_HWL_270deg.sim	1065925584
02.Mooring Analysis/03.Orcaflex/01-FST's Only/LC_100y_Intact/r08/FST2L_FST1L/FST2L_FST1L_HWL_270deg.yml	2137
02.Mooring Analysis/03.Orcaflex/01-FST's Only/LC_100y_Intact/r08/FST2L_FST1L/FST2L_FST1L_HWL_285deg.sim	1065927489
02.Mooring Analysis/03.Orcaflex/01-FST's Only/LC_100y_Intact/r08/FST2L_FST1L/FST2L_FST1L_HWL_285deg.yml	2137
02.Mooring Analysis/03.Orcaflex/01-FST's Only/LC_100y_Intact/r08/FST2L_FST1L/FST2L_FST1L_HWL_300deg.sim	1065927803
02.Mooring Analysis/03.Orcaflex/01-FST's Only/LC_100y_Intact/r08/FST2L_FST1L/FST2L_FST1L_HWL_300deg.yml	2137
02.Mooring Analysis/03.Orcaflex/01-FST's Only/LC_100y_Intact/r08/FST2L_FST1L/FST2L_FST1L_HWL_315deg.sim	1065927206
02.Mooring Analysis/03.Orcaflex/01-FST's Only/LC_100y_Intact/r08/FST2L_FST1L/FST2L_FST1L_HWL_315deg.yml	2137
02.Mooring Analysis/03.Orcaflex/01-FST's Only/LC_100y_Intact/r08/FST2L_FST1L/FST2L_FST1L_HWL_330deg.sim	1065928771
02.Mooring Analysis/03.Orcaflex/01-FST's Only/LC_100y_Intact/r08/FST2L_FST1L/FST2L_FST1L_HWL_330deg.yml	2137
02.Mooring Analysis/03.Orcaflex/01-FST's Only/LC_100y_Intact/r08/FST2L_FST1L/FST2L_FST1L_HWL_345deg.sim	1065928517
02.Mooring Analysis/03.Orcaflex/01-FST's Only/LC_100y_Intact/r08/FST2L_FST1L/FST2L_FST1L_HWL_345deg.yml	2137
02.Mooring Analysis/03.Orcaflex/01-FST's Only/LC_100y_Intact/r08/FST2L_FST1L/FST2L_FST1L_LWL_000deg.sim	1065947061
02.Mooring Analysis/03.Orcaflex/01-FST's Only/LC_100y_Intact/r08/FST2L_FST1L/FST2L_FST1L_LWL_000deg.yml	2130
02.Mooring Analysis/03.Orcaflex/01-FST's Only/LC_100y_Intact/r08/FST2L_FST1L/FST2L_FST1L_LWL_015deg.sim	1065943063
02.Mooring Analysis/03.Orcaflex/01-FST's Only/LC_100y_Intact/r08/FST2L_FST1L/FST2L_FST1L_LWL_015deg.yml	2135
02.Mooring Analysis/03.Orcaflex/01-FST's Only/LC_100y_Intact/r08/FST2L_FST1L/FST2L_FST1L_LWL_030deg.sim	1065943009
02.Mooring Analysis/03.Orcaflex/01-FST's Only/LC_100y_Intact/r08/FST2L_FST1L/FST2L_FST1L_LWL_030deg.yml	2135
02.Mooring Analysis/03.Orcaflex/01-FST's Only/LC_100y_Intact/r08/FST2L_FST1L/FST2L_FST1L_LWL_045deg.sim	1065944009
02.Mooring Analysis/03.Orcaflex/01-FST's Only/LC_100y_Intact/r08/FST2L_FST1L/FST2L_FST1L_LWL_045deg.yml	2134
02.Mooring Analysis/03.Orcaflex/01-FST's Only/LC_100y_Intact/r08/FST2L_FST1L/FST2L_FST1L_LWL_060deg.sim	1065944004
02.Mooring Analysis/03.Orcaflex/01-FST's Only/LC_100y_Intact/r08/FST2L_FST1L/FST2L_FST1L_LWL_060deg.yml	2134
02.Mooring Analysis/03.Orcaflex/01-FST's Only/LC_100y_Intact/r08/FST2L_FST1L/FST2L_FST1L_LWL_075deg.sim	1065944430
02.Mooring Analysis/03.Orcaflex/01-FST's Only/LC_100y_Intact/r08/FST2L_FST1L/FST2L_FST1L_LWL_075deg.yml	2134
02.Mooring Analysis/03.Orcaflex/01-FST's Only/LC_100y_Intact/r08/FST2L_FST1L/FST2L_FST1L_LWL_090deg.sim	1065944047
02.Mooring Analysis/03.Orcaflex/01-FST's Only/LC_100y_Intact/r08/FST2L_FST1L/FST2L_FST1L_LWL_090deg.yml	2134
02.Mooring Analysis/03.Orcaflex/01-FST's Only/LC_100y_Intact/r08/FST2L_FST1L/FST2L_FST1L_LWL_105deg.sim	1065944429
02.Mooring Analysis/03.Orcaflex/01-FST's Only/LC_100y_Intact/r08/FST2L_FST1L/FST2L_FST1L_LWL_105deg.yml	2137
02.Mooring Analysis/03.Orcaflex/01-FST's Only/LC_100y_Intact/r08/FST2L_FST1L/FST2L_FST1L_LWL_120deg.sim	1065937239
02.Mooring Analysis/03.Orcaflex/01-FST's Only/LC_100y_Intact/r08/FST2L_FST1L/FST2L_FST1L_LWL_120deg.yml	2137
02.Mooring Analysis/03.Orcaflex/01-FST's Only/LC_100y_Intact/r08/FST2L_FST1L/FST2L_FST1L_LWL_135deg.sim	1065942200
02.Mooring Analysis/03.Orcaflex/01-FST's Only/LC_100y_Intact/r08/FST2L_FST1L/FST2L_FST1L_LWL_135deg.yml	2137
02.Mooring Analysis/03.Orcaflex/01-FST's Only/LC_100y_Intact/r08/FST2L_FST1L/FST2L_FST1L_LWL_150deg.sim	1065944275
02.Mooring Analysis/03.Orcaflex/01-FST's Only/LC_100y_Intact/r08/FST2L_FST1L/FST2L_FST1L_LWL_150deg.yml	2137
02.Mooring Analysis/03.Orcaflex/01-FST's Only/LC_100y_Intact/r08/FST2L_FST1L/FST2L_FST1L_LWL_165deg.sim	1065944036
02.Mooring Analysis/03.Orcaflex/01-FST's Only/LC_100y_Intact/r08/FST2L_FST1L/FST2L_FST1L_LWL_165deg.yml	2137
02.Mooring Analysis/03.Orcaflex/01-FST's Only/LC_100y_Intact/r08/FST2L_FST1L/FST2L_FST1L_LWL_180deg.sim	1065943472
02.Mooring Analysis/03.Orcaflex/01-FST's Only/LC_100y_Intact/r08/FST2L_FST1L/FST2L_FST1L_LWL_180deg.yml	2137
02.Mooring Analysis/03.Orcaflex/01-FST's Only/LC_100y_Intact/r08/FST2L_FST1L/FST2L_FST1L_LWL_195deg.sim	1065949470
02.Mooring Analysis/03.Orcaflex/01-FST's Only/LC_100y_Intact/r08/FST2L_FST1L/FST2L_FST1L_LWL_195deg.yml	2137
02.Mooring Analysis/03.Orcaflex/01-FST's Only/LC_100y_Intact/r08/FST2L_FST1L/FST2L_FST1L_LWL_210deg.sim	1065951537
02.Mooring Analysis/03.Orcaflex/01-FST's Only/LC_100y_Intact/r08/FST2L_FST1L/FST2L_FST1L_LWL_210deg.yml	2137
02.Mooring Analysis/03.Orcaflex/01-FST's Only/LC_100y_Intact/r08/FST2L_FST1L/FST2L_FST1L_LWL_225deg.sim	1065952119
02.Mooring Analysis/03.Orcaflex/01-FST's Only/LC_100y_Intact/r08/FST2L_FST1L/FST2L_FST1L_LWL_225deg.yml	2137
02.Mooring Analysis/03.Orcaflex/01-FST's Only/LC_100y_Intact/r08/FST2L_FST1L/FST2L_FST1L_LWL_240deg.sim	1065952763
02.Mooring Analysis/03.Orcaflex/01-FST's Only/LC_100y_Intact/r08/FST2L_FST1L/FST2L_FST1L_LWL_240deg.yml	2137
02.Mooring Analysis/03.Orcaflex/01-FST's Only/LC_100y_Intact/r08/FST2L_FST1L/FST2L_FST1L_LWL_255deg.sim	1065949305
02.Mooring Analysis/03.Orcaflex/01-FST's Only/LC_100y_Intact/r08/FST2L_FST1L/FST2L_FST1L_LWL_255deg.yml	2137
02.Mooring Analysis/03.Orcaflex/01-FST's Only/LC_100y_Intact/r08/FST2L_FST1L/FST2L_FST1L_LWL_270deg.sim	1065947080
02.Mooring Analysis/03.Orcaflex/01-FST's Only/LC_100y_Intact/r08/FST2L_FST1L/FST2L_FST1L_LWL_270deg.yml	2137
02.Mooring Analysis/03.Orcaflex/01-FST's Only/LC_100y_Intact/r08/FST2L_FST1L/FST2L_FST1L_LWL_285deg.sim	1065949555
02.Mooring Analysis/03.Orcaflex/01-FST's Only/LC_100y_Intact/r08/FST2L_FST1L/FST2L_FST1L_LWL_285deg.yml	2137
02.Mooring Analysis/03.Orcaflex/01-FST's Only/LC_100y_Intact/r08/FST2L_FST1L/FST2L_FST1L_LWL_300deg.sim	1065949388
02.Mooring Analysis/03.Orcaflex/01-FST's Only/LC_100y_Intact/r08/FST2L_FST1L/FST2L_FST1L_LWL_300deg.yml	2137
02.Mooring Analysis/03.Orcaflex/01-FST's Only/LC_100y_Intact/r08/FST2L_FST1L/FST2L_FST1L_LWL_315deg.sim	1065948711
02.Mooring Analysis/03.Orcaflex/01-FST's Only/LC_100y_Intact/r08/FST2L_FST1L/FST2L_FST1L_LWL_315deg.yml	2137
02.Mooring Analysis/03.Orcaflex/01-FST's Only/LC_100y_Intact/r08/FST2L_FST1L/FST2L_FST1L_LWL_330deg.sim	1065949907
02.Mooring Analysis/03.Orcaflex/01-FST's Only/LC_100y_Intact/r08/FST2L_FST1L/FST2L_FST1L_LWL_330deg.yml	2137
02.Mooring Analysis/03.Orcaflex/01-FST's Only/LC_100y_Intact/r08/FST2L_FST1L/FST2L_FST1L_LWL_345deg.sim	1065949766
02.Mooring Analysis/03.Orcaflex/01-FST's Only/LC_100y_Intact/r08/FST2L_FST1L/FST2L_FST1L_LWL_345deg.yml	2137
02.Mooring Analysis/03.Orcaflex/01-FST's Only/LC_100y_Intact/r08/FST2L_FST1L/FST2L_FST1L_MWL_000deg.sim	1065888840
02.Mooring Analysis/03.Orcaflex/01-FST's Only/LC_100y_Intact/r08/FST2L_FST1L/FST2L_FST1L_MWL_000deg.yml	2130
02.Mooring Analysis/03.Orcaflex/01-FST's Only/LC_100y_Intact/r08/FST2L_FST1L/FST2L_FST1L_MWL_015deg.sim	1065893430
02.Mooring Analysis/03.Orcaflex/01-FST's Only/LC_100y_Intact/r08/FST2L_FST1L/FST2L_FST1L_MWL_015deg.yml	2135
02.Mooring Analysis/03.Orcaflex/01-FST's Only/LC_100y_Intact/r08/FST2L_FST1L/FST2L_FST1L_MWL_030deg.sim	1065893188
02.Mooring Analysis/03.Orcaflex/01-FST's Only/LC_100y_Intact/r08/FST2L_FST1L/FST2L_FST1L_MWL_030deg.yml	2135
02.Mooring Analysis/03.Orcaflex/01-FST's Only/LC_100y_Intact/r08/FST2L_FST1L/FST2L_FST1L_MWL_045deg.sim	1065894051
02.Mooring Analysis/03.Orcaflex/01-FST's Only/LC_100y_Intact/r08/FST2L_FST1L/FST2L_FST1L_MWL_045deg.yml	2134
02.Mooring Analysis/03.Orcaflex/01-FST's Only/LC_100y_Intact/r08/FST2L_FST1L/FST2L_FST1L_MWL_060deg.sim	1065893687
02.Mooring Analysis/03.Orcaflex/01-FST's Only/LC_100y_Intact/r08/FST2L_FST1L/FST2L_FST1L_MWL_060deg.yml	2134
02.Mooring Analysis/03.Orcaflex/01-FST's Only/LC_100y_Intact/r08/FST2L_FST1L/FST2L_FST1L_MWL_075deg.sim	1065893150
02.Mooring Analysis/03.Orcaflex/01-FST's Only/LC_100y_Intact/r08/FST2L_FST1L/FST2L_FST1L_MWL_075deg.yml	2134
02.Mooring Analysis/03.Orcaflex/01-FST's Only/LC_100y_Intact/r08/FST2L_FST1L/FST2L_FST1L_MWL_090deg.sim	1065894915
02.Mooring Analysis/03.Orcaflex/01-FST's Only/LC_100y_Intact/r08/FST2L_FST1L/FST2L_FST1L_MWL_090deg.yml	2134
02.Mooring Analysis/03.Orcaflex/01-FST's Only/LC_100y_Intact/r08/FST2L_FST1L/FST2L_FST1L_MWL_105deg.sim	1065894058
02.Mooring Analysis/03.Orcaflex/01-FST's Only/LC_100y_Intact/r08/FST2L_FST1L/FST2L_FST1L_MWL_105deg.yml	2137
02.Mooring Analysis/03.Orcaflex/01-FST's Only/LC_100y_Intact/r08/FST2L_FST1L/FST2L_FST1L_MWL_120deg.sim	1065891013
02.Mooring Analysis/03.Orcaflex/01-FST's Only/LC_100y_Intact/r08/FST2L_FST1L/FST2L_FST1L_MWL_120deg.yml	2137
02.Mooring Analysis/03.Orcaflex/01-FST's Only/LC_100y_Intact/r08/FST2L_FST1L/FST2L_FST1L_MWL_135deg.sim	1065890598
02.Mooring Analysis/03.Orcaflex/01-FST's Only/LC_100y_Intact/r08/FST2L_FST1L/FST2L_FST1L_MWL_135deg.yml	2137
02.Mooring Analysis/03.Orcaflex/01-FST's Only/LC_100y_Intact/r08/FST2L_FST1L/FST2L_FST1L_MWL_150deg.sim	1065892895
02.Mooring Analysis/03.Orcaflex/01-FST's Only/LC_100y_Intact/r08/FST2L_FST1L/FST2L_FST1L_MWL_150deg.yml	2137
02.Mooring Analysis/03.Orcaflex/01-FST's Only/LC_100y_Intact/r08/FST2L_FST1L/FST2L_FST1L_MWL_165deg.sim	1065885529
02.Mooring Analysis/03.Orcaflex/01-FST's Only/LC_100y_Intact/r08/FST2L_FST1L/FST2L_FST1L_MWL_165deg.yml	2137
02.Mooring Analysis/03.Orcaflex/01-FST's Only/LC_100y_Intact/r08/FST2L_FST1L/FST2L_FST1L_MWL_180deg.sim	1065885137
02.Mooring Analysis/03.Orcaflex/01-FST's Only/LC_100y_Intact/r08/FST2L_FST1L/FST2L_FST1L_MWL_180deg.yml	2137
02.Mooring Analysis/03.Orcaflex/01-FST's Only/LC_100y_Intact/r08/FST2L_FST1L/FST2L_FST1L_MWL_195deg.sim	1065891586
02.Mooring Analysis/03.Orcaflex/01-FST's Only/LC_100y_Intact/r08/FST2L_FST1L/FST2L_FST1L_MWL_195deg.yml	2137
02.Mooring Analysis/03.Orcaflex/01-FST's Only/LC_100y_Intact/r08/FST2L_FST1L/FST2L_FST1L_MWL_210deg.sim	1065893246
02.Mooring Analysis/03.Orcaflex/01-FST's Only/LC_100y_Intact/r08/FST2L_FST1L/FST2L_FST1L_MWL_210deg.yml	2137
02.Mooring Analysis/03.Orcaflex/01-FST's Only/LC_100y_Intact/r08/FST2L_FST1L/FST2L_FST1L_MWL_225deg.sim	1065893432
02.Mooring Analysis/03.Orcaflex/01-FST's Only/LC_100y_Intact/r08/FST2L_FST1L/FST2L_FST1L_MWL_225deg.yml	2137
02.Mooring Analysis/03.Orcaflex/01-FST's Only/LC_100y_Intact/r08/FST2L_FST1L/FST2L_FST1L_MWL_240deg.sim	1065894181
02.Mooring Analysis/03.Orcaflex/01-FST's Only/LC_100y_Intact/r08/FST2L_FST1L/FST2L_FST1L_MWL_240deg.yml	2137
02.Mooring Analysis/03.Orcaflex/01-FST's Only/LC_100y_Intact/r08/FST2L_FST1L/FST2L_FST1L_MWL_255deg.sim	1065890920
02.Mooring Analysis/03.Orcaflex/01-FST's Only/LC_100y_Intact/r08/FST2L_FST1L/FST2L_FST1L_MWL_255deg.yml	2137
02.Mooring Analysis/03.Orcaflex/01-FST's Only/LC_100y_Intact/r08/FST2L_FST1L/FST2L_FST1L_MWL_270deg.sim	1065888660
02.Mooring Analysis/03.Orcaflex/01-FST's Only/LC_100y_Intact/r08/FST2L_FST1L/FST2L_FST1L_MWL_270deg.yml	2137
02.Mooring Analysis/03.Orcaflex/01-FST's Only/LC_100y_Intact/r08/FST2L_FST1L/FST2L_FST1L_MWL_285deg.sim	1065890916
02.Mooring Analysis/03.Orcaflex/01-FST's Only/LC_100y_Intact/r08/FST2L_FST1L/FST2L_FST1L_MWL_285deg.yml	2137
02.Mooring Analysis/03.Orcaflex/01-FST's Only/LC_100y_Intact/r08/FST2L_FST1L/FST2L_FST1L_MWL_300deg.sim	1065891043
02.Mooring Analysis/03.Orcaflex/01-FST's Only/LC_100y_Intact/r08/FST2L_FST1L/FST2L_FST1L_MWL_300deg.yml	2137
02.Mooring Analysis/03.Orcaflex/01-FST's Only/LC_100y_Intact/r08/FST2L_FST1L/FST2L_FST1L_MWL_315deg.sim	1065890854
02.Mooring Analysis/03.Orcaflex/01-FST's Only/LC_100y_Intact/r08/FST2L_FST1L/FST2L_FST1L_MWL_315deg.yml	2137
02.Mooring Analysis/03.Orcaflex/01-FST's Only/LC_100y_Intact/r08/FST2L_FST1L/FST2L_FST1L_MWL_330deg.sim	1065891728
02.Mooring Analysis/03.Orcaflex/01-FST's Only/LC_100y_Intact/r08/FST2L_FST1L/FST2L_FST1L_MWL_330deg.yml	2137
02.Mooring Analysis/03.Orcaflex/01-FST's Only/LC_100y_Intact/r08/FST2L_FST1L/FST2L_FST1L_MWL_345deg.sim	1065891344
02.Mooring Analysis/03.Orcaflex/01-FST's Only/LC_100y_Intact/r08/FST2L_FST1L/FST2L_FST1L_MWL_345deg.yml	2137
02.Mooring Analysis/03.Orcaflex/01-FST's Only/LC_100y_Intact/r08/FST2L_FST1L/Summary_FST_Mooring_FST2L_FST1L_100y_Intact_07202023.pptx	1240038
02.Mooring Analysis/03.Orcaflex/01-FST's Only/LC_100y_Intact/r08/FST2L_FST1L/Summary_FST_Mooring_FST2L_FST1L_100y_Intact_08082023.pptx	1240052
02.Mooring Analysis/03.Orcaflex/01-FST's Only/LC_100y_Intact/r08/FST2L_FST1L/Thumbs.db	16384
02.Mooring Analysis/03.Orcaflex/02-FST's_LNGC/00-Bases/FST2F_FST1F_LNGCEB_universal_r04_HWL.dat	43042650
02.Mooring Analysis/03.Orcaflex/02-FST's_LNGC/00-Bases/FST2F_FST1F_LNGCEB_universal_r04_LWL.dat	43042629
02.Mooring Analysis/03.Orcaflex/02-FST's_LNGC/00-Bases/FST2F_FST1F_LNGCEB_universal_r04_MWL.dat	43042578
02.Mooring Analysis/03.Orcaflex/02-FST's_LNGC/00-Bases/FST2F_FST1F_LNGCPB_universal_r04_HWL.dat	43607115
02.Mooring Analysis/03.Orcaflex/02-FST's_LNGC/00-Bases/FST2F_FST1F_LNGCPB_universal_r04_LWL.dat	43607135
02.Mooring Analysis/03.Orcaflex/02-FST's_LNGC/00-Bases/FST2F_FST1F_LNGCPB_universal_r04_MWL.dat	43607102
02.Mooring Analysis/03.Orcaflex/02-FST's_LNGC/00-Bases/FST2L_FST1L_LNGCEF_universal_r04_HWL.dat	46632736
02.Mooring Analysis/03.Orcaflex/02-FST's_LNGC/00-Bases/FST2L_FST1L_LNGCEF_universal_r04_LWL.dat	46632613
02.Mooring Analysis/03.Orcaflex/02-FST's_LNGC/00-Bases/FST2L_FST1L_LNGCEF_universal_r04_MWL.dat	46632746
02.Mooring Analysis/03.Orcaflex/02-FST's_LNGC/00-Bases/FST2L_FST1L_LNGCPF_universal_r04_HWL.dat	40200549
02.Mooring Analysis/03.Orcaflex/02-FST's_LNGC/00-Bases/FST2L_FST1L_LNGCPF_universal_r04_LWL.dat	40200468
02.Mooring Analysis/03.Orcaflex/02-FST's_LNGC/00-Bases/FST2L_FST1L_LNGCPF_universal_r04_MWL.dat	40200544
02.Mooring Analysis/03.Orcaflex/02-FST's_LNGC/00-Bases/Template_FST2F_FST1F_LNGCEB.yml	2307
02.Mooring Analysis/03.Orcaflex/02-FST's_LNGC/00-Bases/Template_FST2F_FST1F_LNGCPB.yml	2305
02.Mooring Analysis/03.Orcaflex/02-FST's_LNGC/00-Bases/Template_FST2L_FST1L_LNGCEF.yml	2307
02.Mooring Analysis/03.Orcaflex/02-FST's_LNGC/00-Bases/Template_FST2L_FST1L_LNGCPF.yml	2305
02.Mooring Analysis/03.Orcaflex/02-FST's_LNGC/00-Bases/r03/FST2F_FST1F_LNGCEB_universal_r03_HWL.dat	43031461
02.Mooring Analysis/03.Orcaflex/02-FST's_LNGC/00-Bases/r03/FST2F_FST1F_LNGCEB_universal_r03_LWL.dat	43031480
02.Mooring Analysis/03.Orcaflex/02-FST's_LNGC/00-Bases/r03/FST2F_FST1F_LNGCEB_universal_r03_MWL.dat	43031608
02.Mooring Analysis/03.Orcaflex/02-FST's_LNGC/00-Bases/r03/FST2F_FST1F_LNGCPB_universal_r03_HWL.dat	43597148
02.Mooring Analysis/03.Orcaflex/02-FST's_LNGC/00-Bases/r03/FST2F_FST1F_LNGCPB_universal_r03_LWL.dat	43617164
02.Mooring Analysis/03.Orcaflex/02-FST's_LNGC/00-Bases/r03/FST2F_FST1F_LNGCPB_universal_r03_MWL.dat	43597294
02.Mooring Analysis/03.Orcaflex/02-FST's_LNGC/00-Bases/r03/FST2L_FST1L_LNGCEF_universal_r03_HWL.dat	46641885
02.Mooring Analysis/03.Orcaflex/02-FST's_LNGC/00-Bases/r03/FST2L_FST1L_LNGCEF_universal_r03_LWL.dat	46622033
02.Mooring Analysis/03.Orcaflex/02-FST's_LNGC/00-Bases/r03/FST2L_FST1L_LNGCEF_universal_r03_MWL.dat	46622177
02.Mooring Analysis/03.Orcaflex/02-FST's_LNGC/00-Bases/r03/FST2L_FST1L_LNGCPF_universal_r03_HWL.dat	40190673
02.Mooring Analysis/03.Orcaflex/02-FST's_LNGC/00-Bases/r03/FST2L_FST1L_LNGCPF_universal_r03_LWL.dat	40190574
02.Mooring Analysis/03.Orcaflex/02-FST's_LNGC/00-Bases/r03/FST2L_FST1L_LNGCPF_universal_r03_MWL.dat	40190642
02.Mooring Analysis/03.Orcaflex/02-FST's_LNGC/LC_5y_Intact/FST2F_FST1F_LNGCPB/FST2F_FST1F_LNGCPB_HWL_090deg.sim	2066010139
02.Mooring Analysis/03.Orcaflex/02-FST's_LNGC/LC_5y_Intact/FST2F_FST1F_LNGCPB/FST2F_FST1F_LNGCPB_HWL_090deg.yml	2546
02.Mooring Analysis/03.Orcaflex/02-FST's_LNGC/LC_5y_Intact/FST2F_FST1F_LNGCPB/Thumbs.db	7168
02.Mooring Analysis/03.Orcaflex/02-FST's_LNGC/_ss/LC_5y_Intact_r03/FST2F_FST1F_LNGCEB/CL_FST2F_FST1F_LNGCEB_HWL_015deg.sim	2027426659
02.Mooring Analysis/03.Orcaflex/02-FST's_LNGC/_ss/LC_5y_Intact_r03/FST2F_FST1F_LNGCEB/CL_FST2F_FST1F_LNGCEB_HWL_015deg.yml	2193
02.Mooring Analysis/03.Orcaflex/02-FST's_LNGC/_ss/LC_5y_Intact_r03/FST2F_FST1F_LNGCEB/CL_FST2F_FST1F_LNGCEB_HWL_030deg.sim	2027428893
02.Mooring Analysis/03.Orcaflex/02-FST's_LNGC/_ss/LC_5y_Intact_r03/FST2F_FST1F_LNGCEB/CL_FST2F_FST1F_LNGCEB_HWL_030deg.yml	2193
02.Mooring Analysis/03.Orcaflex/02-FST's_LNGC/_ss/LC_5y_Intact_r03/FST2F_FST1F_LNGCEB/CL_FST2F_FST1F_LNGCEB_HWL_045deg.sim	2027428569
02.Mooring Analysis/03.Orcaflex/02-FST's_LNGC/_ss/LC_5y_Intact_r03/FST2F_FST1F_LNGCEB/CL_FST2F_FST1F_LNGCEB_HWL_045deg.yml	2192
02.Mooring Analysis/03.Orcaflex/02-FST's_LNGC/_ss/LC_5y_Intact_r03/FST2F_FST1F_LNGCEB/CL_FST2F_FST1F_LNGCEB_HWL_090deg.sim	2027426880
02.Mooring Analysis/03.Orcaflex/02-FST's_LNGC/_ss/LC_5y_Intact_r03/FST2F_FST1F_LNGCEB/CL_FST2F_FST1F_LNGCEB_HWL_090deg.yml	2192
02.Mooring Analysis/03.Orcaflex/02-FST's_LNGC/_ss/LC_5y_Intact_r03/FST2F_FST1F_LNGCEB/CL_FST2F_FST1F_LNGCEB_HWL_180deg.sim	2027425450
02.Mooring Analysis/03.Orcaflex/02-FST's_LNGC/_ss/LC_5y_Intact_r03/FST2F_FST1F_LNGCEB/CL_FST2F_FST1F_LNGCEB_HWL_180deg.yml	2259
02.Mooring Analysis/03.Orcaflex/02-FST's_LNGC/_ss/LC_5y_Intact_r03/FST2F_FST1F_LNGCEB/CL_FST2F_FST1F_LNGCEB_LWL_015deg.sim	2024930065
02.Mooring Analysis/03.Orcaflex/02-FST's_LNGC/_ss/LC_5y_Intact_r03/FST2F_FST1F_LNGCEB/CL_FST2F_FST1F_LNGCEB_LWL_015deg.yml	2193
02.Mooring Analysis/03.Orcaflex/02-FST's_LNGC/_ss/LC_5y_Intact_r03/FST2F_FST1F_LNGCEB/CL_FST2F_FST1F_LNGCEB_LWL_030deg.sim	2024931493
02.Mooring Analysis/03.Orcaflex/02-FST's_LNGC/_ss/LC_5y_Intact_r03/FST2F_FST1F_LNGCEB/CL_FST2F_FST1F_LNGCEB_LWL_030deg.yml	2193
02.Mooring Analysis/03.Orcaflex/02-FST's_LNGC/_ss/LC_5y_Intact_r03/FST2F_FST1F_LNGCEB/CL_FST2F_FST1F_LNGCEB_LWL_045deg.sim	2024931954
02.Mooring Analysis/03.Orcaflex/02-FST's_LNGC/_ss/LC_5y_Intact_r03/FST2F_FST1F_LNGCEB/CL_FST2F_FST1F_LNGCEB_LWL_045deg.yml	2192
02.Mooring Analysis/03.Orcaflex/02-FST's_LNGC/_ss/LC_5y_Intact_r03/FST2F_FST1F_LNGCEB/CL_FST2F_FST1F_LNGCEB_LWL_090deg.sim	2024930656
02.Mooring Analysis/03.Orcaflex/02-FST's_LNGC/_ss/LC_5y_Intact_r03/FST2F_FST1F_LNGCEB/CL_FST2F_FST1F_LNGCEB_LWL_090deg.yml	2192
02.Mooring Analysis/03.Orcaflex/02-FST's_LNGC/_ss/LC_5y_Intact_r03/FST2F_FST1F_LNGCEB/CL_FST2F_FST1F_LNGCEB_LWL_180deg.sim	2024927904
02.Mooring Analysis/03.Orcaflex/02-FST's_LNGC/_ss/LC_5y_Intact_r03/FST2F_FST1F_LNGCEB/CL_FST2F_FST1F_LNGCEB_LWL_180deg.yml	2195
02.Mooring Analysis/03.Orcaflex/02-FST's_LNGC/_ss/LC_5y_Intact_r03/FST2F_FST1F_LNGCEB/CL_FST2F_FST1F_LNGCEB_MWL_015deg.sim	2024769857
02.Mooring Analysis/03.Orcaflex/02-FST's_LNGC/_ss/LC_5y_Intact_r03/FST2F_FST1F_LNGCEB/CL_FST2F_FST1F_LNGCEB_MWL_015deg.yml	2193
02.Mooring Analysis/03.Orcaflex/02-FST's_LNGC/_ss/LC_5y_Intact_r03/FST2F_FST1F_LNGCEB/CL_FST2F_FST1F_LNGCEB_MWL_030deg.sim	2024770492
02.Mooring Analysis/03.Orcaflex/02-FST's_LNGC/_ss/LC_5y_Intact_r03/FST2F_FST1F_LNGCEB/CL_FST2F_FST1F_LNGCEB_MWL_030deg.yml	2193
02.Mooring Analysis/03.Orcaflex/02-FST's_LNGC/_ss/LC_5y_Intact_r03/FST2F_FST1F_LNGCEB/CL_FST2F_FST1F_LNGCEB_MWL_045deg.sim	2024770657
02.Mooring Analysis/03.Orcaflex/02-FST's_LNGC/_ss/LC_5y_Intact_r03/FST2F_FST1F_LNGCEB/CL_FST2F_FST1F_LNGCEB_MWL_045deg.yml	2192
02.Mooring Analysis/03.Orcaflex/02-FST's_LNGC/_ss/LC_5y_Intact_r03/FST2F_FST1F_LNGCEB/CL_FST2F_FST1F_LNGCEB_MWL_090deg.sim	2024769410
02.Mooring Analysis/03.Orcaflex/02-FST's_LNGC/_ss/LC_5y_Intact_r03/FST2F_FST1F_LNGCEB/CL_FST2F_FST1F_LNGCEB_MWL_090deg.yml	2192
02.Mooring Analysis/03.Orcaflex/02-FST's_LNGC/_ss/LC_5y_Intact_r03/FST2F_FST1F_LNGCEB/CL_FST2F_FST1F_LNGCEB_MWL_180deg.sim	2024766431
02.Mooring Analysis/03.Orcaflex/02-FST's_LNGC/_ss/LC_5y_Intact_r03/FST2F_FST1F_LNGCEB/CL_FST2F_FST1F_LNGCEB_MWL_180deg.yml	2195
02.Mooring Analysis/03.Orcaflex/02-FST's_LNGC/_ss/LC_5y_Intact_r03/FST2F_FST1F_LNGCEB/FST2F_FST1F_LNGCEB_HWL_000deg.sim	2027425032
02.Mooring Analysis/03.Orcaflex/02-FST's_LNGC/_ss/LC_5y_Intact_r03/FST2F_FST1F_LNGCEB/FST2F_FST1F_LNGCEB_HWL_000deg.yml	2189
02.Mooring Analysis/03.Orcaflex/02-FST's_LNGC/_ss/LC_5y_Intact_r03/FST2F_FST1F_LNGCEB/FST2F_FST1F_LNGCEB_HWL_015deg.sim	2027427651
02.Mooring Analysis/03.Orcaflex/02-FST's_LNGC/_ss/LC_5y_Intact_r03/FST2F_FST1F_LNGCEB/FST2F_FST1F_LNGCEB_HWL_015deg.yml	2193
02.Mooring Analysis/03.Orcaflex/02-FST's_LNGC/_ss/LC_5y_Intact_r03/FST2F_FST1F_LNGCEB/FST2F_FST1F_LNGCEB_HWL_030deg.sim	2027429267
02.Mooring Analysis/03.Orcaflex/02-FST's_LNGC/_ss/LC_5y_Intact_r03/FST2F_FST1F_LNGCEB/FST2F_FST1F_LNGCEB_HWL_030deg.yml	2193
02.Mooring Analysis/03.Orcaflex/02-FST's_LNGC/_ss/LC_5y_Intact_r03/FST2F_FST1F_LNGCEB/FST2F_FST1F_LNGCEB_HWL_045deg.sim	2027429131
02.Mooring Analysis/03.Orcaflex/02-FST's_LNGC/_ss/LC_5y_Intact_r03/FST2F_FST1F_LNGCEB/FST2F_FST1F_LNGCEB_HWL_045deg.yml	2192
02.Mooring Analysis/03.Orcaflex/02-FST's_LNGC/_ss/LC_5y_Intact_r03/FST2F_FST1F_LNGCEB/FST2F_FST1F_LNGCEB_HWL_060deg.sim	2027426348
02.Mooring Analysis/03.Orcaflex/02-FST's_LNGC/_ss/LC_5y_Intact_r03/FST2F_FST1F_LNGCEB/FST2F_FST1F_LNGCEB_HWL_060deg.yml	2192
02.Mooring Analysis/03.Orcaflex/02-FST's_LNGC/_ss/LC_5y_Intact_r03/FST2F_FST1F_LNGCEB/FST2F_FST1F_LNGCEB_HWL_075deg.sim	2027426926
02.Mooring Analysis/03.Orcaflex/02-FST's_LNGC/_ss/LC_5y_Intact_r03/FST2F_FST1F_LNGCEB/FST2F_FST1F_LNGCEB_HWL_075deg.yml	2192
02.Mooring Analysis/03.Orcaflex/02-FST's_LNGC/_ss/LC_5y_Intact_r03/FST2F_FST1F_LNGCEB/FST2F_FST1F_LNGCEB_HWL_090deg.sim	2027426165
02.Mooring Analysis/03.Orcaflex/02-FST's_LNGC/_ss/LC_5y_Intact_r03/FST2F_FST1F_LNGCEB/FST2F_FST1F_LNGCEB_HWL_090deg.yml	2192
02.Mooring Analysis/03.Orcaflex/02-FST's_LNGC/_ss/LC_5y_Intact_r03/FST2F_FST1F_LNGCEB/FST2F_FST1F_LNGCEB_HWL_105deg.sim	2027428355
02.Mooring Analysis/03.Orcaflex/02-FST's_LNGC/_ss/LC_5y_Intact_r03/FST2F_FST1F_LNGCEB/FST2F_FST1F_LNGCEB_HWL_105deg.yml	2195
02.Mooring Analysis/03.Orcaflex/02-FST's_LNGC/_ss/LC_5y_Intact_r03/FST2F_FST1F_LNGCEB/FST2F_FST1F_LNGCEB_HWL_120deg.sim	2027430981
02.Mooring Analysis/03.Orcaflex/02-FST's_LNGC/_ss/LC_5y_Intact_r03/FST2F_FST1F_LNGCEB/FST2F_FST1F_LNGCEB_HWL_120deg.yml	2195
02.Mooring Analysis/03.Orcaflex/02-FST's_LNGC/_ss/LC_5y_Intact_r03/FST2F_FST1F_LNGCEB/FST2F_FST1F_LNGCEB_HWL_135deg.sim	2027430189
02.Mooring Analysis/03.Orcaflex/02-FST's_LNGC/_ss/LC_5y_Intact_r03/FST2F_FST1F_LNGCEB/FST2F_FST1F_LNGCEB_HWL_135deg.yml	2195
02.Mooring Analysis/03.Orcaflex/02-FST's_LNGC/_ss/LC_5y_Intact_r03/FST2F_FST1F_LNGCEB/FST2F_FST1F_LNGCEB_HWL_150deg.sim	2027429277
02.Mooring Analysis/03.Orcaflex/02-FST's_LNGC/_ss/LC_5y_Intact_r03/FST2F_FST1F_LNGCEB/FST2F_FST1F_LNGCEB_HWL_150deg.yml	2195
02.Mooring Analysis/03.Orcaflex/02-FST's_LNGC/_ss/LC_5y_Intact_r03/FST2F_FST1F_LNGCEB/FST2F_FST1F_LNGCEB_HWL_165deg.sim	2027428595
02.Mooring Analysis/03.Orcaflex/02-FST's_LNGC/_ss/LC_5y_Intact_r03/FST2F_FST1F_LNGCEB/FST2F_FST1F_LNGCEB_HWL_165deg.yml	2195
02.Mooring Analysis/03.Orcaflex/02-FST's_LNGC/_ss/LC_5y_Intact_r03/FST2F_FST1F_LNGCEB/FST2F_FST1F_LNGCEB_HWL_180deg.sim	2027428088
02.Mooring Analysis/03.Orcaflex/02-FST's_LNGC/_ss/LC_5y_Intact_r03/FST2F_FST1F_LNGCEB/FST2F_FST1F_LNGCEB_HWL_180deg.yml	2259
02.Mooring Analysis/03.Orcaflex/02-FST's_LNGC/_ss/LC_5y_Intact_r03/FST2F_FST1F_LNGCEB/FST2F_FST1F_LNGCEB_HWL_195deg.sim	2027425754
02.Mooring Analysis/03.Orcaflex/02-FST's_LNGC/_ss/LC_5y_Intact_r03/FST2F_FST1F_LNGCEB/FST2F_FST1F_LNGCEB_HWL_195deg.yml	2195
02.Mooring Analysis/03.Orcaflex/02-FST's_LNGC/_ss/LC_5y_Intact_r03/FST2F_FST1F_LNGCEB/FST2F_FST1F_LNGCEB_HWL_210deg.sim	2027427518
02.Mooring Analysis/03.Orcaflex/02-FST's_LNGC/_ss/LC_5y_Intact_r03/FST2F_FST1F_LNGCEB/FST2F_FST1F_LNGCEB_HWL_210deg.yml	2195
02.Mooring Analysis/03.Orcaflex/02-FST's_LNGC/_ss/LC_5y_Intact_r03/FST2F_FST1F_LNGCEB/FST2F_FST1F_LNGCEB_HWL_225deg.sim	2027427097
02.Mooring Analysis/03.Orcaflex/02-FST's_LNGC/_ss/LC_5y_Intact_r03/FST2F_FST1F_LNGCEB/FST2F_FST1F_LNGCEB_HWL_225deg.yml	2195
02.Mooring Analysis/03.Orcaflex/02-FST's_LNGC/_ss/LC_5y_Intact_r03/FST2F_FST1F_LNGCEB/FST2F_FST1F_LNGCEB_HWL_240deg.sim	2027424873
02.Mooring Analysis/03.Orcaflex/02-FST's_LNGC/_ss/LC_5y_Intact_r03/FST2F_FST1F_LNGCEB/FST2F_FST1F_LNGCEB_HWL_240deg.yml	2195
02.Mooring Analysis/03.Orcaflex/02-FST's_LNGC/_ss/LC_5y_Intact_r03/FST2F_FST1F_LNGCEB/FST2F_FST1F_LNGCEB_HWL_255deg.sim	2027428807
02.Mooring Analysis/03.Orcaflex/02-FST's_LNGC/_ss/LC_5y_Intact_r03/FST2F_FST1F_LNGCEB/FST2F_FST1F_LNGCEB_HWL_255deg.yml	2195
02.Mooring Analysis/03.Orcaflex/02-FST's_LNGC/_ss/LC_5y_Intact_r03/FST2F_FST1F_LNGCEB/FST2F_FST1F_LNGCEB_HWL_270deg.sim	2027426170
02.Mooring Analysis/03.Orcaflex/02-FST's_LNGC/_ss/LC_5y_Intact_r03/FST2F_FST1F_LNGCEB/FST2F_FST1F_LNGCEB_HWL_270deg.yml	2195
02.Mooring Analysis/03.Orcaflex/02-FST's_LNGC/_ss/LC_5y_Intact_r03/FST2F_FST1F_LNGCEB/FST2F_FST1F_LNGCEB_HWL_285deg.sim	2027428666
02.Mooring Analysis/03.Orcaflex/02-FST's_LNGC/_ss/LC_5y_Intact_r03/FST2F_FST1F_LNGCEB/FST2F_FST1F_LNGCEB_HWL_285deg.yml	2195
02.Mooring Analysis/03.Orcaflex/02-FST's_LNGC/_ss/LC_5y_Intact_r03/FST2F_FST1F_LNGCEB/FST2F_FST1F_LNGCEB_HWL_300deg.sim	2027427670
02.Mooring Analysis/03.Orcaflex/02-FST's_LNGC/_ss/LC_5y_Intact_r03/FST2F_FST1F_LNGCEB/FST2F_FST1F_LNGCEB_HWL_300deg.yml	2195
02.Mooring Analysis/03.Orcaflex/02-FST's_LNGC/_ss/LC_5y_Intact_r03/FST2F_FST1F_LNGCEB/FST2F_FST1F_LNGCEB_HWL_315deg.sim	2027423635
02.Mooring Analysis/03.Orcaflex/02-FST's_LNGC/_ss/LC_5y_Intact_r03/FST2F_FST1F_LNGCEB/FST2F_FST1F_LNGCEB_HWL_315deg.yml	2195
02.Mooring Analysis/03.Orcaflex/02-FST's_LNGC/_ss/LC_5y_Intact_r03/FST2F_FST1F_LNGCEB/FST2F_FST1F_LNGCEB_HWL_330deg.sim	2027426786
02.Mooring Analysis/03.Orcaflex/02-FST's_LNGC/_ss/LC_5y_Intact_r03/FST2F_FST1F_LNGCEB/FST2F_FST1F_LNGCEB_HWL_330deg.yml	2259
02.Mooring Analysis/03.Orcaflex/02-FST's_LNGC/_ss/LC_5y_Intact_r03/FST2F_FST1F_LNGCEB/FST2F_FST1F_LNGCEB_HWL_345deg.sim	2027427421
02.Mooring Analysis/03.Orcaflex/02-FST's_LNGC/_ss/LC_5y_Intact_r03/FST2F_FST1F_LNGCEB/FST2F_FST1F_LNGCEB_HWL_345deg.yml	2195
02.Mooring Analysis/03.Orcaflex/02-FST's_LNGC/_ss/LC_5y_Intact_r03/FST2F_FST1F_LNGCEB/FST2F_FST1F_LNGCEB_LWL_000deg.sim	2024927206
02.Mooring Analysis/03.Orcaflex/02-FST's_LNGC/_ss/LC_5y_Intact_r03/FST2F_FST1F_LNGCEB/FST2F_FST1F_LNGCEB_LWL_000deg.yml	2189
02.Mooring Analysis/03.Orcaflex/02-FST's_LNGC/_ss/LC_5y_Intact_r03/FST2F_FST1F_LNGCEB/FST2F_FST1F_LNGCEB_LWL_015deg.sim	2024927741
02.Mooring Analysis/03.Orcaflex/02-FST's_LNGC/_ss/LC_5y_Intact_r03/FST2F_FST1F_LNGCEB/FST2F_FST1F_LNGCEB_LWL_015deg.yml	2193
02.Mooring Analysis/03.Orcaflex/02-FST's_LNGC/_ss/LC_5y_Intact_r03/FST2F_FST1F_LNGCEB/FST2F_FST1F_LNGCEB_LWL_030deg.sim	2024928494
02.Mooring Analysis/03.Orcaflex/02-FST's_LNGC/_ss/LC_5y_Intact_r03/FST2F_FST1F_LNGCEB/FST2F_FST1F_LNGCEB_LWL_030deg.yml	2193
02.Mooring Analysis/03.Orcaflex/02-FST's_LNGC/_ss/LC_5y_Intact_r03/FST2F_FST1F_LNGCEB/FST2F_FST1F_LNGCEB_LWL_045deg.sim	2024928773
02.Mooring Analysis/03.Orcaflex/02-FST's_LNGC/_ss/LC_5y_Intact_r03/FST2F_FST1F_LNGCEB/FST2F_FST1F_LNGCEB_LWL_045deg.yml	2192
02.Mooring Analysis/03.Orcaflex/02-FST's_LNGC/_ss/LC_5y_Intact_r03/FST2F_FST1F_LNGCEB/FST2F_FST1F_LNGCEB_LWL_060deg.sim	2024928761
02.Mooring Analysis/03.Orcaflex/02-FST's_LNGC/_ss/LC_5y_Intact_r03/FST2F_FST1F_LNGCEB/FST2F_FST1F_LNGCEB_LWL_060deg.yml	2192
02.Mooring Analysis/03.Orcaflex/02-FST's_LNGC/_ss/LC_5y_Intact_r03/FST2F_FST1F_LNGCEB/FST2F_FST1F_LNGCEB_LWL_075deg.sim	2024929381
02.Mooring Analysis/03.Orcaflex/02-FST's_LNGC/_ss/LC_5y_Intact_r03/FST2F_FST1F_LNGCEB/FST2F_FST1F_LNGCEB_LWL_075deg.yml	2192
02.Mooring Analysis/03.Orcaflex/02-FST's_LNGC/_ss/LC_5y_Intact_r03/FST2F_FST1F_LNGCEB/FST2F_FST1F_LNGCEB_LWL_090deg.sim	2024929736
02.Mooring Analysis/03.Orcaflex/02-FST's_LNGC/_ss/LC_5y_Intact_r03/FST2F_FST1F_LNGCEB/FST2F_FST1F_LNGCEB_LWL_090deg.yml	2192
02.Mooring Analysis/03.Orcaflex/02-FST's_LNGC/_ss/LC_5y_Intact_r03/FST2F_FST1F_LNGCEB/FST2F_FST1F_LNGCEB_LWL_105deg.sim	2024929873
02.Mooring Analysis/03.Orcaflex/02-FST's_LNGC/_ss/LC_5y_Intact_r03/FST2F_FST1F_LNGCEB/FST2F_FST1F_LNGCEB_LWL_105deg.yml	2195
02.Mooring Analysis/03.Orcaflex/02-FST's_LNGC/_ss/LC_5y_Intact_r03/FST2F_FST1F_LNGCEB/FST2F_FST1F_LNGCEB_LWL_120deg.sim	2024932404
02.Mooring Analysis/03.Orcaflex/02-FST's_LNGC/_ss/LC_5y_Intact_r03/FST2F_FST1F_LNGCEB/FST2F_FST1F_LNGCEB_LWL_120deg.yml	2195
02.Mooring Analysis/03.Orcaflex/02-FST's_LNGC/_ss/LC_5y_Intact_r03/FST2F_FST1F_LNGCEB/FST2F_FST1F_LNGCEB_LWL_135deg.sim	2024932628
02.Mooring Analysis/03.Orcaflex/02-FST's_LNGC/_ss/LC_5y_Intact_r03/FST2F_FST1F_LNGCEB/FST2F_FST1F_LNGCEB_LWL_135deg.yml	2195
02.Mooring Analysis/03.Orcaflex/02-FST's_LNGC/_ss/LC_5y_Intact_r03/FST2F_FST1F_LNGCEB/FST2F_FST1F_LNGCEB_LWL_150deg.sim	2024929041
02.Mooring Analysis/03.Orcaflex/02-FST's_LNGC/_ss/LC_5y_Intact_r03/FST2F_FST1F_LNGCEB/FST2F_FST1F_LNGCEB_LWL_150deg.yml	2195
02.Mooring Analysis/03.Orcaflex/02-FST's_LNGC/_ss/LC_5y_Intact_r03/FST2F_FST1F_LNGCEB/FST2F_FST1F_LNGCEB_LWL_165deg.sim	2024931097
02.Mooring Analysis/03.Orcaflex/02-FST's_LNGC/_ss/LC_5y_Intact_r03/FST2F_FST1F_LNGCEB/FST2F_FST1F_LNGCEB_LWL_165deg.yml	2195
02.Mooring Analysis/03.Orcaflex/02-FST's_LNGC/_ss/LC_5y_Intact_r03/FST2F_FST1F_LNGCEB/FST2F_FST1F_LNGCEB_LWL_180deg.sim	2024930976
02.Mooring Analysis/03.Orcaflex/02-FST's_LNGC/_ss/LC_5y_Intact_r03/FST2F_FST1F_LNGCEB/FST2F_FST1F_LNGCEB_LWL_180deg.yml	2195
02.Mooring Analysis/03.Orcaflex/02-FST's_LNGC/_ss/LC_5y_Intact_r03/FST2F_FST1F_LNGCEB/FST2F_FST1F_LNGCEB_LWL_195deg.sim	2024928110
02.Mooring Analysis/03.Orcaflex/02-FST's_LNGC/_ss/LC_5y_Intact_r03/FST2F_FST1F_LNGCEB/FST2F_FST1F_LNGCEB_LWL_195deg.yml	2195
02.Mooring Analysis/03.Orcaflex/02-FST's_LNGC/_ss/LC_5y_Intact_r03/FST2F_FST1F_LNGCEB/FST2F_FST1F_LNGCEB_LWL_210deg.sim	2024926650
02.Mooring Analysis/03.Orcaflex/02-FST's_LNGC/_ss/LC_5y_Intact_r03/FST2F_FST1F_LNGCEB/FST2F_FST1F_LNGCEB_LWL_210deg.yml	2195
02.Mooring Analysis/03.Orcaflex/02-FST's_LNGC/_ss/LC_5y_Intact_r03/FST2F_FST1F_LNGCEB/FST2F_FST1F_LNGCEB_LWL_225deg.sim	2024926583
02.Mooring Analysis/03.Orcaflex/02-FST's_LNGC/_ss/LC_5y_Intact_r03/FST2F_FST1F_LNGCEB/FST2F_FST1F_LNGCEB_LWL_225deg.yml	2195
02.Mooring Analysis/03.Orcaflex/02-FST's_LNGC/_ss/LC_5y_Intact_r03/FST2F_FST1F_LNGCEB/FST2F_FST1F_LNGCEB_LWL_240deg.sim	2024926485
02.Mooring Analysis/03.Orcaflex/02-FST's_LNGC/_ss/LC_5y_Intact_r03/FST2F_FST1F_LNGCEB/FST2F_FST1F_LNGCEB_LWL_240deg.yml	2195
02.Mooring Analysis/03.Orcaflex/02-FST's_LNGC/_ss/LC_5y_Intact_r03/FST2F_FST1F_LNGCEB/FST2F_FST1F_LNGCEB_LWL_255deg.sim	2024926259
02.Mooring Analysis/03.Orcaflex/02-FST's_LNGC/_ss/LC_5y_Intact_r03/FST2F_FST1F_LNGCEB/FST2F_FST1F_LNGCEB_LWL_255deg.yml	2195
02.Mooring Analysis/03.Orcaflex/02-FST's_LNGC/_ss/LC_5y_Intact_r03/FST2F_FST1F_LNGCEB/FST2F_FST1F_LNGCEB_LWL_270deg.sim	2024923806
02.Mooring Analysis/03.Orcaflex/02-FST's_LNGC/_ss/LC_5y_Intact_r03/FST2F_FST1F_LNGCEB/FST2F_FST1F_LNGCEB_LWL_270deg.yml	2195
02.Mooring Analysis/03.Orcaflex/02-FST's_LNGC/_ss/LC_5y_Intact_r03/FST2F_FST1F_LNGCEB/FST2F_FST1F_LNGCEB_LWL_285deg.sim	2024925244
02.Mooring Analysis/03.Orcaflex/02-FST's_LNGC/_ss/LC_5y_Intact_r03/FST2F_FST1F_LNGCEB/FST2F_FST1F_LNGCEB_LWL_285deg.yml	2195
02.Mooring Analysis/03.Orcaflex/02-FST's_LNGC/_ss/LC_5y_Intact_r03/FST2F_FST1F_LNGCEB/FST2F_FST1F_LNGCEB_LWL_300deg.sim	2024926556
02.Mooring Analysis/03.Orcaflex/02-FST's_LNGC/_ss/LC_5y_Intact_r03/FST2F_FST1F_LNGCEB/FST2F_FST1F_LNGCEB_LWL_300deg.yml	2195
02.Mooring Analysis/03.Orcaflex/02-FST's_LNGC/_ss/LC_5y_Intact_r03/FST2F_FST1F_LNGCEB/FST2F_FST1F_LNGCEB_LWL_315deg.sim	2024925964
02.Mooring Analysis/03.Orcaflex/02-FST's_LNGC/_ss/LC_5y_Intact_r03/FST2F_FST1F_LNGCEB/FST2F_FST1F_LNGCEB_LWL_315deg.yml	2195
02.Mooring Analysis/03.Orcaflex/02-FST's_LNGC/_ss/LC_5y_Intact_r03/FST2F_FST1F_LNGCEB/FST2F_FST1F_LNGCEB_LWL_330deg.sim	2024924732
02.Mooring Analysis/03.Orcaflex/02-FST's_LNGC/_ss/LC_5y_Intact_r03/FST2F_FST1F_LNGCEB/FST2F_FST1F_LNGCEB_LWL_330deg.yml	2195
02.Mooring Analysis/03.Orcaflex/02-FST's_LNGC/_ss/LC_5y_Intact_r03/FST2F_FST1F_LNGCEB/FST2F_FST1F_LNGCEB_LWL_345deg.sim	2024925896
02.Mooring Analysis/03.Orcaflex/02-FST's_LNGC/_ss/LC_5y_Intact_r03/FST2F_FST1F_LNGCEB/FST2F_FST1F_LNGCEB_LWL_345deg.yml	2195
02.Mooring Analysis/03.Orcaflex/02-FST's_LNGC/_ss/LC_5y_Intact_r03/FST2F_FST1F_LNGCEB/FST2F_FST1F_LNGCEB_MWL_000deg.sim	2024766525
02.Mooring Analysis/03.Orcaflex/02-FST's_LNGC/_ss/LC_5y_Intact_r03/FST2F_FST1F_LNGCEB/FST2F_FST1F_LNGCEB_MWL_000deg.yml	2189
02.Mooring Analysis/03.Orcaflex/02-FST's_LNGC/_ss/LC_5y_Intact_r03/FST2F_FST1F_LNGCEB/FST2F_FST1F_LNGCEB_MWL_015deg.sim	2024770108
02.Mooring Analysis/03.Orcaflex/02-FST's_LNGC/_ss/LC_5y_Intact_r03/FST2F_FST1F_LNGCEB/FST2F_FST1F_LNGCEB_MWL_015deg.yml	2193
02.Mooring Analysis/03.Orcaflex/02-FST's_LNGC/_ss/LC_5y_Intact_r03/FST2F_FST1F_LNGCEB/FST2F_FST1F_LNGCEB_MWL_030deg.sim	2024771194
02.Mooring Analysis/03.Orcaflex/02-FST's_LNGC/_ss/LC_5y_Intact_r03/FST2F_FST1F_LNGCEB/FST2F_FST1F_LNGCEB_MWL_030deg.yml	2193
02.Mooring Analysis/03.Orcaflex/02-FST's_LNGC/_ss/LC_5y_Intact_r03/FST2F_FST1F_LNGCEB/FST2F_FST1F_LNGCEB_MWL_045deg.sim	2024770630
02.Mooring Analysis/03.Orcaflex/02-FST's_LNGC/_ss/LC_5y_Intact_r03/FST2F_FST1F_LNGCEB/FST2F_FST1F_LNGCEB_MWL_045deg.yml	2192
02.Mooring Analysis/03.Orcaflex/02-FST's_LNGC/_ss/LC_5y_Intact_r03/FST2F_FST1F_LNGCEB/FST2F_FST1F_LNGCEB_MWL_060deg.sim	2024770792
02.Mooring Analysis/03.Orcaflex/02-FST's_LNGC/_ss/LC_5y_Intact_r03/FST2F_FST1F_LNGCEB/FST2F_FST1F_LNGCEB_MWL_060deg.yml	2192
02.Mooring Analysis/03.Orcaflex/02-FST's_LNGC/_ss/LC_5y_Intact_r03/FST2F_FST1F_LNGCEB/FST2F_FST1F_LNGCEB_MWL_075deg.sim	2024770971
02.Mooring Analysis/03.Orcaflex/02-FST's_LNGC/_ss/LC_5y_Intact_r03/FST2F_FST1F_LNGCEB/FST2F_FST1F_LNGCEB_MWL_075deg.yml	2192
02.Mooring Analysis/03.Orcaflex/02-FST's_LNGC/_ss/LC_5y_Intact_r03/FST2F_FST1F_LNGCEB/FST2F_FST1F_LNGCEB_MWL_090deg.sim	2024771928
02.Mooring Analysis/03.Orcaflex/02-FST's_LNGC/_ss/LC_5y_Intact_r03/FST2F_FST1F_LNGCEB/FST2F_FST1F_LNGCEB_MWL_090deg.yml	2192
02.Mooring Analysis/03.Orcaflex/02-FST's_LNGC/_ss/LC_5y_Intact_r03/FST2F_FST1F_LNGCEB/FST2F_FST1F_LNGCEB_MWL_105deg.sim	2024771711
02.Mooring Analysis/03.Orcaflex/02-FST's_LNGC/_ss/LC_5y_Intact_r03/FST2F_FST1F_LNGCEB/FST2F_FST1F_LNGCEB_MWL_105deg.yml	2195
02.Mooring Analysis/03.Orcaflex/02-FST's_LNGC/_ss/LC_5y_Intact_r03/FST2F_FST1F_LNGCEB/FST2F_FST1F_LNGCEB_MWL_120deg.sim	2024771771
02.Mooring Analysis/03.Orcaflex/02-FST's_LNGC/_ss/LC_5y_Intact_r03/FST2F_FST1F_LNGCEB/FST2F_FST1F_LNGCEB_MWL_120deg.yml	2195
02.Mooring Analysis/03.Orcaflex/02-FST's_LNGC/_ss/LC_5y_Intact_r03/FST2F_FST1F_LNGCEB/FST2F_FST1F_LNGCEB_MWL_135deg.sim	2024771533
02.Mooring Analysis/03.Orcaflex/02-FST's_LNGC/_ss/LC_5y_Intact_r03/FST2F_FST1F_LNGCEB/FST2F_FST1F_LNGCEB_MWL_135deg.yml	2195
02.Mooring Analysis/03.Orcaflex/02-FST's_LNGC/_ss/LC_5y_Intact_r03/FST2F_FST1F_LNGCEB/FST2F_FST1F_LNGCEB_MWL_150deg.sim	2024771269
02.Mooring Analysis/03.Orcaflex/02-FST's_LNGC/_ss/LC_5y_Intact_r03/FST2F_FST1F_LNGCEB/FST2F_FST1F_LNGCEB_MWL_150deg.yml	2195
02.Mooring Analysis/03.Orcaflex/02-FST's_LNGC/_ss/LC_5y_Intact_r03/FST2F_FST1F_LNGCEB/FST2F_FST1F_LNGCEB_MWL_165deg.sim	2024769945
02.Mooring Analysis/03.Orcaflex/02-FST's_LNGC/_ss/LC_5y_Intact_r03/FST2F_FST1F_LNGCEB/FST2F_FST1F_LNGCEB_MWL_165deg.yml	2195
02.Mooring Analysis/03.Orcaflex/02-FST's_LNGC/_ss/LC_5y_Intact_r03/FST2F_FST1F_LNGCEB/FST2F_FST1F_LNGCEB_MWL_180deg.sim	2024769044
02.Mooring Analysis/03.Orcaflex/02-FST's_LNGC/_ss/LC_5y_Intact_r03/FST2F_FST1F_LNGCEB/FST2F_FST1F_LNGCEB_MWL_180deg.yml	2195
02.Mooring Analysis/03.Orcaflex/02-FST's_LNGC/_ss/LC_5y_Intact_r03/FST2F_FST1F_LNGCEB/FST2F_FST1F_LNGCEB_MWL_195deg.sim	2024767395
02.Mooring Analysis/03.Orcaflex/02-FST's_LNGC/_ss/LC_5y_Intact_r03/FST2F_FST1F_LNGCEB/FST2F_FST1F_LNGCEB_MWL_195deg.yml	2195
02.Mooring Analysis/03.Orcaflex/02-FST's_LNGC/_ss/LC_5y_Intact_r03/FST2F_FST1F_LNGCEB/FST2F_FST1F_LNGCEB_MWL_210deg.sim	2024769019
02.Mooring Analysis/03.Orcaflex/02-FST's_LNGC/_ss/LC_5y_Intact_r03/FST2F_FST1F_LNGCEB/FST2F_FST1F_LNGCEB_MWL_210deg.yml	2195
02.Mooring Analysis/03.Orcaflex/02-FST's_LNGC/_ss/LC_5y_Intact_r03/FST2F_FST1F_LNGCEB/FST2F_FST1F_LNGCEB_MWL_225deg.sim	2024768309
02.Mooring Analysis/03.Orcaflex/02-FST's_LNGC/_ss/LC_5y_Intact_r03/FST2F_FST1F_LNGCEB/FST2F_FST1F_LNGCEB_MWL_225deg.yml	2195
02.Mooring Analysis/03.Orcaflex/02-FST's_LNGC/_ss/LC_5y_Intact_r03/FST2F_FST1F_LNGCEB/FST2F_FST1F_LNGCEB_MWL_240deg.sim	2024769116
02.Mooring Analysis/03.Orcaflex/02-FST's_LNGC/_ss/LC_5y_Intact_r03/FST2F_FST1F_LNGCEB/FST2F_FST1F_LNGCEB_MWL_240deg.yml	2195
02.Mooring Analysis/03.Orcaflex/02-FST's_LNGC/_ss/LC_5y_Intact_r03/FST2F_FST1F_LNGCEB/FST2F_FST1F_LNGCEB_MWL_255deg.sim	2024769671
02.Mooring Analysis/03.Orcaflex/02-FST's_LNGC/_ss/LC_5y_Intact_r03/FST2F_FST1F_LNGCEB/FST2F_FST1F_LNGCEB_MWL_255deg.yml	2195
02.Mooring Analysis/03.Orcaflex/02-FST's_LNGC/_ss/LC_5y_Intact_r03/FST2F_FST1F_LNGCEB/FST2F_FST1F_LNGCEB_MWL_270deg.sim	2024767029
02.Mooring Analysis/03.Orcaflex/02-FST's_LNGC/_ss/LC_5y_Intact_r03/FST2F_FST1F_LNGCEB/FST2F_FST1F_LNGCEB_MWL_270deg.yml	2195
02.Mooring Analysis/03.Orcaflex/02-FST's_LNGC/_ss/LC_5y_Intact_r03/FST2F_FST1F_LNGCEB/FST2F_FST1F_LNGCEB_MWL_285deg.sim	2024769326
02.Mooring Analysis/03.Orcaflex/02-FST's_LNGC/_ss/LC_5y_Intact_r03/FST2F_FST1F_LNGCEB/FST2F_FST1F_LNGCEB_MWL_285deg.yml	2195
02.Mooring Analysis/03.Orcaflex/02-FST's_LNGC/_ss/LC_5y_Intact_r03/FST2F_FST1F_LNGCEB/FST2F_FST1F_LNGCEB_MWL_300deg.sim	2024768654
02.Mooring Analysis/03.Orcaflex/02-FST's_LNGC/_ss/LC_5y_Intact_r03/FST2F_FST1F_LNGCEB/FST2F_FST1F_LNGCEB_MWL_300deg.yml	2195
02.Mooring Analysis/03.Orcaflex/02-FST's_LNGC/_ss/LC_5y_Intact_r03/FST2F_FST1F_LNGCEB/FST2F_FST1F_LNGCEB_MWL_315deg.sim	2024767834
02.Mooring Analysis/03.Orcaflex/02-FST's_LNGC/_ss/LC_5y_Intact_r03/FST2F_FST1F_LNGCEB/FST2F_FST1F_LNGCEB_MWL_315deg.yml	2195
02.Mooring Analysis/03.Orcaflex/02-FST's_LNGC/_ss/LC_5y_Intact_r03/FST2F_FST1F_LNGCEB/FST2F_FST1F_LNGCEB_MWL_330deg.sim	2024767451
02.Mooring Analysis/03.Orcaflex/02-FST's_LNGC/_ss/LC_5y_Intact_r03/FST2F_FST1F_LNGCEB/FST2F_FST1F_LNGCEB_MWL_330deg.yml	2195
02.Mooring Analysis/03.Orcaflex/02-FST's_LNGC/_ss/LC_5y_Intact_r03/FST2F_FST1F_LNGCEB/FST2F_FST1F_LNGCEB_MWL_345deg.sim	2024767315
02.Mooring Analysis/03.Orcaflex/02-FST's_LNGC/_ss/LC_5y_Intact_r03/FST2F_FST1F_LNGCEB/FST2F_FST1F_LNGCEB_MWL_345deg.yml	2195
02.Mooring Analysis/03.Orcaflex/02-FST's_LNGC/_ss/LC_5y_Intact_r03/FST2F_FST1F_LNGCEB/Thumbs.db	8704
02.Mooring Analysis/03.Orcaflex/02-FST's_LNGC/_ss/LC_5y_Intact_r03/FST2F_FST1F_LNGCPB/CL_FST2F_FST1F_LNGCPB_HWL_015deg.sim	2066009092
02.Mooring Analysis/03.Orcaflex/02-FST's_LNGC/_ss/LC_5y_Intact_r03/FST2F_FST1F_LNGCPB/CL_FST2F_FST1F_LNGCPB_HWL_015deg.yml	2191
02.Mooring Analysis/03.Orcaflex/02-FST's_LNGC/_ss/LC_5y_Intact_r03/FST2F_FST1F_LNGCPB/CL_FST2F_FST1F_LNGCPB_HWL_030deg.sim	2066009990
02.Mooring Analysis/03.Orcaflex/02-FST's_LNGC/_ss/LC_5y_Intact_r03/FST2F_FST1F_LNGCPB/CL_FST2F_FST1F_LNGCPB_HWL_030deg.yml	2191
02.Mooring Analysis/03.Orcaflex/02-FST's_LNGC/_ss/LC_5y_Intact_r03/FST2F_FST1F_LNGCPB/CL_FST2F_FST1F_LNGCPB_HWL_045deg.sim	2066012038
02.Mooring Analysis/03.Orcaflex/02-FST's_LNGC/_ss/LC_5y_Intact_r03/FST2F_FST1F_LNGCPB/CL_FST2F_FST1F_LNGCPB_HWL_045deg.yml	2190
02.Mooring Analysis/03.Orcaflex/02-FST's_LNGC/_ss/LC_5y_Intact_r03/FST2F_FST1F_LNGCPB/CL_FST2F_FST1F_LNGCPB_HWL_090deg.sim	2066012058
02.Mooring Analysis/03.Orcaflex/02-FST's_LNGC/_ss/LC_5y_Intact_r03/FST2F_FST1F_LNGCPB/CL_FST2F_FST1F_LNGCPB_HWL_090deg.yml	2190
02.Mooring Analysis/03.Orcaflex/02-FST's_LNGC/_ss/LC_5y_Intact_r03/FST2F_FST1F_LNGCPB/CL_FST2F_FST1F_LNGCPB_HWL_180deg.sim	2066005703
02.Mooring Analysis/03.Orcaflex/02-FST's_LNGC/_ss/LC_5y_Intact_r03/FST2F_FST1F_LNGCPB/CL_FST2F_FST1F_LNGCPB_HWL_180deg.yml	2193
02.Mooring Analysis/03.Orcaflex/02-FST's_LNGC/_ss/LC_5y_Intact_r03/FST2F_FST1F_LNGCPB/CL_FST2F_FST1F_LNGCPB_LWL_015deg.sim	2064389651
02.Mooring Analysis/03.Orcaflex/02-FST's_LNGC/_ss/LC_5y_Intact_r03/FST2F_FST1F_LNGCPB/CL_FST2F_FST1F_LNGCPB_LWL_015deg.yml	2191
02.Mooring Analysis/03.Orcaflex/02-FST's_LNGC/_ss/LC_5y_Intact_r03/FST2F_FST1F_LNGCPB/CL_FST2F_FST1F_LNGCPB_LWL_030deg.sim	2064390259
02.Mooring Analysis/03.Orcaflex/02-FST's_LNGC/_ss/LC_5y_Intact_r03/FST2F_FST1F_LNGCPB/CL_FST2F_FST1F_LNGCPB_LWL_030deg.yml	2191
02.Mooring Analysis/03.Orcaflex/02-FST's_LNGC/_ss/LC_5y_Intact_r03/FST2F_FST1F_LNGCPB/CL_FST2F_FST1F_LNGCPB_LWL_045deg.sim	2064389622
02.Mooring Analysis/03.Orcaflex/02-FST's_LNGC/_ss/LC_5y_Intact_r03/FST2F_FST1F_LNGCPB/CL_FST2F_FST1F_LNGCPB_LWL_045deg.yml	2190
02.Mooring Analysis/03.Orcaflex/02-FST's_LNGC/_ss/LC_5y_Intact_r03/FST2F_FST1F_LNGCPB/CL_FST2F_FST1F_LNGCPB_LWL_090deg.sim	2064390780
02.Mooring Analysis/03.Orcaflex/02-FST's_LNGC/_ss/LC_5y_Intact_r03/FST2F_FST1F_LNGCPB/CL_FST2F_FST1F_LNGCPB_LWL_090deg.yml	2190
02.Mooring Analysis/03.Orcaflex/02-FST's_LNGC/_ss/LC_5y_Intact_r03/FST2F_FST1F_LNGCPB/CL_FST2F_FST1F_LNGCPB_LWL_180deg.sim	2064386322
02.Mooring Analysis/03.Orcaflex/02-FST's_LNGC/_ss/LC_5y_Intact_r03/FST2F_FST1F_LNGCPB/CL_FST2F_FST1F_LNGCPB_LWL_180deg.yml	2193
02.Mooring Analysis/03.Orcaflex/02-FST's_LNGC/_ss/LC_5y_Intact_r03/FST2F_FST1F_LNGCPB/CL_FST2F_FST1F_LNGCPB_MWL_015deg.sim	2061511315
02.Mooring Analysis/03.Orcaflex/02-FST's_LNGC/_ss/LC_5y_Intact_r03/FST2F_FST1F_LNGCPB/CL_FST2F_FST1F_LNGCPB_MWL_015deg.yml	2191
02.Mooring Analysis/03.Orcaflex/02-FST's_LNGC/_ss/LC_5y_Intact_r03/FST2F_FST1F_LNGCPB/CL_FST2F_FST1F_LNGCPB_MWL_030deg.sim	2061511169
02.Mooring Analysis/03.Orcaflex/02-FST's_LNGC/_ss/LC_5y_Intact_r03/FST2F_FST1F_LNGCPB/CL_FST2F_FST1F_LNGCPB_MWL_030deg.yml	2191
02.Mooring Analysis/03.Orcaflex/02-FST's_LNGC/_ss/LC_5y_Intact_r03/FST2F_FST1F_LNGCPB/CL_FST2F_FST1F_LNGCPB_MWL_045deg.sim	2061512421
02.Mooring Analysis/03.Orcaflex/02-FST's_LNGC/_ss/LC_5y_Intact_r03/FST2F_FST1F_LNGCPB/CL_FST2F_FST1F_LNGCPB_MWL_045deg.yml	2190
02.Mooring Analysis/03.Orcaflex/02-FST's_LNGC/_ss/LC_5y_Intact_r03/FST2F_FST1F_LNGCPB/CL_FST2F_FST1F_LNGCPB_MWL_090deg.sim	2061513488
02.Mooring Analysis/03.Orcaflex/02-FST's_LNGC/_ss/LC_5y_Intact_r03/FST2F_FST1F_LNGCPB/CL_FST2F_FST1F_LNGCPB_MWL_090deg.yml	2190
02.Mooring Analysis/03.Orcaflex/02-FST's_LNGC/_ss/LC_5y_Intact_r03/FST2F_FST1F_LNGCPB/CL_FST2F_FST1F_LNGCPB_MWL_180deg.sim	2061507429
02.Mooring Analysis/03.Orcaflex/02-FST's_LNGC/_ss/LC_5y_Intact_r03/FST2F_FST1F_LNGCPB/CL_FST2F_FST1F_LNGCPB_MWL_180deg.yml	2193
02.Mooring Analysis/03.Orcaflex/02-FST's_LNGC/_ss/LC_5y_Intact_r03/FST2F_FST1F_LNGCPB/FST2F_FST1F_LNGCPB_HWL_000deg.sim	2066006233
02.Mooring Analysis/03.Orcaflex/02-FST's_LNGC/_ss/LC_5y_Intact_r03/FST2F_FST1F_LNGCPB/FST2F_FST1F_LNGCPB_HWL_000deg.yml	2187
02.Mooring Analysis/03.Orcaflex/02-FST's_LNGC/_ss/LC_5y_Intact_r03/FST2F_FST1F_LNGCPB/FST2F_FST1F_LNGCPB_HWL_015deg.sim	2066009979
02.Mooring Analysis/03.Orcaflex/02-FST's_LNGC/_ss/LC_5y_Intact_r03/FST2F_FST1F_LNGCPB/FST2F_FST1F_LNGCPB_HWL_015deg.yml	2191
02.Mooring Analysis/03.Orcaflex/02-FST's_LNGC/_ss/LC_5y_Intact_r03/FST2F_FST1F_LNGCPB/FST2F_FST1F_LNGCPB_HWL_030deg.sim	2066010091
02.Mooring Analysis/03.Orcaflex/02-FST's_LNGC/_ss/LC_5y_Intact_r03/FST2F_FST1F_LNGCPB/FST2F_FST1F_LNGCPB_HWL_030deg.yml	2191
02.Mooring Analysis/03.Orcaflex/02-FST's_LNGC/_ss/LC_5y_Intact_r03/FST2F_FST1F_LNGCPB/FST2F_FST1F_LNGCPB_HWL_045deg.sim	2066012300
02.Mooring Analysis/03.Orcaflex/02-FST's_LNGC/_ss/LC_5y_Intact_r03/FST2F_FST1F_LNGCPB/FST2F_FST1F_LNGCPB_HWL_045deg.yml	2190
02.Mooring Analysis/03.Orcaflex/02-FST's_LNGC/_ss/LC_5y_Intact_r03/FST2F_FST1F_LNGCPB/FST2F_FST1F_LNGCPB_HWL_060deg.sim	2066012100
02.Mooring Analysis/03.Orcaflex/02-FST's_LNGC/_ss/LC_5y_Intact_r03/FST2F_FST1F_LNGCPB/FST2F_FST1F_LNGCPB_HWL_060deg.yml	2190
02.Mooring Analysis/03.Orcaflex/02-FST's_LNGC/_ss/LC_5y_Intact_r03/FST2F_FST1F_LNGCPB/FST2F_FST1F_LNGCPB_HWL_075deg.sim	2066011700
02.Mooring Analysis/03.Orcaflex/02-FST's_LNGC/_ss/LC_5y_Intact_r03/FST2F_FST1F_LNGCPB/FST2F_FST1F_LNGCPB_HWL_075deg.yml	2190
02.Mooring Analysis/03.Orcaflex/02-FST's_LNGC/_ss/LC_5y_Intact_r03/FST2F_FST1F_LNGCPB/FST2F_FST1F_LNGCPB_HWL_090deg.sim	2066012553
02.Mooring Analysis/03.Orcaflex/02-FST's_LNGC/_ss/LC_5y_Intact_r03/FST2F_FST1F_LNGCPB/FST2F_FST1F_LNGCPB_HWL_090deg.yml	2190
02.Mooring Analysis/03.Orcaflex/02-FST's_LNGC/_ss/LC_5y_Intact_r03/FST2F_FST1F_LNGCPB/FST2F_FST1F_LNGCPB_HWL_105deg.sim	2066013540
02.Mooring Analysis/03.Orcaflex/02-FST's_LNGC/_ss/LC_5y_Intact_r03/FST2F_FST1F_LNGCPB/FST2F_FST1F_LNGCPB_HWL_105deg.yml	2193
02.Mooring Analysis/03.Orcaflex/02-FST's_LNGC/_ss/LC_5y_Intact_r03/FST2F_FST1F_LNGCPB/FST2F_FST1F_LNGCPB_HWL_120deg.sim	2066013238
02.Mooring Analysis/03.Orcaflex/02-FST's_LNGC/_ss/LC_5y_Intact_r03/FST2F_FST1F_LNGCPB/FST2F_FST1F_LNGCPB_HWL_120deg.yml	2193
02.Mooring Analysis/03.Orcaflex/02-FST's_LNGC/_ss/LC_5y_Intact_r03/FST2F_FST1F_LNGCPB/FST2F_FST1F_LNGCPB_HWL_135deg.sim	2066013179
02.Mooring Analysis/03.Orcaflex/02-FST's_LNGC/_ss/LC_5y_Intact_r03/FST2F_FST1F_LNGCPB/FST2F_FST1F_LNGCPB_HWL_135deg.yml	2193
02.Mooring Analysis/03.Orcaflex/02-FST's_LNGC/_ss/LC_5y_Intact_r03/FST2F_FST1F_LNGCPB/FST2F_FST1F_LNGCPB_HWL_150deg.sim	2066011824
02.Mooring Analysis/03.Orcaflex/02-FST's_LNGC/_ss/LC_5y_Intact_r03/FST2F_FST1F_LNGCPB/FST2F_FST1F_LNGCPB_HWL_150deg.yml	2193
02.Mooring Analysis/03.Orcaflex/02-FST's_LNGC/_ss/LC_5y_Intact_r03/FST2F_FST1F_LNGCPB/FST2F_FST1F_LNGCPB_HWL_165deg.sim	2066010346
02.Mooring Analysis/03.Orcaflex/02-FST's_LNGC/_ss/LC_5y_Intact_r03/FST2F_FST1F_LNGCPB/FST2F_FST1F_LNGCPB_HWL_165deg.yml	2193
02.Mooring Analysis/03.Orcaflex/02-FST's_LNGC/_ss/LC_5y_Intact_r03/FST2F_FST1F_LNGCPB/FST2F_FST1F_LNGCPB_HWL_180deg.sim	2066008517
02.Mooring Analysis/03.Orcaflex/02-FST's_LNGC/_ss/LC_5y_Intact_r03/FST2F_FST1F_LNGCPB/FST2F_FST1F_LNGCPB_HWL_180deg.yml	2193
02.Mooring Analysis/03.Orcaflex/02-FST's_LNGC/_ss/LC_5y_Intact_r03/FST2F_FST1F_LNGCPB/FST2F_FST1F_LNGCPB_HWL_195deg.sim	2066008115
02.Mooring Analysis/03.Orcaflex/02-FST's_LNGC/_ss/LC_5y_Intact_r03/FST2F_FST1F_LNGCPB/FST2F_FST1F_LNGCPB_HWL_195deg.yml	2193
02.Mooring Analysis/03.Orcaflex/02-FST's_LNGC/_ss/LC_5y_Intact_r03/FST2F_FST1F_LNGCPB/FST2F_FST1F_LNGCPB_HWL_210deg.sim	2066008525
02.Mooring Analysis/03.Orcaflex/02-FST's_LNGC/_ss/LC_5y_Intact_r03/FST2F_FST1F_LNGCPB/FST2F_FST1F_LNGCPB_HWL_210deg.yml	2193
02.Mooring Analysis/03.Orcaflex/02-FST's_LNGC/_ss/LC_5y_Intact_r03/FST2F_FST1F_LNGCPB/FST2F_FST1F_LNGCPB_HWL_225deg.sim	2066007980
02.Mooring Analysis/03.Orcaflex/02-FST's_LNGC/_ss/LC_5y_Intact_r03/FST2F_FST1F_LNGCPB/FST2F_FST1F_LNGCPB_HWL_225deg.yml	2193
02.Mooring Analysis/03.Orcaflex/02-FST's_LNGC/_ss/LC_5y_Intact_r03/FST2F_FST1F_LNGCPB/FST2F_FST1F_LNGCPB_HWL_240deg.sim	2066008997
02.Mooring Analysis/03.Orcaflex/02-FST's_LNGC/_ss/LC_5y_Intact_r03/FST2F_FST1F_LNGCPB/FST2F_FST1F_LNGCPB_HWL_240deg.yml	2193
02.Mooring Analysis/03.Orcaflex/02-FST's_LNGC/_ss/LC_5y_Intact_r03/FST2F_FST1F_LNGCPB/FST2F_FST1F_LNGCPB_HWL_255deg.sim	2066008398
02.Mooring Analysis/03.Orcaflex/02-FST's_LNGC/_ss/LC_5y_Intact_r03/FST2F_FST1F_LNGCPB/FST2F_FST1F_LNGCPB_HWL_255deg.yml	2193
02.Mooring Analysis/03.Orcaflex/02-FST's_LNGC/_ss/LC_5y_Intact_r03/FST2F_FST1F_LNGCPB/FST2F_FST1F_LNGCPB_HWL_270deg.sim	2066006454
02.Mooring Analysis/03.Orcaflex/02-FST's_LNGC/_ss/LC_5y_Intact_r03/FST2F_FST1F_LNGCPB/FST2F_FST1F_LNGCPB_HWL_270deg.yml	2193
02.Mooring Analysis/03.Orcaflex/02-FST's_LNGC/_ss/LC_5y_Intact_r03/FST2F_FST1F_LNGCPB/FST2F_FST1F_LNGCPB_HWL_285deg.sim	2066008354
02.Mooring Analysis/03.Orcaflex/02-FST's_LNGC/_ss/LC_5y_Intact_r03/FST2F_FST1F_LNGCPB/FST2F_FST1F_LNGCPB_HWL_285deg.yml	2193
02.Mooring Analysis/03.Orcaflex/02-FST's_LNGC/_ss/LC_5y_Intact_r03/FST2F_FST1F_LNGCPB/FST2F_FST1F_LNGCPB_HWL_300deg.sim	2066008427
02.Mooring Analysis/03.Orcaflex/02-FST's_LNGC/_ss/LC_5y_Intact_r03/FST2F_FST1F_LNGCPB/FST2F_FST1F_LNGCPB_HWL_300deg.yml	2193
02.Mooring Analysis/03.Orcaflex/02-FST's_LNGC/_ss/LC_5y_Intact_r03/FST2F_FST1F_LNGCPB/FST2F_FST1F_LNGCPB_HWL_315deg.sim	2066007476
02.Mooring Analysis/03.Orcaflex/02-FST's_LNGC/_ss/LC_5y_Intact_r03/FST2F_FST1F_LNGCPB/FST2F_FST1F_LNGCPB_HWL_315deg.yml	2193
02.Mooring Analysis/03.Orcaflex/02-FST's_LNGC/_ss/LC_5y_Intact_r03/FST2F_FST1F_LNGCPB/FST2F_FST1F_LNGCPB_HWL_330deg.sim	2066008382
02.Mooring Analysis/03.Orcaflex/02-FST's_LNGC/_ss/LC_5y_Intact_r03/FST2F_FST1F_LNGCPB/FST2F_FST1F_LNGCPB_HWL_330deg.yml	2193
02.Mooring Analysis/03.Orcaflex/02-FST's_LNGC/_ss/LC_5y_Intact_r03/FST2F_FST1F_LNGCPB/FST2F_FST1F_LNGCPB_HWL_345deg.sim	2066008372
02.Mooring Analysis/03.Orcaflex/02-FST's_LNGC/_ss/LC_5y_Intact_r03/FST2F_FST1F_LNGCPB/FST2F_FST1F_LNGCPB_HWL_345deg.yml	2193
02.Mooring Analysis/03.Orcaflex/02-FST's_LNGC/_ss/LC_5y_Intact_r03/FST2F_FST1F_LNGCPB/FST2F_FST1F_LNGCPB_LWL_000deg.sim	2064385815
02.Mooring Analysis/03.Orcaflex/02-FST's_LNGC/_ss/LC_5y_Intact_r03/FST2F_FST1F_LNGCPB/FST2F_FST1F_LNGCPB_LWL_000deg.yml	2187
02.Mooring Analysis/03.Orcaflex/02-FST's_LNGC/_ss/LC_5y_Intact_r03/FST2F_FST1F_LNGCPB/FST2F_FST1F_LNGCPB_LWL_015deg.sim	2064389681
02.Mooring Analysis/03.Orcaflex/02-FST's_LNGC/_ss/LC_5y_Intact_r03/FST2F_FST1F_LNGCPB/FST2F_FST1F_LNGCPB_LWL_015deg.yml	2191
02.Mooring Analysis/03.Orcaflex/02-FST's_LNGC/_ss/LC_5y_Intact_r03/FST2F_FST1F_LNGCPB/FST2F_FST1F_LNGCPB_LWL_030deg.sim	2064388581
02.Mooring Analysis/03.Orcaflex/02-FST's_LNGC/_ss/LC_5y_Intact_r03/FST2F_FST1F_LNGCPB/FST2F_FST1F_LNGCPB_LWL_030deg.yml	2191
02.Mooring Analysis/03.Orcaflex/02-FST's_LNGC/_ss/LC_5y_Intact_r03/FST2F_FST1F_LNGCPB/FST2F_FST1F_LNGCPB_LWL_045deg.sim	2064390565
02.Mooring Analysis/03.Orcaflex/02-FST's_LNGC/_ss/LC_5y_Intact_r03/FST2F_FST1F_LNGCPB/FST2F_FST1F_LNGCPB_LWL_045deg.yml	2190
02.Mooring Analysis/03.Orcaflex/02-FST's_LNGC/_ss/LC_5y_Intact_r03/FST2F_FST1F_LNGCPB/FST2F_FST1F_LNGCPB_LWL_060deg.sim	2064389728
02.Mooring Analysis/03.Orcaflex/02-FST's_LNGC/_ss/LC_5y_Intact_r03/FST2F_FST1F_LNGCPB/FST2F_FST1F_LNGCPB_LWL_060deg.yml	2190
02.Mooring Analysis/03.Orcaflex/02-FST's_LNGC/_ss/LC_5y_Intact_r03/FST2F_FST1F_LNGCPB/FST2F_FST1F_LNGCPB_LWL_075deg.sim	2064391167
02.Mooring Analysis/03.Orcaflex/02-FST's_LNGC/_ss/LC_5y_Intact_r03/FST2F_FST1F_LNGCPB/FST2F_FST1F_LNGCPB_LWL_075deg.yml	2190
02.Mooring Analysis/03.Orcaflex/02-FST's_LNGC/_ss/LC_5y_Intact_r03/FST2F_FST1F_LNGCPB/FST2F_FST1F_LNGCPB_LWL_090deg.sim	2064393568
02.Mooring Analysis/03.Orcaflex/02-FST's_LNGC/_ss/LC_5y_Intact_r03/FST2F_FST1F_LNGCPB/FST2F_FST1F_LNGCPB_LWL_090deg.yml	2190
02.Mooring Analysis/03.Orcaflex/02-FST's_LNGC/_ss/LC_5y_Intact_r03/FST2F_FST1F_LNGCPB/FST2F_FST1F_LNGCPB_LWL_090deg_z-locked.sim	2064395195
02.Mooring Analysis/03.Orcaflex/02-FST's_LNGC/_ss/LC_5y_Intact_r03/FST2F_FST1F_LNGCPB/FST2F_FST1F_LNGCPB_LWL_090deg_z-locked.yml	2376
02.Mooring Analysis/03.Orcaflex/02-FST's_LNGC/_ss/LC_5y_Intact_r03/FST2F_FST1F_LNGCPB/FST2F_FST1F_LNGCPB_LWL_105deg.sim	2064393323
02.Mooring Analysis/03.Orcaflex/02-FST's_LNGC/_ss/LC_5y_Intact_r03/FST2F_FST1F_LNGCPB/FST2F_FST1F_LNGCPB_LWL_105deg.yml	2193
02.Mooring Analysis/03.Orcaflex/02-FST's_LNGC/_ss/LC_5y_Intact_r03/FST2F_FST1F_LNGCPB/FST2F_FST1F_LNGCPB_LWL_120deg.sim	2064393908
02.Mooring Analysis/03.Orcaflex/02-FST's_LNGC/_ss/LC_5y_Intact_r03/FST2F_FST1F_LNGCPB/FST2F_FST1F_LNGCPB_LWL_120deg.yml	2193
02.Mooring Analysis/03.Orcaflex/02-FST's_LNGC/_ss/LC_5y_Intact_r03/FST2F_FST1F_LNGCPB/FST2F_FST1F_LNGCPB_LWL_135deg.sim	2064393278
02.Mooring Analysis/03.Orcaflex/02-FST's_LNGC/_ss/LC_5y_Intact_r03/FST2F_FST1F_LNGCPB/FST2F_FST1F_LNGCPB_LWL_135deg.yml	2193
02.Mooring Analysis/03.Orcaflex/02-FST's_LNGC/_ss/LC_5y_Intact_r03/FST2F_FST1F_LNGCPB/FST2F_FST1F_LNGCPB_LWL_150deg.sim	2064392721
02.Mooring Analysis/03.Orcaflex/02-FST's_LNGC/_ss/LC_5y_Intact_r03/FST2F_FST1F_LNGCPB/FST2F_FST1F_LNGCPB_LWL_150deg.yml	2193
02.Mooring Analysis/03.Orcaflex/02-FST's_LNGC/_ss/LC_5y_Intact_r03/FST2F_FST1F_LNGCPB/FST2F_FST1F_LNGCPB_LWL_165deg.sim	2064390456
02.Mooring Analysis/03.Orcaflex/02-FST's_LNGC/_ss/LC_5y_Intact_r03/FST2F_FST1F_LNGCPB/FST2F_FST1F_LNGCPB_LWL_165deg.yml	2193
02.Mooring Analysis/03.Orcaflex/02-FST's_LNGC/_ss/LC_5y_Intact_r03/FST2F_FST1F_LNGCPB/FST2F_FST1F_LNGCPB_LWL_180deg.sim	2064389497
02.Mooring Analysis/03.Orcaflex/02-FST's_LNGC/_ss/LC_5y_Intact_r03/FST2F_FST1F_LNGCPB/FST2F_FST1F_LNGCPB_LWL_180deg.yml	2193
02.Mooring Analysis/03.Orcaflex/02-FST's_LNGC/_ss/LC_5y_Intact_r03/FST2F_FST1F_LNGCPB/FST2F_FST1F_LNGCPB_LWL_195deg.sim	2064388441
02.Mooring Analysis/03.Orcaflex/02-FST's_LNGC/_ss/LC_5y_Intact_r03/FST2F_FST1F_LNGCPB/FST2F_FST1F_LNGCPB_LWL_195deg.yml	2193
02.Mooring Analysis/03.Orcaflex/02-FST's_LNGC/_ss/LC_5y_Intact_r03/FST2F_FST1F_LNGCPB/FST2F_FST1F_LNGCPB_LWL_210deg.sim	2064388884
02.Mooring Analysis/03.Orcaflex/02-FST's_LNGC/_ss/LC_5y_Intact_r03/FST2F_FST1F_LNGCPB/FST2F_FST1F_LNGCPB_LWL_210deg.yml	2193
02.Mooring Analysis/03.Orcaflex/02-FST's_LNGC/_ss/LC_5y_Intact_r03/FST2F_FST1F_LNGCPB/FST2F_FST1F_LNGCPB_LWL_225deg.sim	2064387000
02.Mooring Analysis/03.Orcaflex/02-FST's_LNGC/_ss/LC_5y_Intact_r03/FST2F_FST1F_LNGCPB/FST2F_FST1F_LNGCPB_LWL_225deg.yml	2193
02.Mooring Analysis/03.Orcaflex/02-FST's_LNGC/_ss/LC_5y_Intact_r03/FST2F_FST1F_LNGCPB/FST2F_FST1F_LNGCPB_LWL_240deg.sim	2064386667
02.Mooring Analysis/03.Orcaflex/02-FST's_LNGC/_ss/LC_5y_Intact_r03/FST2F_FST1F_LNGCPB/FST2F_FST1F_LNGCPB_LWL_240deg.yml	2193
02.Mooring Analysis/03.Orcaflex/02-FST's_LNGC/_ss/LC_5y_Intact_r03/FST2F_FST1F_LNGCPB/FST2F_FST1F_LNGCPB_LWL_255deg.sim	2064385659
02.Mooring Analysis/03.Orcaflex/02-FST's_LNGC/_ss/LC_5y_Intact_r03/FST2F_FST1F_LNGCPB/FST2F_FST1F_LNGCPB_LWL_255deg.yml	2193
02.Mooring Analysis/03.Orcaflex/02-FST's_LNGC/_ss/LC_5y_Intact_r03/FST2F_FST1F_LNGCPB/FST2F_FST1F_LNGCPB_LWL_270deg.sim	2064385718
02.Mooring Analysis/03.Orcaflex/02-FST's_LNGC/_ss/LC_5y_Intact_r03/FST2F_FST1F_LNGCPB/FST2F_FST1F_LNGCPB_LWL_270deg.yml	2193
02.Mooring Analysis/03.Orcaflex/02-FST's_LNGC/_ss/LC_5y_Intact_r03/FST2F_FST1F_LNGCPB/FST2F_FST1F_LNGCPB_LWL_285deg.sim	2064388655
02.Mooring Analysis/03.Orcaflex/02-FST's_LNGC/_ss/LC_5y_Intact_r03/FST2F_FST1F_LNGCPB/FST2F_FST1F_LNGCPB_LWL_285deg.yml	2193
02.Mooring Analysis/03.Orcaflex/02-FST's_LNGC/_ss/LC_5y_Intact_r03/FST2F_FST1F_LNGCPB/FST2F_FST1F_LNGCPB_LWL_300deg.sim	2064389453
02.Mooring Analysis/03.Orcaflex/02-FST's_LNGC/_ss/LC_5y_Intact_r03/FST2F_FST1F_LNGCPB/FST2F_FST1F_LNGCPB_LWL_300deg.yml	2193
02.Mooring Analysis/03.Orcaflex/02-FST's_LNGC/_ss/LC_5y_Intact_r03/FST2F_FST1F_LNGCPB/FST2F_FST1F_LNGCPB_LWL_315deg.sim	2064389191
02.Mooring Analysis/03.Orcaflex/02-FST's_LNGC/_ss/LC_5y_Intact_r03/FST2F_FST1F_LNGCPB/FST2F_FST1F_LNGCPB_LWL_315deg.yml	2193
02.Mooring Analysis/03.Orcaflex/02-FST's_LNGC/_ss/LC_5y_Intact_r03/FST2F_FST1F_LNGCPB/FST2F_FST1F_LNGCPB_LWL_330deg.sim	2064388167
02.Mooring Analysis/03.Orcaflex/02-FST's_LNGC/_ss/LC_5y_Intact_r03/FST2F_FST1F_LNGCPB/FST2F_FST1F_LNGCPB_LWL_330deg.yml	2193
02.Mooring Analysis/03.Orcaflex/02-FST's_LNGC/_ss/LC_5y_Intact_r03/FST2F_FST1F_LNGCPB/FST2F_FST1F_LNGCPB_LWL_345deg.sim	2064388884
02.Mooring Analysis/03.Orcaflex/02-FST's_LNGC/_ss/LC_5y_Intact_r03/FST2F_FST1F_LNGCPB/FST2F_FST1F_LNGCPB_LWL_345deg.yml	2193
02.Mooring Analysis/03.Orcaflex/02-FST's_LNGC/_ss/LC_5y_Intact_r03/FST2F_FST1F_LNGCPB/FST2F_FST1F_LNGCPB_MWL_000deg.sim	2061507188
02.Mooring Analysis/03.Orcaflex/02-FST's_LNGC/_ss/LC_5y_Intact_r03/FST2F_FST1F_LNGCPB/FST2F_FST1F_LNGCPB_MWL_000deg.yml	2187
02.Mooring Analysis/03.Orcaflex/02-FST's_LNGC/_ss/LC_5y_Intact_r03/FST2F_FST1F_LNGCPB/FST2F_FST1F_LNGCPB_MWL_015deg.sim	2061507654
02.Mooring Analysis/03.Orcaflex/02-FST's_LNGC/_ss/LC_5y_Intact_r03/FST2F_FST1F_LNGCPB/FST2F_FST1F_LNGCPB_MWL_015deg.yml	2191
02.Mooring Analysis/03.Orcaflex/02-FST's_LNGC/_ss/LC_5y_Intact_r03/FST2F_FST1F_LNGCPB/FST2F_FST1F_LNGCPB_MWL_030deg.sim	2061508374
02.Mooring Analysis/03.Orcaflex/02-FST's_LNGC/_ss/LC_5y_Intact_r03/FST2F_FST1F_LNGCPB/FST2F_FST1F_LNGCPB_MWL_030deg.yml	2191
02.Mooring Analysis/03.Orcaflex/02-FST's_LNGC/_ss/LC_5y_Intact_r03/FST2F_FST1F_LNGCPB/FST2F_FST1F_LNGCPB_MWL_045deg.sim	2061510798
02.Mooring Analysis/03.Orcaflex/02-FST's_LNGC/_ss/LC_5y_Intact_r03/FST2F_FST1F_LNGCPB/FST2F_FST1F_LNGCPB_MWL_045deg.yml	2190
02.Mooring Analysis/03.Orcaflex/02-FST's_LNGC/_ss/LC_5y_Intact_r03/FST2F_FST1F_LNGCPB/FST2F_FST1F_LNGCPB_MWL_060deg.sim	2061510175
02.Mooring Analysis/03.Orcaflex/02-FST's_LNGC/_ss/LC_5y_Intact_r03/FST2F_FST1F_LNGCPB/FST2F_FST1F_LNGCPB_MWL_060deg.yml	2190
02.Mooring Analysis/03.Orcaflex/02-FST's_LNGC/_ss/LC_5y_Intact_r03/FST2F_FST1F_LNGCPB/FST2F_FST1F_LNGCPB_MWL_075deg.sim	2061511933
02.Mooring Analysis/03.Orcaflex/02-FST's_LNGC/_ss/LC_5y_Intact_r03/FST2F_FST1F_LNGCPB/FST2F_FST1F_LNGCPB_MWL_075deg.yml	2190
02.Mooring Analysis/03.Orcaflex/02-FST's_LNGC/_ss/LC_5y_Intact_r03/FST2F_FST1F_LNGCPB/FST2F_FST1F_LNGCPB_MWL_090deg.sim	2061509304
02.Mooring Analysis/03.Orcaflex/02-FST's_LNGC/_ss/LC_5y_Intact_r03/FST2F_FST1F_LNGCPB/FST2F_FST1F_LNGCPB_MWL_090deg.yml	2190
02.Mooring Analysis/03.Orcaflex/02-FST's_LNGC/_ss/LC_5y_Intact_r03/FST2F_FST1F_LNGCPB/FST2F_FST1F_LNGCPB_MWL_105deg.sim	2061511810
02.Mooring Analysis/03.Orcaflex/02-FST's_LNGC/_ss/LC_5y_Intact_r03/FST2F_FST1F_LNGCPB/FST2F_FST1F_LNGCPB_MWL_105deg.yml	2193
02.Mooring Analysis/03.Orcaflex/02-FST's_LNGC/_ss/LC_5y_Intact_r03/FST2F_FST1F_LNGCPB/FST2F_FST1F_LNGCPB_MWL_120deg.sim	2061512193
02.Mooring Analysis/03.Orcaflex/02-FST's_LNGC/_ss/LC_5y_Intact_r03/FST2F_FST1F_LNGCPB/FST2F_FST1F_LNGCPB_MWL_120deg.yml	2193
02.Mooring Analysis/03.Orcaflex/02-FST's_LNGC/_ss/LC_5y_Intact_r03/FST2F_FST1F_LNGCPB/FST2F_FST1F_LNGCPB_MWL_135deg.sim	2061511598
02.Mooring Analysis/03.Orcaflex/02-FST's_LNGC/_ss/LC_5y_Intact_r03/FST2F_FST1F_LNGCPB/FST2F_FST1F_LNGCPB_MWL_135deg.yml	2193
02.Mooring Analysis/03.Orcaflex/02-FST's_LNGC/_ss/LC_5y_Intact_r03/FST2F_FST1F_LNGCPB/FST2F_FST1F_LNGCPB_MWL_150deg.sim	2061511676
02.Mooring Analysis/03.Orcaflex/02-FST's_LNGC/_ss/LC_5y_Intact_r03/FST2F_FST1F_LNGCPB/FST2F_FST1F_LNGCPB_MWL_150deg.yml	2193
02.Mooring Analysis/03.Orcaflex/02-FST's_LNGC/_ss/LC_5y_Intact_r03/FST2F_FST1F_LNGCPB/FST2F_FST1F_LNGCPB_MWL_165deg.sim	2061508632
02.Mooring Analysis/03.Orcaflex/02-FST's_LNGC/_ss/LC_5y_Intact_r03/FST2F_FST1F_LNGCPB/FST2F_FST1F_LNGCPB_MWL_165deg.yml	2193
02.Mooring Analysis/03.Orcaflex/02-FST's_LNGC/_ss/LC_5y_Intact_r03/FST2F_FST1F_LNGCPB/FST2F_FST1F_LNGCPB_MWL_180deg.sim	2061506357
02.Mooring Analysis/03.Orcaflex/02-FST's_LNGC/_ss/LC_5y_Intact_r03/FST2F_FST1F_LNGCPB/FST2F_FST1F_LNGCPB_MWL_180deg.yml	2193
02.Mooring Analysis/03.Orcaflex/02-FST's_LNGC/_ss/LC_5y_Intact_r03/FST2F_FST1F_LNGCPB/FST2F_FST1F_LNGCPB_MWL_195deg.sim	2061508632
02.Mooring Analysis/03.Orcaflex/02-FST's_LNGC/_ss/LC_5y_Intact_r03/FST2F_FST1F_LNGCPB/FST2F_FST1F_LNGCPB_MWL_195deg.yml	2193
02.Mooring Analysis/03.Orcaflex/02-FST's_LNGC/_ss/LC_5y_Intact_r03/FST2F_FST1F_LNGCPB/FST2F_FST1F_LNGCPB_MWL_210deg.sim	2061509801
02.Mooring Analysis/03.Orcaflex/02-FST's_LNGC/_ss/LC_5y_Intact_r03/FST2F_FST1F_LNGCPB/FST2F_FST1F_LNGCPB_MWL_210deg.yml	2193
02.Mooring Analysis/03.Orcaflex/02-FST's_LNGC/_ss/LC_5y_Intact_r03/FST2F_FST1F_LNGCPB/FST2F_FST1F_LNGCPB_MWL_225deg.sim	2061508716
02.Mooring Analysis/03.Orcaflex/02-FST's_LNGC/_ss/LC_5y_Intact_r03/FST2F_FST1F_LNGCPB/FST2F_FST1F_LNGCPB_MWL_225deg.yml	2193
02.Mooring Analysis/03.Orcaflex/02-FST's_LNGC/_ss/LC_5y_Intact_r03/FST2F_FST1F_LNGCPB/FST2F_FST1F_LNGCPB_MWL_240deg.sim	2061508144
02.Mooring Analysis/03.Orcaflex/02-FST's_LNGC/_ss/LC_5y_Intact_r03/FST2F_FST1F_LNGCPB/FST2F_FST1F_LNGCPB_MWL_240deg.yml	2193
02.Mooring Analysis/03.Orcaflex/02-FST's_LNGC/_ss/LC_5y_Intact_r03/FST2F_FST1F_LNGCPB/FST2F_FST1F_LNGCPB_MWL_255deg.sim	2061507743
02.Mooring Analysis/03.Orcaflex/02-FST's_LNGC/_ss/LC_5y_Intact_r03/FST2F_FST1F_LNGCPB/FST2F_FST1F_LNGCPB_MWL_255deg.yml	2193
02.Mooring Analysis/03.Orcaflex/02-FST's_LNGC/_ss/LC_5y_Intact_r03/FST2F_FST1F_LNGCPB/FST2F_FST1F_LNGCPB_MWL_270deg.sim	2061505607
02.Mooring Analysis/03.Orcaflex/02-FST's_LNGC/_ss/LC_5y_Intact_r03/FST2F_FST1F_LNGCPB/FST2F_FST1F_LNGCPB_MWL_270deg.yml	2193
02.Mooring Analysis/03.Orcaflex/02-FST's_LNGC/_ss/LC_5y_Intact_r03/FST2F_FST1F_LNGCPB/FST2F_FST1F_LNGCPB_MWL_285deg.sim	2061507993
02.Mooring Analysis/03.Orcaflex/02-FST's_LNGC/_ss/LC_5y_Intact_r03/FST2F_FST1F_LNGCPB/FST2F_FST1F_LNGCPB_MWL_285deg.yml	2193
02.Mooring Analysis/03.Orcaflex/02-FST's_LNGC/_ss/LC_5y_Intact_r03/FST2F_FST1F_LNGCPB/FST2F_FST1F_LNGCPB_MWL_300deg.sim	2061509542
02.Mooring Analysis/03.Orcaflex/02-FST's_LNGC/_ss/LC_5y_Intact_r03/FST2F_FST1F_LNGCPB/FST2F_FST1F_LNGCPB_MWL_300deg.yml	2193
02.Mooring Analysis/03.Orcaflex/02-FST's_LNGC/_ss/LC_5y_Intact_r03/FST2F_FST1F_LNGCPB/FST2F_FST1F_LNGCPB_MWL_315deg.sim	2061508336
02.Mooring Analysis/03.Orcaflex/02-FST's_LNGC/_ss/LC_5y_Intact_r03/FST2F_FST1F_LNGCPB/FST2F_FST1F_LNGCPB_MWL_315deg.yml	2193
02.Mooring Analysis/03.Orcaflex/02-FST's_LNGC/_ss/LC_5y_Intact_r03/FST2F_FST1F_LNGCPB/FST2F_FST1F_LNGCPB_MWL_330deg.sim	2061509317
02.Mooring Analysis/03.Orcaflex/02-FST's_LNGC/_ss/LC_5y_Intact_r03/FST2F_FST1F_LNGCPB/FST2F_FST1F_LNGCPB_MWL_330deg.yml	2193
02.Mooring Analysis/03.Orcaflex/02-FST's_LNGC/_ss/LC_5y_Intact_r03/FST2F_FST1F_LNGCPB/FST2F_FST1F_LNGCPB_MWL_345deg.sim	2061509137
02.Mooring Analysis/03.Orcaflex/02-FST's_LNGC/_ss/LC_5y_Intact_r03/FST2F_FST1F_LNGCPB/FST2F_FST1F_LNGCPB_MWL_345deg.yml	2193
02.Mooring Analysis/03.Orcaflex/02-FST's_LNGC/_ss/LC_5y_Intact_r03/FST2F_FST1F_LNGCPB/Thumbs.db	13824
02.Mooring Analysis/03.Orcaflex/02-FST's_LNGC/_ss/LC_5y_Intact_r03/FST2L_FST1L_LNGCEF/CL_FST2L_FST1L_LNGCEF_HWL_015deg.sim	2045891460
02.Mooring Analysis/03.Orcaflex/02-FST's_LNGC/_ss/LC_5y_Intact_r03/FST2L_FST1L_LNGCEF/CL_FST2L_FST1L_LNGCEF_HWL_015deg.yml	2193
02.Mooring Analysis/03.Orcaflex/02-FST's_LNGC/_ss/LC_5y_Intact_r03/FST2L_FST1L_LNGCEF/CL_FST2L_FST1L_LNGCEF_HWL_030deg.sim	2045891869
02.Mooring Analysis/03.Orcaflex/02-FST's_LNGC/_ss/LC_5y_Intact_r03/FST2L_FST1L_LNGCEF/CL_FST2L_FST1L_LNGCEF_HWL_030deg.yml	2193
02.Mooring Analysis/03.Orcaflex/02-FST's_LNGC/_ss/LC_5y_Intact_r03/FST2L_FST1L_LNGCEF/CL_FST2L_FST1L_LNGCEF_HWL_045deg.sim	2045892536
02.Mooring Analysis/03.Orcaflex/02-FST's_LNGC/_ss/LC_5y_Intact_r03/FST2L_FST1L_LNGCEF/CL_FST2L_FST1L_LNGCEF_HWL_045deg.yml	2192
02.Mooring Analysis/03.Orcaflex/02-FST's_LNGC/_ss/LC_5y_Intact_r03/FST2L_FST1L_LNGCEF/CL_FST2L_FST1L_LNGCEF_HWL_090deg.sim	2045893175
02.Mooring Analysis/03.Orcaflex/02-FST's_LNGC/_ss/LC_5y_Intact_r03/FST2L_FST1L_LNGCEF/CL_FST2L_FST1L_LNGCEF_HWL_090deg.yml	2192
02.Mooring Analysis/03.Orcaflex/02-FST's_LNGC/_ss/LC_5y_Intact_r03/FST2L_FST1L_LNGCEF/CL_FST2L_FST1L_LNGCEF_HWL_180deg.sim	2045891238
02.Mooring Analysis/03.Orcaflex/02-FST's_LNGC/_ss/LC_5y_Intact_r03/FST2L_FST1L_LNGCEF/CL_FST2L_FST1L_LNGCEF_HWL_180deg.yml	2195
02.Mooring Analysis/03.Orcaflex/02-FST's_LNGC/_ss/LC_5y_Intact_r03/FST2L_FST1L_LNGCEF/CL_FST2L_FST1L_LNGCEF_LWL_015deg.sim	2056965953
02.Mooring Analysis/03.Orcaflex/02-FST's_LNGC/_ss/LC_5y_Intact_r03/FST2L_FST1L_LNGCEF/CL_FST2L_FST1L_LNGCEF_LWL_015deg.yml	2193
02.Mooring Analysis/03.Orcaflex/02-FST's_LNGC/_ss/LC_5y_Intact_r03/FST2L_FST1L_LNGCEF/CL_FST2L_FST1L_LNGCEF_LWL_030deg.sim	2056966839
02.Mooring Analysis/03.Orcaflex/02-FST's_LNGC/_ss/LC_5y_Intact_r03/FST2L_FST1L_LNGCEF/CL_FST2L_FST1L_LNGCEF_LWL_030deg.yml	2193
02.Mooring Analysis/03.Orcaflex/02-FST's_LNGC/_ss/LC_5y_Intact_r03/FST2L_FST1L_LNGCEF/CL_FST2L_FST1L_LNGCEF_LWL_045deg.sim	2056966724
02.Mooring Analysis/03.Orcaflex/02-FST's_LNGC/_ss/LC_5y_Intact_r03/FST2L_FST1L_LNGCEF/CL_FST2L_FST1L_LNGCEF_LWL_045deg.yml	2192
02.Mooring Analysis/03.Orcaflex/02-FST's_LNGC/_ss/LC_5y_Intact_r03/FST2L_FST1L_LNGCEF/CL_FST2L_FST1L_LNGCEF_LWL_090deg.sim	2056967208
02.Mooring Analysis/03.Orcaflex/02-FST's_LNGC/_ss/LC_5y_Intact_r03/FST2L_FST1L_LNGCEF/CL_FST2L_FST1L_LNGCEF_LWL_090deg.yml	2192
02.Mooring Analysis/03.Orcaflex/02-FST's_LNGC/_ss/LC_5y_Intact_r03/FST2L_FST1L_LNGCEF/CL_FST2L_FST1L_LNGCEF_LWL_180deg.sim	2056965629
02.Mooring Analysis/03.Orcaflex/02-FST's_LNGC/_ss/LC_5y_Intact_r03/FST2L_FST1L_LNGCEF/CL_FST2L_FST1L_LNGCEF_LWL_180deg.yml	2195
02.Mooring Analysis/03.Orcaflex/02-FST's_LNGC/_ss/LC_5y_Intact_r03/FST2L_FST1L_LNGCEF/CL_FST2L_FST1L_LNGCEF_MWL_015deg.sim	2049001038
02.Mooring Analysis/03.Orcaflex/02-FST's_LNGC/_ss/LC_5y_Intact_r03/FST2L_FST1L_LNGCEF/CL_FST2L_FST1L_LNGCEF_MWL_015deg.yml	2193
02.Mooring Analysis/03.Orcaflex/02-FST's_LNGC/_ss/LC_5y_Intact_r03/FST2L_FST1L_LNGCEF/CL_FST2L_FST1L_LNGCEF_MWL_030deg.sim	2049001351
02.Mooring Analysis/03.Orcaflex/02-FST's_LNGC/_ss/LC_5y_Intact_r03/FST2L_FST1L_LNGCEF/CL_FST2L_FST1L_LNGCEF_MWL_030deg.yml	2193
02.Mooring Analysis/03.Orcaflex/02-FST's_LNGC/_ss/LC_5y_Intact_r03/FST2L_FST1L_LNGCEF/CL_FST2L_FST1L_LNGCEF_MWL_045deg.sim	2049001171
02.Mooring Analysis/03.Orcaflex/02-FST's_LNGC/_ss/LC_5y_Intact_r03/FST2L_FST1L_LNGCEF/CL_FST2L_FST1L_LNGCEF_MWL_045deg.yml	2192
02.Mooring Analysis/03.Orcaflex/02-FST's_LNGC/_ss/LC_5y_Intact_r03/FST2L_FST1L_LNGCEF/CL_FST2L_FST1L_LNGCEF_MWL_090deg.sim	2049001711
02.Mooring Analysis/03.Orcaflex/02-FST's_LNGC/_ss/LC_5y_Intact_r03/FST2L_FST1L_LNGCEF/CL_FST2L_FST1L_LNGCEF_MWL_090deg.yml	2192
02.Mooring Analysis/03.Orcaflex/02-FST's_LNGC/_ss/LC_5y_Intact_r03/FST2L_FST1L_LNGCEF/CL_FST2L_FST1L_LNGCEF_MWL_180deg.sim	2048999850
02.Mooring Analysis/03.Orcaflex/02-FST's_LNGC/_ss/LC_5y_Intact_r03/FST2L_FST1L_LNGCEF/CL_FST2L_FST1L_LNGCEF_MWL_180deg.yml	2195
02.Mooring Analysis/03.Orcaflex/02-FST's_LNGC/_ss/LC_5y_Intact_r03/FST2L_FST1L_LNGCEF/FST2L_FST1L_LNGCEF_HWL_000deg.sim	2045888115
02.Mooring Analysis/03.Orcaflex/02-FST's_LNGC/_ss/LC_5y_Intact_r03/FST2L_FST1L_LNGCEF/FST2L_FST1L_LNGCEF_HWL_000deg.yml	2191
02.Mooring Analysis/03.Orcaflex/02-FST's_LNGC/_ss/LC_5y_Intact_r03/FST2L_FST1L_LNGCEF/FST2L_FST1L_LNGCEF_HWL_015deg.sim	2045892121
02.Mooring Analysis/03.Orcaflex/02-FST's_LNGC/_ss/LC_5y_Intact_r03/FST2L_FST1L_LNGCEF/FST2L_FST1L_LNGCEF_HWL_015deg.yml	2193
02.Mooring Analysis/03.Orcaflex/02-FST's_LNGC/_ss/LC_5y_Intact_r03/FST2L_FST1L_LNGCEF/FST2L_FST1L_LNGCEF_HWL_030deg.sim	2045892958
02.Mooring Analysis/03.Orcaflex/02-FST's_LNGC/_ss/LC_5y_Intact_r03/FST2L_FST1L_LNGCEF/FST2L_FST1L_LNGCEF_HWL_030deg.yml	2193
02.Mooring Analysis/03.Orcaflex/02-FST's_LNGC/_ss/LC_5y_Intact_r03/FST2L_FST1L_LNGCEF/FST2L_FST1L_LNGCEF_HWL_045deg.sim	2045893537
02.Mooring Analysis/03.Orcaflex/02-FST's_LNGC/_ss/LC_5y_Intact_r03/FST2L_FST1L_LNGCEF/FST2L_FST1L_LNGCEF_HWL_045deg.yml	2192
02.Mooring Analysis/03.Orcaflex/02-FST's_LNGC/_ss/LC_5y_Intact_r03/FST2L_FST1L_LNGCEF/FST2L_FST1L_LNGCEF_HWL_060deg.sim	2045894699
02.Mooring Analysis/03.Orcaflex/02-FST's_LNGC/_ss/LC_5y_Intact_r03/FST2L_FST1L_LNGCEF/FST2L_FST1L_LNGCEF_HWL_060deg.yml	2192
02.Mooring Analysis/03.Orcaflex/02-FST's_LNGC/_ss/LC_5y_Intact_r03/FST2L_FST1L_LNGCEF/FST2L_FST1L_LNGCEF_HWL_075deg.sim	2045895192
02.Mooring Analysis/03.Orcaflex/02-FST's_LNGC/_ss/LC_5y_Intact_r03/FST2L_FST1L_LNGCEF/FST2L_FST1L_LNGCEF_HWL_075deg.yml	2192
02.Mooring Analysis/03.Orcaflex/02-FST's_LNGC/_ss/LC_5y_Intact_r03/FST2L_FST1L_LNGCEF/FST2L_FST1L_LNGCEF_HWL_090deg.sim	2045895500
02.Mooring Analysis/03.Orcaflex/02-FST's_LNGC/_ss/LC_5y_Intact_r03/FST2L_FST1L_LNGCEF/FST2L_FST1L_LNGCEF_HWL_090deg.yml	2192
02.Mooring Analysis/03.Orcaflex/02-FST's_LNGC/_ss/LC_5y_Intact_r03/FST2L_FST1L_LNGCEF/FST2L_FST1L_LNGCEF_HWL_105deg.sim	2045895367
02.Mooring Analysis/03.Orcaflex/02-FST's_LNGC/_ss/LC_5y_Intact_r03/FST2L_FST1L_LNGCEF/FST2L_FST1L_LNGCEF_HWL_105deg.yml	2195
02.Mooring Analysis/03.Orcaflex/02-FST's_LNGC/_ss/LC_5y_Intact_r03/FST2L_FST1L_LNGCEF/FST2L_FST1L_LNGCEF_HWL_120deg.sim	2045893377
02.Mooring Analysis/03.Orcaflex/02-FST's_LNGC/_ss/LC_5y_Intact_r03/FST2L_FST1L_LNGCEF/FST2L_FST1L_LNGCEF_HWL_120deg.yml	2195
02.Mooring Analysis/03.Orcaflex/02-FST's_LNGC/_ss/LC_5y_Intact_r03/FST2L_FST1L_LNGCEF/FST2L_FST1L_LNGCEF_HWL_135deg.sim	2045893457
02.Mooring Analysis/03.Orcaflex/02-FST's_LNGC/_ss/LC_5y_Intact_r03/FST2L_FST1L_LNGCEF/FST2L_FST1L_LNGCEF_HWL_135deg.yml	2195
02.Mooring Analysis/03.Orcaflex/02-FST's_LNGC/_ss/LC_5y_Intact_r03/FST2L_FST1L_LNGCEF/FST2L_FST1L_LNGCEF_HWL_150deg.sim	2045893055
02.Mooring Analysis/03.Orcaflex/02-FST's_LNGC/_ss/LC_5y_Intact_r03/FST2L_FST1L_LNGCEF/FST2L_FST1L_LNGCEF_HWL_150deg.yml	2195
02.Mooring Analysis/03.Orcaflex/02-FST's_LNGC/_ss/LC_5y_Intact_r03/FST2L_FST1L_LNGCEF/FST2L_FST1L_LNGCEF_HWL_165deg.sim	2045892225
02.Mooring Analysis/03.Orcaflex/02-FST's_LNGC/_ss/LC_5y_Intact_r03/FST2L_FST1L_LNGCEF/FST2L_FST1L_LNGCEF_HWL_165deg.yml	2195
02.Mooring Analysis/03.Orcaflex/02-FST's_LNGC/_ss/LC_5y_Intact_r03/FST2L_FST1L_LNGCEF/FST2L_FST1L_LNGCEF_HWL_180deg.sim	2045893090
02.Mooring Analysis/03.Orcaflex/02-FST's_LNGC/_ss/LC_5y_Intact_r03/FST2L_FST1L_LNGCEF/FST2L_FST1L_LNGCEF_HWL_180deg.yml	2195
02.Mooring Analysis/03.Orcaflex/02-FST's_LNGC/_ss/LC_5y_Intact_r03/FST2L_FST1L_LNGCEF/FST2L_FST1L_LNGCEF_HWL_195deg.sim	2045893002
02.Mooring Analysis/03.Orcaflex/02-FST's_LNGC/_ss/LC_5y_Intact_r03/FST2L_FST1L_LNGCEF/FST2L_FST1L_LNGCEF_HWL_195deg.yml	2195
02.Mooring Analysis/03.Orcaflex/02-FST's_LNGC/_ss/LC_5y_Intact_r03/FST2L_FST1L_LNGCEF/FST2L_FST1L_LNGCEF_HWL_210deg.sim	2045893841
02.Mooring Analysis/03.Orcaflex/02-FST's_LNGC/_ss/LC_5y_Intact_r03/FST2L_FST1L_LNGCEF/FST2L_FST1L_LNGCEF_HWL_210deg.yml	2195
02.Mooring Analysis/03.Orcaflex/02-FST's_LNGC/_ss/LC_5y_Intact_r03/FST2L_FST1L_LNGCEF/FST2L_FST1L_LNGCEF_HWL_225deg.sim	2045894140
02.Mooring Analysis/03.Orcaflex/02-FST's_LNGC/_ss/LC_5y_Intact_r03/FST2L_FST1L_LNGCEF/FST2L_FST1L_LNGCEF_HWL_225deg.yml	2195
02.Mooring Analysis/03.Orcaflex/02-FST's_LNGC/_ss/LC_5y_Intact_r03/FST2L_FST1L_LNGCEF/FST2L_FST1L_LNGCEF_HWL_240deg.sim	2045894901
02.Mooring Analysis/03.Orcaflex/02-FST's_LNGC/_ss/LC_5y_Intact_r03/FST2L_FST1L_LNGCEF/FST2L_FST1L_LNGCEF_HWL_240deg.yml	2195
02.Mooring Analysis/03.Orcaflex/02-FST's_LNGC/_ss/LC_5y_Intact_r03/FST2L_FST1L_LNGCEF/FST2L_FST1L_LNGCEF_HWL_255deg.sim	2045892071
02.Mooring Analysis/03.Orcaflex/02-FST's_LNGC/_ss/LC_5y_Intact_r03/FST2L_FST1L_LNGCEF/FST2L_FST1L_LNGCEF_HWL_255deg.yml	2195
02.Mooring Analysis/03.Orcaflex/02-FST's_LNGC/_ss/LC_5y_Intact_r03/FST2L_FST1L_LNGCEF/FST2L_FST1L_LNGCEF_HWL_270deg.sim	2045890178
02.Mooring Analysis/03.Orcaflex/02-FST's_LNGC/_ss/LC_5y_Intact_r03/FST2L_FST1L_LNGCEF/FST2L_FST1L_LNGCEF_HWL_270deg.yml	2195
02.Mooring Analysis/03.Orcaflex/02-FST's_LNGC/_ss/LC_5y_Intact_r03/FST2L_FST1L_LNGCEF/FST2L_FST1L_LNGCEF_HWL_285deg.sim	2045891768
02.Mooring Analysis/03.Orcaflex/02-FST's_LNGC/_ss/LC_5y_Intact_r03/FST2L_FST1L_LNGCEF/FST2L_FST1L_LNGCEF_HWL_285deg.yml	2195
02.Mooring Analysis/03.Orcaflex/02-FST's_LNGC/_ss/LC_5y_Intact_r03/FST2L_FST1L_LNGCEF/FST2L_FST1L_LNGCEF_HWL_300deg.sim	2045891656
02.Mooring Analysis/03.Orcaflex/02-FST's_LNGC/_ss/LC_5y_Intact_r03/FST2L_FST1L_LNGCEF/FST2L_FST1L_LNGCEF_HWL_300deg.yml	2195
02.Mooring Analysis/03.Orcaflex/02-FST's_LNGC/_ss/LC_5y_Intact_r03/FST2L_FST1L_LNGCEF/FST2L_FST1L_LNGCEF_HWL_315deg.sim	2045891336
02.Mooring Analysis/03.Orcaflex/02-FST's_LNGC/_ss/LC_5y_Intact_r03/FST2L_FST1L_LNGCEF/FST2L_FST1L_LNGCEF_HWL_315deg.yml	2195
02.Mooring Analysis/03.Orcaflex/02-FST's_LNGC/_ss/LC_5y_Intact_r03/FST2L_FST1L_LNGCEF/FST2L_FST1L_LNGCEF_HWL_330deg.sim	2045892178
02.Mooring Analysis/03.Orcaflex/02-FST's_LNGC/_ss/LC_5y_Intact_r03/FST2L_FST1L_LNGCEF/FST2L_FST1L_LNGCEF_HWL_330deg.yml	2195
02.Mooring Analysis/03.Orcaflex/02-FST's_LNGC/_ss/LC_5y_Intact_r03/FST2L_FST1L_LNGCEF/FST2L_FST1L_LNGCEF_HWL_345deg.sim	2045889390
02.Mooring Analysis/03.Orcaflex/02-FST's_LNGC/_ss/LC_5y_Intact_r03/FST2L_FST1L_LNGCEF/FST2L_FST1L_LNGCEF_HWL_345deg.yml	2195
02.Mooring Analysis/03.Orcaflex/02-FST's_LNGC/_ss/LC_5y_Intact_r03/FST2L_FST1L_LNGCEF/FST2L_FST1L_LNGCEF_LWL_000deg.sim	2056961145
02.Mooring Analysis/03.Orcaflex/02-FST's_LNGC/_ss/LC_5y_Intact_r03/FST2L_FST1L_LNGCEF/FST2L_FST1L_LNGCEF_LWL_000deg.yml	2191
02.Mooring Analysis/03.Orcaflex/02-FST's_LNGC/_ss/LC_5y_Intact_r03/FST2L_FST1L_LNGCEF/FST2L_FST1L_LNGCEF_LWL_015deg.sim	2056966550
02.Mooring Analysis/03.Orcaflex/02-FST's_LNGC/_ss/LC_5y_Intact_r03/FST2L_FST1L_LNGCEF/FST2L_FST1L_LNGCEF_LWL_015deg.yml	2193
02.Mooring Analysis/03.Orcaflex/02-FST's_LNGC/_ss/LC_5y_Intact_r03/FST2L_FST1L_LNGCEF/FST2L_FST1L_LNGCEF_LWL_030deg.sim	2056967217
02.Mooring Analysis/03.Orcaflex/02-FST's_LNGC/_ss/LC_5y_Intact_r03/FST2L_FST1L_LNGCEF/FST2L_FST1L_LNGCEF_LWL_030deg.yml	2193
02.Mooring Analysis/03.Orcaflex/02-FST's_LNGC/_ss/LC_5y_Intact_r03/FST2L_FST1L_LNGCEF/FST2L_FST1L_LNGCEF_LWL_045deg.sim	2056967637
02.Mooring Analysis/03.Orcaflex/02-FST's_LNGC/_ss/LC_5y_Intact_r03/FST2L_FST1L_LNGCEF/FST2L_FST1L_LNGCEF_LWL_045deg.yml	2192
02.Mooring Analysis/03.Orcaflex/02-FST's_LNGC/_ss/LC_5y_Intact_r03/FST2L_FST1L_LNGCEF/FST2L_FST1L_LNGCEF_LWL_060deg.sim	2056968793
02.Mooring Analysis/03.Orcaflex/02-FST's_LNGC/_ss/LC_5y_Intact_r03/FST2L_FST1L_LNGCEF/FST2L_FST1L_LNGCEF_LWL_060deg.yml	2192
02.Mooring Analysis/03.Orcaflex/02-FST's_LNGC/_ss/LC_5y_Intact_r03/FST2L_FST1L_LNGCEF/FST2L_FST1L_LNGCEF_LWL_075deg.sim	2056969343
02.Mooring Analysis/03.Orcaflex/02-FST's_LNGC/_ss/LC_5y_Intact_r03/FST2L_FST1L_LNGCEF/FST2L_FST1L_LNGCEF_LWL_075deg.yml	2192
02.Mooring Analysis/03.Orcaflex/02-FST's_LNGC/_ss/LC_5y_Intact_r03/FST2L_FST1L_LNGCEF/FST2L_FST1L_LNGCEF_LWL_090deg.sim	2056969037
02.Mooring Analysis/03.Orcaflex/02-FST's_LNGC/_ss/LC_5y_Intact_r03/FST2L_FST1L_LNGCEF/FST2L_FST1L_LNGCEF_LWL_090deg.yml	2192
02.Mooring Analysis/03.Orcaflex/02-FST's_LNGC/_ss/LC_5y_Intact_r03/FST2L_FST1L_LNGCEF/FST2L_FST1L_LNGCEF_LWL_105deg.sim	2056969174
02.Mooring Analysis/03.Orcaflex/02-FST's_LNGC/_ss/LC_5y_Intact_r03/FST2L_FST1L_LNGCEF/FST2L_FST1L_LNGCEF_LWL_105deg.yml	2195
02.Mooring Analysis/03.Orcaflex/02-FST's_LNGC/_ss/LC_5y_Intact_r03/FST2L_FST1L_LNGCEF/FST2L_FST1L_LNGCEF_LWL_120deg.sim	2056967597
02.Mooring Analysis/03.Orcaflex/02-FST's_LNGC/_ss/LC_5y_Intact_r03/FST2L_FST1L_LNGCEF/FST2L_FST1L_LNGCEF_LWL_120deg.yml	2195
02.Mooring Analysis/03.Orcaflex/02-FST's_LNGC/_ss/LC_5y_Intact_r03/FST2L_FST1L_LNGCEF/FST2L_FST1L_LNGCEF_LWL_135deg.sim	2056967513
02.Mooring Analysis/03.Orcaflex/02-FST's_LNGC/_ss/LC_5y_Intact_r03/FST2L_FST1L_LNGCEF/FST2L_FST1L_LNGCEF_LWL_135deg.yml	2195
02.Mooring Analysis/03.Orcaflex/02-FST's_LNGC/_ss/LC_5y_Intact_r03/FST2L_FST1L_LNGCEF/FST2L_FST1L_LNGCEF_LWL_150deg.sim	2056966929
02.Mooring Analysis/03.Orcaflex/02-FST's_LNGC/_ss/LC_5y_Intact_r03/FST2L_FST1L_LNGCEF/FST2L_FST1L_LNGCEF_LWL_150deg.yml	2195
02.Mooring Analysis/03.Orcaflex/02-FST's_LNGC/_ss/LC_5y_Intact_r03/FST2L_FST1L_LNGCEF/FST2L_FST1L_LNGCEF_LWL_165deg.sim	2056966404
02.Mooring Analysis/03.Orcaflex/02-FST's_LNGC/_ss/LC_5y_Intact_r03/FST2L_FST1L_LNGCEF/FST2L_FST1L_LNGCEF_LWL_165deg.yml	2195
02.Mooring Analysis/03.Orcaflex/02-FST's_LNGC/_ss/LC_5y_Intact_r03/FST2L_FST1L_LNGCEF/FST2L_FST1L_LNGCEF_LWL_180deg.sim	2056966900
02.Mooring Analysis/03.Orcaflex/02-FST's_LNGC/_ss/LC_5y_Intact_r03/FST2L_FST1L_LNGCEF/FST2L_FST1L_LNGCEF_LWL_180deg.yml	2195
02.Mooring Analysis/03.Orcaflex/02-FST's_LNGC/_ss/LC_5y_Intact_r03/FST2L_FST1L_LNGCEF/FST2L_FST1L_LNGCEF_LWL_195deg.sim	2056966978
02.Mooring Analysis/03.Orcaflex/02-FST's_LNGC/_ss/LC_5y_Intact_r03/FST2L_FST1L_LNGCEF/FST2L_FST1L_LNGCEF_LWL_195deg.yml	2195
02.Mooring Analysis/03.Orcaflex/02-FST's_LNGC/_ss/LC_5y_Intact_r03/FST2L_FST1L_LNGCEF/FST2L_FST1L_LNGCEF_LWL_210deg.sim	2056967770
02.Mooring Analysis/03.Orcaflex/02-FST's_LNGC/_ss/LC_5y_Intact_r03/FST2L_FST1L_LNGCEF/FST2L_FST1L_LNGCEF_LWL_210deg.yml	2195
02.Mooring Analysis/03.Orcaflex/02-FST's_LNGC/_ss/LC_5y_Intact_r03/FST2L_FST1L_LNGCEF/FST2L_FST1L_LNGCEF_LWL_225deg.sim	2056968624
02.Mooring Analysis/03.Orcaflex/02-FST's_LNGC/_ss/LC_5y_Intact_r03/FST2L_FST1L_LNGCEF/FST2L_FST1L_LNGCEF_LWL_225deg.yml	2195
02.Mooring Analysis/03.Orcaflex/02-FST's_LNGC/_ss/LC_5y_Intact_r03/FST2L_FST1L_LNGCEF/FST2L_FST1L_LNGCEF_LWL_240deg.sim	2056969604
02.Mooring Analysis/03.Orcaflex/02-FST's_LNGC/_ss/LC_5y_Intact_r03/FST2L_FST1L_LNGCEF/FST2L_FST1L_LNGCEF_LWL_240deg.yml	2195
02.Mooring Analysis/03.Orcaflex/02-FST's_LNGC/_ss/LC_5y_Intact_r03/FST2L_FST1L_LNGCEF/FST2L_FST1L_LNGCEF_LWL_255deg.sim	2056966642
02.Mooring Analysis/03.Orcaflex/02-FST's_LNGC/_ss/LC_5y_Intact_r03/FST2L_FST1L_LNGCEF/FST2L_FST1L_LNGCEF_LWL_255deg.yml	2195
02.Mooring Analysis/03.Orcaflex/02-FST's_LNGC/_ss/LC_5y_Intact_r03/FST2L_FST1L_LNGCEF/FST2L_FST1L_LNGCEF_LWL_270deg.sim	2056965277
02.Mooring Analysis/03.Orcaflex/02-FST's_LNGC/_ss/LC_5y_Intact_r03/FST2L_FST1L_LNGCEF/FST2L_FST1L_LNGCEF_LWL_270deg.yml	2195
02.Mooring Analysis/03.Orcaflex/02-FST's_LNGC/_ss/LC_5y_Intact_r03/FST2L_FST1L_LNGCEF/FST2L_FST1L_LNGCEF_LWL_285deg.sim	2056966356
02.Mooring Analysis/03.Orcaflex/02-FST's_LNGC/_ss/LC_5y_Intact_r03/FST2L_FST1L_LNGCEF/FST2L_FST1L_LNGCEF_LWL_285deg.yml	2195
02.Mooring Analysis/03.Orcaflex/02-FST's_LNGC/_ss/LC_5y_Intact_r03/FST2L_FST1L_LNGCEF/FST2L_FST1L_LNGCEF_LWL_300deg.sim	2056966031
02.Mooring Analysis/03.Orcaflex/02-FST's_LNGC/_ss/LC_5y_Intact_r03/FST2L_FST1L_LNGCEF/FST2L_FST1L_LNGCEF_LWL_300deg.yml	2195
02.Mooring Analysis/03.Orcaflex/02-FST's_LNGC/_ss/LC_5y_Intact_r03/FST2L_FST1L_LNGCEF/FST2L_FST1L_LNGCEF_LWL_315deg.sim	2056965503
02.Mooring Analysis/03.Orcaflex/02-FST's_LNGC/_ss/LC_5y_Intact_r03/FST2L_FST1L_LNGCEF/FST2L_FST1L_LNGCEF_LWL_315deg.yml	2195
02.Mooring Analysis/03.Orcaflex/02-FST's_LNGC/_ss/LC_5y_Intact_r03/FST2L_FST1L_LNGCEF/FST2L_FST1L_LNGCEF_LWL_330deg.sim	2056966163
02.Mooring Analysis/03.Orcaflex/02-FST's_LNGC/_ss/LC_5y_Intact_r03/FST2L_FST1L_LNGCEF/FST2L_FST1L_LNGCEF_LWL_330deg.yml	2195
02.Mooring Analysis/03.Orcaflex/02-FST's_LNGC/_ss/LC_5y_Intact_r03/FST2L_FST1L_LNGCEF/FST2L_FST1L_LNGCEF_LWL_345deg.sim	2056964757
02.Mooring Analysis/03.Orcaflex/02-FST's_LNGC/_ss/LC_5y_Intact_r03/FST2L_FST1L_LNGCEF/FST2L_FST1L_LNGCEF_LWL_345deg.yml	2195
02.Mooring Analysis/03.Orcaflex/02-FST's_LNGC/_ss/LC_5y_Intact_r03/FST2L_FST1L_LNGCEF/FST2L_FST1L_LNGCEF_MWL_000deg.sim	2048996312
02.Mooring Analysis/03.Orcaflex/02-FST's_LNGC/_ss/LC_5y_Intact_r03/FST2L_FST1L_LNGCEF/FST2L_FST1L_LNGCEF_MWL_000deg.yml	2191
02.Mooring Analysis/03.Orcaflex/02-FST's_LNGC/_ss/LC_5y_Intact_r03/FST2L_FST1L_LNGCEF/FST2L_FST1L_LNGCEF_MWL_015deg.sim	2048999448
02.Mooring Analysis/03.Orcaflex/02-FST's_LNGC/_ss/LC_5y_Intact_r03/FST2L_FST1L_LNGCEF/FST2L_FST1L_LNGCEF_MWL_015deg.yml	2193
02.Mooring Analysis/03.Orcaflex/02-FST's_LNGC/_ss/LC_5y_Intact_r03/FST2L_FST1L_LNGCEF/FST2L_FST1L_LNGCEF_MWL_030deg.sim	2049000461
02.Mooring Analysis/03.Orcaflex/02-FST's_LNGC/_ss/LC_5y_Intact_r03/FST2L_FST1L_LNGCEF/FST2L_FST1L_LNGCEF_MWL_030deg.yml	2193
02.Mooring Analysis/03.Orcaflex/02-FST's_LNGC/_ss/LC_5y_Intact_r03/FST2L_FST1L_LNGCEF/FST2L_FST1L_LNGCEF_MWL_045deg.sim	2049000964
02.Mooring Analysis/03.Orcaflex/02-FST's_LNGC/_ss/LC_5y_Intact_r03/FST2L_FST1L_LNGCEF/FST2L_FST1L_LNGCEF_MWL_045deg.yml	2192
02.Mooring Analysis/03.Orcaflex/02-FST's_LNGC/_ss/LC_5y_Intact_r03/FST2L_FST1L_LNGCEF/FST2L_FST1L_LNGCEF_MWL_060deg.sim	2049002081
02.Mooring Analysis/03.Orcaflex/02-FST's_LNGC/_ss/LC_5y_Intact_r03/FST2L_FST1L_LNGCEF/FST2L_FST1L_LNGCEF_MWL_060deg.yml	2192
02.Mooring Analysis/03.Orcaflex/02-FST's_LNGC/_ss/LC_5y_Intact_r03/FST2L_FST1L_LNGCEF/FST2L_FST1L_LNGCEF_MWL_075deg.sim	2049002458
02.Mooring Analysis/03.Orcaflex/02-FST's_LNGC/_ss/LC_5y_Intact_r03/FST2L_FST1L_LNGCEF/FST2L_FST1L_LNGCEF_MWL_075deg.yml	2192
02.Mooring Analysis/03.Orcaflex/02-FST's_LNGC/_ss/LC_5y_Intact_r03/FST2L_FST1L_LNGCEF/FST2L_FST1L_LNGCEF_MWL_090deg.sim	2049002455
02.Mooring Analysis/03.Orcaflex/02-FST's_LNGC/_ss/LC_5y_Intact_r03/FST2L_FST1L_LNGCEF/FST2L_FST1L_LNGCEF_MWL_090deg.yml	2192
02.Mooring Analysis/03.Orcaflex/02-FST's_LNGC/_ss/LC_5y_Intact_r03/FST2L_FST1L_LNGCEF/FST2L_FST1L_LNGCEF_MWL_105deg.sim	2049002577
02.Mooring Analysis/03.Orcaflex/02-FST's_LNGC/_ss/LC_5y_Intact_r03/FST2L_FST1L_LNGCEF/FST2L_FST1L_LNGCEF_MWL_105deg.yml	2195
02.Mooring Analysis/03.Orcaflex/02-FST's_LNGC/_ss/LC_5y_Intact_r03/FST2L_FST1L_LNGCEF/FST2L_FST1L_LNGCEF_MWL_120deg.sim	2049000847
02.Mooring Analysis/03.Orcaflex/02-FST's_LNGC/_ss/LC_5y_Intact_r03/FST2L_FST1L_LNGCEF/FST2L_FST1L_LNGCEF_MWL_120deg.yml	2195
02.Mooring Analysis/03.Orcaflex/02-FST's_LNGC/_ss/LC_5y_Intact_r03/FST2L_FST1L_LNGCEF/FST2L_FST1L_LNGCEF_MWL_135deg.sim	2049000686
02.Mooring Analysis/03.Orcaflex/02-FST's_LNGC/_ss/LC_5y_Intact_r03/FST2L_FST1L_LNGCEF/FST2L_FST1L_LNGCEF_MWL_135deg.yml	2195
02.Mooring Analysis/03.Orcaflex/02-FST's_LNGC/_ss/LC_5y_Intact_r03/FST2L_FST1L_LNGCEF/FST2L_FST1L_LNGCEF_MWL_150deg.sim	2049000318
02.Mooring Analysis/03.Orcaflex/02-FST's_LNGC/_ss/LC_5y_Intact_r03/FST2L_FST1L_LNGCEF/FST2L_FST1L_LNGCEF_MWL_150deg.yml	2195
02.Mooring Analysis/03.Orcaflex/02-FST's_LNGC/_ss/LC_5y_Intact_r03/FST2L_FST1L_LNGCEF/FST2L_FST1L_LNGCEF_MWL_165deg.sim	2048999981
02.Mooring Analysis/03.Orcaflex/02-FST's_LNGC/_ss/LC_5y_Intact_r03/FST2L_FST1L_LNGCEF/FST2L_FST1L_LNGCEF_MWL_165deg.yml	2195
02.Mooring Analysis/03.Orcaflex/02-FST's_LNGC/_ss/LC_5y_Intact_r03/FST2L_FST1L_LNGCEF/FST2L_FST1L_LNGCEF_MWL_180deg.sim	2049000150
02.Mooring Analysis/03.Orcaflex/02-FST's_LNGC/_ss/LC_5y_Intact_r03/FST2L_FST1L_LNGCEF/FST2L_FST1L_LNGCEF_MWL_180deg.yml	2195
02.Mooring Analysis/03.Orcaflex/02-FST's_LNGC/_ss/LC_5y_Intact_r03/FST2L_FST1L_LNGCEF/FST2L_FST1L_LNGCEF_MWL_195deg.sim	2049002244
02.Mooring Analysis/03.Orcaflex/02-FST's_LNGC/_ss/LC_5y_Intact_r03/FST2L_FST1L_LNGCEF/FST2L_FST1L_LNGCEF_MWL_195deg.yml	2195
02.Mooring Analysis/03.Orcaflex/02-FST's_LNGC/_ss/LC_5y_Intact_r03/FST2L_FST1L_LNGCEF/FST2L_FST1L_LNGCEF_MWL_210deg.sim	2049002865
02.Mooring Analysis/03.Orcaflex/02-FST's_LNGC/_ss/LC_5y_Intact_r03/FST2L_FST1L_LNGCEF/FST2L_FST1L_LNGCEF_MWL_210deg.yml	2195
02.Mooring Analysis/03.Orcaflex/02-FST's_LNGC/_ss/LC_5y_Intact_r03/FST2L_FST1L_LNGCEF/FST2L_FST1L_LNGCEF_MWL_225deg.sim	2049003726
02.Mooring Analysis/03.Orcaflex/02-FST's_LNGC/_ss/LC_5y_Intact_r03/FST2L_FST1L_LNGCEF/FST2L_FST1L_LNGCEF_MWL_225deg.yml	2195
02.Mooring Analysis/03.Orcaflex/02-FST's_LNGC/_ss/LC_5y_Intact_r03/FST2L_FST1L_LNGCEF/FST2L_FST1L_LNGCEF_MWL_240deg.sim	2049004326
02.Mooring Analysis/03.Orcaflex/02-FST's_LNGC/_ss/LC_5y_Intact_r03/FST2L_FST1L_LNGCEF/FST2L_FST1L_LNGCEF_MWL_240deg.yml	2195
02.Mooring Analysis/03.Orcaflex/02-FST's_LNGC/_ss/LC_5y_Intact_r03/FST2L_FST1L_LNGCEF/FST2L_FST1L_LNGCEF_MWL_255deg.sim	2049001005
02.Mooring Analysis/03.Orcaflex/02-FST's_LNGC/_ss/LC_5y_Intact_r03/FST2L_FST1L_LNGCEF/FST2L_FST1L_LNGCEF_MWL_255deg.yml	2195
02.Mooring Analysis/03.Orcaflex/02-FST's_LNGC/_ss/LC_5y_Intact_r03/FST2L_FST1L_LNGCEF/FST2L_FST1L_LNGCEF_MWL_270deg.sim	2048999097
02.Mooring Analysis/03.Orcaflex/02-FST's_LNGC/_ss/LC_5y_Intact_r03/FST2L_FST1L_LNGCEF/FST2L_FST1L_LNGCEF_MWL_270deg.yml	2195
02.Mooring Analysis/03.Orcaflex/02-FST's_LNGC/_ss/LC_5y_Intact_r03/FST2L_FST1L_LNGCEF/FST2L_FST1L_LNGCEF_MWL_285deg.sim	2049000749
02.Mooring Analysis/03.Orcaflex/02-FST's_LNGC/_ss/LC_5y_Intact_r03/FST2L_FST1L_LNGCEF/FST2L_FST1L_LNGCEF_MWL_285deg.yml	2195
02.Mooring Analysis/03.Orcaflex/02-FST's_LNGC/_ss/LC_5y_Intact_r03/FST2L_FST1L_LNGCEF/FST2L_FST1L_LNGCEF_MWL_300deg.sim	2049000388
02.Mooring Analysis/03.Orcaflex/02-FST's_LNGC/_ss/LC_5y_Intact_r03/FST2L_FST1L_LNGCEF/FST2L_FST1L_LNGCEF_MWL_300deg.yml	2195
02.Mooring Analysis/03.Orcaflex/02-FST's_LNGC/_ss/LC_5y_Intact_r03/FST2L_FST1L_LNGCEF/FST2L_FST1L_LNGCEF_MWL_315deg.sim	2049000172
02.Mooring Analysis/03.Orcaflex/02-FST's_LNGC/_ss/LC_5y_Intact_r03/FST2L_FST1L_LNGCEF/FST2L_FST1L_LNGCEF_MWL_315deg.yml	2195
02.Mooring Analysis/03.Orcaflex/02-FST's_LNGC/_ss/LC_5y_Intact_r03/FST2L_FST1L_LNGCEF/FST2L_FST1L_LNGCEF_MWL_330deg.sim	2049000288
02.Mooring Analysis/03.Orcaflex/02-FST's_LNGC/_ss/LC_5y_Intact_r03/FST2L_FST1L_LNGCEF/FST2L_FST1L_LNGCEF_MWL_330deg.yml	2195
02.Mooring Analysis/03.Orcaflex/02-FST's_LNGC/_ss/LC_5y_Intact_r03/FST2L_FST1L_LNGCEF/FST2L_FST1L_LNGCEF_MWL_345deg.sim	2048999073
02.Mooring Analysis/03.Orcaflex/02-FST's_LNGC/_ss/LC_5y_Intact_r03/FST2L_FST1L_LNGCEF/FST2L_FST1L_LNGCEF_MWL_345deg.yml	2195
02.Mooring Analysis/03.Orcaflex/02-FST's_LNGC/_ss/LC_5y_Intact_r03/FST2L_FST1L_LNGCEF/Thumbs.db	8704
02.Mooring Analysis/03.Orcaflex/02-FST's_LNGC/_ss/LC_5y_Intact_r03/FST2L_FST1L_LNGCPF/CL_FST2L_FST1L_LNGCPF_HWL_015deg.sim	2064703858
02.Mooring Analysis/03.Orcaflex/02-FST's_LNGC/_ss/LC_5y_Intact_r03/FST2L_FST1L_LNGCPF/CL_FST2L_FST1L_LNGCPF_HWL_015deg.yml	2191
02.Mooring Analysis/03.Orcaflex/02-FST's_LNGC/_ss/LC_5y_Intact_r03/FST2L_FST1L_LNGCPF/CL_FST2L_FST1L_LNGCPF_HWL_030deg.sim	2064704836
02.Mooring Analysis/03.Orcaflex/02-FST's_LNGC/_ss/LC_5y_Intact_r03/FST2L_FST1L_LNGCPF/CL_FST2L_FST1L_LNGCPF_HWL_030deg.yml	2191
02.Mooring Analysis/03.Orcaflex/02-FST's_LNGC/_ss/LC_5y_Intact_r03/FST2L_FST1L_LNGCPF/CL_FST2L_FST1L_LNGCPF_HWL_045deg.sim	2064704543
02.Mooring Analysis/03.Orcaflex/02-FST's_LNGC/_ss/LC_5y_Intact_r03/FST2L_FST1L_LNGCPF/CL_FST2L_FST1L_LNGCPF_HWL_045deg.yml	2190
02.Mooring Analysis/03.Orcaflex/02-FST's_LNGC/_ss/LC_5y_Intact_r03/FST2L_FST1L_LNGCPF/CL_FST2L_FST1L_LNGCPF_HWL_090deg.sim	2064703677
02.Mooring Analysis/03.Orcaflex/02-FST's_LNGC/_ss/LC_5y_Intact_r03/FST2L_FST1L_LNGCPF/CL_FST2L_FST1L_LNGCPF_HWL_090deg.yml	2190
02.Mooring Analysis/03.Orcaflex/02-FST's_LNGC/_ss/LC_5y_Intact_r03/FST2L_FST1L_LNGCPF/CL_FST2L_FST1L_LNGCPF_HWL_180deg.sim	2064701895
02.Mooring Analysis/03.Orcaflex/02-FST's_LNGC/_ss/LC_5y_Intact_r03/FST2L_FST1L_LNGCPF/CL_FST2L_FST1L_LNGCPF_HWL_180deg.yml	2193
02.Mooring Analysis/03.Orcaflex/02-FST's_LNGC/_ss/LC_5y_Intact_r03/FST2L_FST1L_LNGCPF/CL_FST2L_FST1L_LNGCPF_LWL_015deg.sim	2063840317
02.Mooring Analysis/03.Orcaflex/02-FST's_LNGC/_ss/LC_5y_Intact_r03/FST2L_FST1L_LNGCPF/CL_FST2L_FST1L_LNGCPF_LWL_015deg.yml	2191
02.Mooring Analysis/03.Orcaflex/02-FST's_LNGC/_ss/LC_5y_Intact_r03/FST2L_FST1L_LNGCPF/CL_FST2L_FST1L_LNGCPF_LWL_030deg.sim	2063842192
02.Mooring Analysis/03.Orcaflex/02-FST's_LNGC/_ss/LC_5y_Intact_r03/FST2L_FST1L_LNGCPF/CL_FST2L_FST1L_LNGCPF_LWL_030deg.yml	2191
02.Mooring Analysis/03.Orcaflex/02-FST's_LNGC/_ss/LC_5y_Intact_r03/FST2L_FST1L_LNGCPF/CL_FST2L_FST1L_LNGCPF_LWL_045deg.sim	2063840673
02.Mooring Analysis/03.Orcaflex/02-FST's_LNGC/_ss/LC_5y_Intact_r03/FST2L_FST1L_LNGCPF/CL_FST2L_FST1L_LNGCPF_LWL_045deg.yml	2190
02.Mooring Analysis/03.Orcaflex/02-FST's_LNGC/_ss/LC_5y_Intact_r03/FST2L_FST1L_LNGCPF/CL_FST2L_FST1L_LNGCPF_LWL_090deg.sim	2063839741
02.Mooring Analysis/03.Orcaflex/02-FST's_LNGC/_ss/LC_5y_Intact_r03/FST2L_FST1L_LNGCPF/CL_FST2L_FST1L_LNGCPF_LWL_090deg.yml	2190
02.Mooring Analysis/03.Orcaflex/02-FST's_LNGC/_ss/LC_5y_Intact_r03/FST2L_FST1L_LNGCPF/CL_FST2L_FST1L_LNGCPF_LWL_180deg.sim	2063837542
02.Mooring Analysis/03.Orcaflex/02-FST's_LNGC/_ss/LC_5y_Intact_r03/FST2L_FST1L_LNGCPF/CL_FST2L_FST1L_LNGCPF_LWL_180deg.yml	2193
02.Mooring Analysis/03.Orcaflex/02-FST's_LNGC/_ss/LC_5y_Intact_r03/FST2L_FST1L_LNGCPF/CL_FST2L_FST1L_LNGCPF_MWL_015deg.sim	2065222377
02.Mooring Analysis/03.Orcaflex/02-FST's_LNGC/_ss/LC_5y_Intact_r03/FST2L_FST1L_LNGCPF/CL_FST2L_FST1L_LNGCPF_MWL_015deg.yml	2191
02.Mooring Analysis/03.Orcaflex/02-FST's_LNGC/_ss/LC_5y_Intact_r03/FST2L_FST1L_LNGCPF/CL_FST2L_FST1L_LNGCPF_MWL_030deg.sim	2065222548
02.Mooring Analysis/03.Orcaflex/02-FST's_LNGC/_ss/LC_5y_Intact_r03/FST2L_FST1L_LNGCPF/CL_FST2L_FST1L_LNGCPF_MWL_030deg.yml	2191
02.Mooring Analysis/03.Orcaflex/02-FST's_LNGC/_ss/LC_5y_Intact_r03/FST2L_FST1L_LNGCPF/CL_FST2L_FST1L_LNGCPF_MWL_045deg.sim	2065222262
02.Mooring Analysis/03.Orcaflex/02-FST's_LNGC/_ss/LC_5y_Intact_r03/FST2L_FST1L_LNGCPF/CL_FST2L_FST1L_LNGCPF_MWL_045deg.yml	2190
02.Mooring Analysis/03.Orcaflex/02-FST's_LNGC/_ss/LC_5y_Intact_r03/FST2L_FST1L_LNGCPF/CL_FST2L_FST1L_LNGCPF_MWL_090deg.sim	2065221078
02.Mooring Analysis/03.Orcaflex/02-FST's_LNGC/_ss/LC_5y_Intact_r03/FST2L_FST1L_LNGCPF/CL_FST2L_FST1L_LNGCPF_MWL_090deg.yml	2190
02.Mooring Analysis/03.Orcaflex/02-FST's_LNGC/_ss/LC_5y_Intact_r03/FST2L_FST1L_LNGCPF/CL_FST2L_FST1L_LNGCPF_MWL_180deg.sim	2065218713
02.Mooring Analysis/03.Orcaflex/02-FST's_LNGC/_ss/LC_5y_Intact_r03/FST2L_FST1L_LNGCPF/CL_FST2L_FST1L_LNGCPF_MWL_180deg.yml	2193
02.Mooring Analysis/03.Orcaflex/02-FST's_LNGC/_ss/LC_5y_Intact_r03/FST2L_FST1L_LNGCPF/FST2L_FST1L_LNGCPF_HWL_000deg.sim	2064701121
02.Mooring Analysis/03.Orcaflex/02-FST's_LNGC/_ss/LC_5y_Intact_r03/FST2L_FST1L_LNGCPF/FST2L_FST1L_LNGCPF_HWL_000deg.yml	2189
02.Mooring Analysis/03.Orcaflex/02-FST's_LNGC/_ss/LC_5y_Intact_r03/FST2L_FST1L_LNGCPF/FST2L_FST1L_LNGCPF_HWL_015deg.sim	2064704700
02.Mooring Analysis/03.Orcaflex/02-FST's_LNGC/_ss/LC_5y_Intact_r03/FST2L_FST1L_LNGCPF/FST2L_FST1L_LNGCPF_HWL_015deg.yml	2191
02.Mooring Analysis/03.Orcaflex/02-FST's_LNGC/_ss/LC_5y_Intact_r03/FST2L_FST1L_LNGCPF/FST2L_FST1L_LNGCPF_HWL_030deg.sim	2064705102
02.Mooring Analysis/03.Orcaflex/02-FST's_LNGC/_ss/LC_5y_Intact_r03/FST2L_FST1L_LNGCPF/FST2L_FST1L_LNGCPF_HWL_030deg.yml	2191
02.Mooring Analysis/03.Orcaflex/02-FST's_LNGC/_ss/LC_5y_Intact_r03/FST2L_FST1L_LNGCPF/FST2L_FST1L_LNGCPF_HWL_045deg.sim	2064704435
02.Mooring Analysis/03.Orcaflex/02-FST's_LNGC/_ss/LC_5y_Intact_r03/FST2L_FST1L_LNGCPF/FST2L_FST1L_LNGCPF_HWL_045deg.yml	2190
02.Mooring Analysis/03.Orcaflex/02-FST's_LNGC/_ss/LC_5y_Intact_r03/FST2L_FST1L_LNGCPF/FST2L_FST1L_LNGCPF_HWL_060deg.sim	2064704543
02.Mooring Analysis/03.Orcaflex/02-FST's_LNGC/_ss/LC_5y_Intact_r03/FST2L_FST1L_LNGCPF/FST2L_FST1L_LNGCPF_HWL_060deg.yml	2190
02.Mooring Analysis/03.Orcaflex/02-FST's_LNGC/_ss/LC_5y_Intact_r03/FST2L_FST1L_LNGCPF/FST2L_FST1L_LNGCPF_HWL_075deg.sim	2064704855
02.Mooring Analysis/03.Orcaflex/02-FST's_LNGC/_ss/LC_5y_Intact_r03/FST2L_FST1L_LNGCPF/FST2L_FST1L_LNGCPF_HWL_075deg.yml	2190
02.Mooring Analysis/03.Orcaflex/02-FST's_LNGC/_ss/LC_5y_Intact_r03/FST2L_FST1L_LNGCPF/FST2L_FST1L_LNGCPF_HWL_090deg.sim	2064706683
02.Mooring Analysis/03.Orcaflex/02-FST's_LNGC/_ss/LC_5y_Intact_r03/FST2L_FST1L_LNGCPF/FST2L_FST1L_LNGCPF_HWL_090deg.yml	2190
02.Mooring Analysis/03.Orcaflex/02-FST's_LNGC/_ss/LC_5y_Intact_r03/FST2L_FST1L_LNGCPF/FST2L_FST1L_LNGCPF_HWL_105deg.sim	2064706701
02.Mooring Analysis/03.Orcaflex/02-FST's_LNGC/_ss/LC_5y_Intact_r03/FST2L_FST1L_LNGCPF/FST2L_FST1L_LNGCPF_HWL_105deg.yml	2193
02.Mooring Analysis/03.Orcaflex/02-FST's_LNGC/_ss/LC_5y_Intact_r03/FST2L_FST1L_LNGCPF/FST2L_FST1L_LNGCPF_HWL_120deg.sim	2064705933
02.Mooring Analysis/03.Orcaflex/02-FST's_LNGC/_ss/LC_5y_Intact_r03/FST2L_FST1L_LNGCPF/FST2L_FST1L_LNGCPF_HWL_120deg.yml	2193
02.Mooring Analysis/03.Orcaflex/02-FST's_LNGC/_ss/LC_5y_Intact_r03/FST2L_FST1L_LNGCPF/FST2L_FST1L_LNGCPF_HWL_135deg.sim	2064706541
02.Mooring Analysis/03.Orcaflex/02-FST's_LNGC/_ss/LC_5y_Intact_r03/FST2L_FST1L_LNGCPF/FST2L_FST1L_LNGCPF_HWL_135deg.yml	2193
02.Mooring Analysis/03.Orcaflex/02-FST's_LNGC/_ss/LC_5y_Intact_r03/FST2L_FST1L_LNGCPF/FST2L_FST1L_LNGCPF_HWL_150deg.sim	2064705636
02.Mooring Analysis/03.Orcaflex/02-FST's_LNGC/_ss/LC_5y_Intact_r03/FST2L_FST1L_LNGCPF/FST2L_FST1L_LNGCPF_HWL_150deg.yml	2193
02.Mooring Analysis/03.Orcaflex/02-FST's_LNGC/_ss/LC_5y_Intact_r03/FST2L_FST1L_LNGCPF/FST2L_FST1L_LNGCPF_HWL_165deg.sim	2064704889
02.Mooring Analysis/03.Orcaflex/02-FST's_LNGC/_ss/LC_5y_Intact_r03/FST2L_FST1L_LNGCPF/FST2L_FST1L_LNGCPF_HWL_165deg.yml	2193
02.Mooring Analysis/03.Orcaflex/02-FST's_LNGC/_ss/LC_5y_Intact_r03/FST2L_FST1L_LNGCPF/FST2L_FST1L_LNGCPF_HWL_180deg.sim	2064704310
02.Mooring Analysis/03.Orcaflex/02-FST's_LNGC/_ss/LC_5y_Intact_r03/FST2L_FST1L_LNGCPF/FST2L_FST1L_LNGCPF_HWL_180deg.yml	2193
02.Mooring Analysis/03.Orcaflex/02-FST's_LNGC/_ss/LC_5y_Intact_r03/FST2L_FST1L_LNGCPF/FST2L_FST1L_LNGCPF_HWL_195deg.sim	2064704439
02.Mooring Analysis/03.Orcaflex/02-FST's_LNGC/_ss/LC_5y_Intact_r03/FST2L_FST1L_LNGCPF/FST2L_FST1L_LNGCPF_HWL_195deg.yml	2193
02.Mooring Analysis/03.Orcaflex/02-FST's_LNGC/_ss/LC_5y_Intact_r03/FST2L_FST1L_LNGCPF/FST2L_FST1L_LNGCPF_HWL_210deg.sim	2064703504
02.Mooring Analysis/03.Orcaflex/02-FST's_LNGC/_ss/LC_5y_Intact_r03/FST2L_FST1L_LNGCPF/FST2L_FST1L_LNGCPF_HWL_210deg.yml	2193
02.Mooring Analysis/03.Orcaflex/02-FST's_LNGC/_ss/LC_5y_Intact_r03/FST2L_FST1L_LNGCPF/FST2L_FST1L_LNGCPF_HWL_225deg.sim	2064704457
02.Mooring Analysis/03.Orcaflex/02-FST's_LNGC/_ss/LC_5y_Intact_r03/FST2L_FST1L_LNGCPF/FST2L_FST1L_LNGCPF_HWL_225deg.yml	2193
02.Mooring Analysis/03.Orcaflex/02-FST's_LNGC/_ss/LC_5y_Intact_r03/FST2L_FST1L_LNGCPF/FST2L_FST1L_LNGCPF_HWL_240deg.sim	2064705735
02.Mooring Analysis/03.Orcaflex/02-FST's_LNGC/_ss/LC_5y_Intact_r03/FST2L_FST1L_LNGCPF/FST2L_FST1L_LNGCPF_HWL_240deg.yml	2193
02.Mooring Analysis/03.Orcaflex/02-FST's_LNGC/_ss/LC_5y_Intact_r03/FST2L_FST1L_LNGCPF/FST2L_FST1L_LNGCPF_HWL_255deg.sim	2064704358
02.Mooring Analysis/03.Orcaflex/02-FST's_LNGC/_ss/LC_5y_Intact_r03/FST2L_FST1L_LNGCPF/FST2L_FST1L_LNGCPF_HWL_255deg.yml	2193
02.Mooring Analysis/03.Orcaflex/02-FST's_LNGC/_ss/LC_5y_Intact_r03/FST2L_FST1L_LNGCPF/FST2L_FST1L_LNGCPF_HWL_270deg.sim	2064702745
02.Mooring Analysis/03.Orcaflex/02-FST's_LNGC/_ss/LC_5y_Intact_r03/FST2L_FST1L_LNGCPF/FST2L_FST1L_LNGCPF_HWL_270deg.yml	2193
02.Mooring Analysis/03.Orcaflex/02-FST's_LNGC/_ss/LC_5y_Intact_r03/FST2L_FST1L_LNGCPF/FST2L_FST1L_LNGCPF_HWL_285deg.sim	2064702930
02.Mooring Analysis/03.Orcaflex/02-FST's_LNGC/_ss/LC_5y_Intact_r03/FST2L_FST1L_LNGCPF/FST2L_FST1L_LNGCPF_HWL_285deg.yml	2193
02.Mooring Analysis/03.Orcaflex/02-FST's_LNGC/_ss/LC_5y_Intact_r03/FST2L_FST1L_LNGCPF/FST2L_FST1L_LNGCPF_HWL_300deg.sim	2064704725
02.Mooring Analysis/03.Orcaflex/02-FST's_LNGC/_ss/LC_5y_Intact_r03/FST2L_FST1L_LNGCPF/FST2L_FST1L_LNGCPF_HWL_300deg.yml	2193
02.Mooring Analysis/03.Orcaflex/02-FST's_LNGC/_ss/LC_5y_Intact_r03/FST2L_FST1L_LNGCPF/FST2L_FST1L_LNGCPF_HWL_315deg.sim	2064703198
02.Mooring Analysis/03.Orcaflex/02-FST's_LNGC/_ss/LC_5y_Intact_r03/FST2L_FST1L_LNGCPF/FST2L_FST1L_LNGCPF_HWL_315deg.yml	2193
02.Mooring Analysis/03.Orcaflex/02-FST's_LNGC/_ss/LC_5y_Intact_r03/FST2L_FST1L_LNGCPF/FST2L_FST1L_LNGCPF_HWL_330deg.sim	2064704750
02.Mooring Analysis/03.Orcaflex/02-FST's_LNGC/_ss/LC_5y_Intact_r03/FST2L_FST1L_LNGCPF/FST2L_FST1L_LNGCPF_HWL_330deg.yml	2193
02.Mooring Analysis/03.Orcaflex/02-FST's_LNGC/_ss/LC_5y_Intact_r03/FST2L_FST1L_LNGCPF/FST2L_FST1L_LNGCPF_HWL_345deg.sim	2064702898
02.Mooring Analysis/03.Orcaflex/02-FST's_LNGC/_ss/LC_5y_Intact_r03/FST2L_FST1L_LNGCPF/FST2L_FST1L_LNGCPF_HWL_345deg.yml	2193
02.Mooring Analysis/03.Orcaflex/02-FST's_LNGC/_ss/LC_5y_Intact_r03/FST2L_FST1L_LNGCPF/FST2L_FST1L_LNGCPF_LWL_000deg.sim	2063837171
02.Mooring Analysis/03.Orcaflex/02-FST's_LNGC/_ss/LC_5y_Intact_r03/FST2L_FST1L_LNGCPF/FST2L_FST1L_LNGCPF_LWL_000deg.yml	2189
02.Mooring Analysis/03.Orcaflex/02-FST's_LNGC/_ss/LC_5y_Intact_r03/FST2L_FST1L_LNGCPF/FST2L_FST1L_LNGCPF_LWL_015deg.sim	2063839864
02.Mooring Analysis/03.Orcaflex/02-FST's_LNGC/_ss/LC_5y_Intact_r03/FST2L_FST1L_LNGCPF/FST2L_FST1L_LNGCPF_LWL_015deg.yml	2191
02.Mooring Analysis/03.Orcaflex/02-FST's_LNGC/_ss/LC_5y_Intact_r03/FST2L_FST1L_LNGCPF/FST2L_FST1L_LNGCPF_LWL_030deg.sim	2063840734
02.Mooring Analysis/03.Orcaflex/02-FST's_LNGC/_ss/LC_5y_Intact_r03/FST2L_FST1L_LNGCPF/FST2L_FST1L_LNGCPF_LWL_030deg.yml	2191
02.Mooring Analysis/03.Orcaflex/02-FST's_LNGC/_ss/LC_5y_Intact_r03/FST2L_FST1L_LNGCPF/FST2L_FST1L_LNGCPF_LWL_045deg.sim	2063841107
02.Mooring Analysis/03.Orcaflex/02-FST's_LNGC/_ss/LC_5y_Intact_r03/FST2L_FST1L_LNGCPF/FST2L_FST1L_LNGCPF_LWL_045deg.yml	2190
02.Mooring Analysis/03.Orcaflex/02-FST's_LNGC/_ss/LC_5y_Intact_r03/FST2L_FST1L_LNGCPF/FST2L_FST1L_LNGCPF_LWL_060deg.sim	2063841755
02.Mooring Analysis/03.Orcaflex/02-FST's_LNGC/_ss/LC_5y_Intact_r03/FST2L_FST1L_LNGCPF/FST2L_FST1L_LNGCPF_LWL_060deg.yml	2190
02.Mooring Analysis/03.Orcaflex/02-FST's_LNGC/_ss/LC_5y_Intact_r03/FST2L_FST1L_LNGCPF/FST2L_FST1L_LNGCPF_LWL_075deg.sim	2063839615
02.Mooring Analysis/03.Orcaflex/02-FST's_LNGC/_ss/LC_5y_Intact_r03/FST2L_FST1L_LNGCPF/FST2L_FST1L_LNGCPF_LWL_075deg.yml	2190
02.Mooring Analysis/03.Orcaflex/02-FST's_LNGC/_ss/LC_5y_Intact_r03/FST2L_FST1L_LNGCPF/FST2L_FST1L_LNGCPF_LWL_090deg.sim	2063841147
02.Mooring Analysis/03.Orcaflex/02-FST's_LNGC/_ss/LC_5y_Intact_r03/FST2L_FST1L_LNGCPF/FST2L_FST1L_LNGCPF_LWL_090deg.yml	2190
02.Mooring Analysis/03.Orcaflex/02-FST's_LNGC/_ss/LC_5y_Intact_r03/FST2L_FST1L_LNGCPF/FST2L_FST1L_LNGCPF_LWL_105deg.sim	2063841962
02.Mooring Analysis/03.Orcaflex/02-FST's_LNGC/_ss/LC_5y_Intact_r03/FST2L_FST1L_LNGCPF/FST2L_FST1L_LNGCPF_LWL_105deg.yml	2193
02.Mooring Analysis/03.Orcaflex/02-FST's_LNGC/_ss/LC_5y_Intact_r03/FST2L_FST1L_LNGCPF/FST2L_FST1L_LNGCPF_LWL_120deg.sim	2063841773
02.Mooring Analysis/03.Orcaflex/02-FST's_LNGC/_ss/LC_5y_Intact_r03/FST2L_FST1L_LNGCPF/FST2L_FST1L_LNGCPF_LWL_120deg.yml	2193
02.Mooring Analysis/03.Orcaflex/02-FST's_LNGC/_ss/LC_5y_Intact_r03/FST2L_FST1L_LNGCPF/FST2L_FST1L_LNGCPF_LWL_135deg.sim	2063841836
02.Mooring Analysis/03.Orcaflex/02-FST's_LNGC/_ss/LC_5y_Intact_r03/FST2L_FST1L_LNGCPF/FST2L_FST1L_LNGCPF_LWL_135deg.yml	2193
02.Mooring Analysis/03.Orcaflex/02-FST's_LNGC/_ss/LC_5y_Intact_r03/FST2L_FST1L_LNGCPF/FST2L_FST1L_LNGCPF_LWL_150deg.sim	2063841690
02.Mooring Analysis/03.Orcaflex/02-FST's_LNGC/_ss/LC_5y_Intact_r03/FST2L_FST1L_LNGCPF/FST2L_FST1L_LNGCPF_LWL_150deg.yml	2193
02.Mooring Analysis/03.Orcaflex/02-FST's_LNGC/_ss/LC_5y_Intact_r03/FST2L_FST1L_LNGCPF/FST2L_FST1L_LNGCPF_LWL_165deg.sim	2063841413
02.Mooring Analysis/03.Orcaflex/02-FST's_LNGC/_ss/LC_5y_Intact_r03/FST2L_FST1L_LNGCPF/FST2L_FST1L_LNGCPF_LWL_165deg.yml	2193
02.Mooring Analysis/03.Orcaflex/02-FST's_LNGC/_ss/LC_5y_Intact_r03/FST2L_FST1L_LNGCPF/FST2L_FST1L_LNGCPF_LWL_180deg.sim	2063838259
02.Mooring Analysis/03.Orcaflex/02-FST's_LNGC/_ss/LC_5y_Intact_r03/FST2L_FST1L_LNGCPF/FST2L_FST1L_LNGCPF_LWL_180deg.yml	2193
02.Mooring Analysis/03.Orcaflex/02-FST's_LNGC/_ss/LC_5y_Intact_r03/FST2L_FST1L_LNGCPF/FST2L_FST1L_LNGCPF_LWL_195deg.sim	2063840904
02.Mooring Analysis/03.Orcaflex/02-FST's_LNGC/_ss/LC_5y_Intact_r03/FST2L_FST1L_LNGCPF/FST2L_FST1L_LNGCPF_LWL_195deg.yml	2193
02.Mooring Analysis/03.Orcaflex/02-FST's_LNGC/_ss/LC_5y_Intact_r03/FST2L_FST1L_LNGCPF/FST2L_FST1L_LNGCPF_LWL_210deg.sim	2063838712
02.Mooring Analysis/03.Orcaflex/02-FST's_LNGC/_ss/LC_5y_Intact_r03/FST2L_FST1L_LNGCPF/FST2L_FST1L_LNGCPF_LWL_210deg.yml	2193
02.Mooring Analysis/03.Orcaflex/02-FST's_LNGC/_ss/LC_5y_Intact_r03/FST2L_FST1L_LNGCPF/FST2L_FST1L_LNGCPF_LWL_225deg.sim	2063840621
02.Mooring Analysis/03.Orcaflex/02-FST's_LNGC/_ss/LC_5y_Intact_r03/FST2L_FST1L_LNGCPF/FST2L_FST1L_LNGCPF_LWL_225deg.yml	2193
02.Mooring Analysis/03.Orcaflex/02-FST's_LNGC/_ss/LC_5y_Intact_r03/FST2L_FST1L_LNGCPF/FST2L_FST1L_LNGCPF_LWL_240deg.sim	2063841821
02.Mooring Analysis/03.Orcaflex/02-FST's_LNGC/_ss/LC_5y_Intact_r03/FST2L_FST1L_LNGCPF/FST2L_FST1L_LNGCPF_LWL_240deg.yml	2193
02.Mooring Analysis/03.Orcaflex/02-FST's_LNGC/_ss/LC_5y_Intact_r03/FST2L_FST1L_LNGCPF/FST2L_FST1L_LNGCPF_LWL_255deg.sim	2063838555
02.Mooring Analysis/03.Orcaflex/02-FST's_LNGC/_ss/LC_5y_Intact_r03/FST2L_FST1L_LNGCPF/FST2L_FST1L_LNGCPF_LWL_255deg.yml	2193
02.Mooring Analysis/03.Orcaflex/02-FST's_LNGC/_ss/LC_5y_Intact_r03/FST2L_FST1L_LNGCPF/FST2L_FST1L_LNGCPF_LWL_270deg.sim	2063836745
02.Mooring Analysis/03.Orcaflex/02-FST's_LNGC/_ss/LC_5y_Intact_r03/FST2L_FST1L_LNGCPF/FST2L_FST1L_LNGCPF_LWL_270deg.yml	2193
02.Mooring Analysis/03.Orcaflex/02-FST's_LNGC/_ss/LC_5y_Intact_r03/FST2L_FST1L_LNGCPF/FST2L_FST1L_LNGCPF_LWL_285deg.sim	2063838133
02.Mooring Analysis/03.Orcaflex/02-FST's_LNGC/_ss/LC_5y_Intact_r03/FST2L_FST1L_LNGCPF/FST2L_FST1L_LNGCPF_LWL_285deg.yml	2193
02.Mooring Analysis/03.Orcaflex/02-FST's_LNGC/_ss/LC_5y_Intact_r03/FST2L_FST1L_LNGCPF/FST2L_FST1L_LNGCPF_LWL_300deg.sim	2063838949
02.Mooring Analysis/03.Orcaflex/02-FST's_LNGC/_ss/LC_5y_Intact_r03/FST2L_FST1L_LNGCPF/FST2L_FST1L_LNGCPF_LWL_300deg.yml	2193
02.Mooring Analysis/03.Orcaflex/02-FST's_LNGC/_ss/LC_5y_Intact_r03/FST2L_FST1L_LNGCPF/FST2L_FST1L_LNGCPF_LWL_315deg.sim	2063839308
02.Mooring Analysis/03.Orcaflex/02-FST's_LNGC/_ss/LC_5y_Intact_r03/FST2L_FST1L_LNGCPF/FST2L_FST1L_LNGCPF_LWL_315deg.yml	2193
02.Mooring Analysis/03.Orcaflex/02-FST's_LNGC/_ss/LC_5y_Intact_r03/FST2L_FST1L_LNGCPF/FST2L_FST1L_LNGCPF_LWL_330deg.sim	2063839413
02.Mooring Analysis/03.Orcaflex/02-FST's_LNGC/_ss/LC_5y_Intact_r03/FST2L_FST1L_LNGCPF/FST2L_FST1L_LNGCPF_LWL_330deg.yml	2193
02.Mooring Analysis/03.Orcaflex/02-FST's_LNGC/_ss/LC_5y_Intact_r03/FST2L_FST1L_LNGCPF/FST2L_FST1L_LNGCPF_LWL_345deg.sim	2063838910
02.Mooring Analysis/03.Orcaflex/02-FST's_LNGC/_ss/LC_5y_Intact_r03/FST2L_FST1L_LNGCPF/FST2L_FST1L_LNGCPF_LWL_345deg.yml	2193
02.Mooring Analysis/03.Orcaflex/02-FST's_LNGC/_ss/LC_5y_Intact_r03/FST2L_FST1L_LNGCPF/FST2L_FST1L_LNGCPF_MWL_000deg.sim	2065218051
02.Mooring Analysis/03.Orcaflex/02-FST's_LNGC/_ss/LC_5y_Intact_r03/FST2L_FST1L_LNGCPF/FST2L_FST1L_LNGCPF_MWL_000deg.yml	2189
02.Mooring Analysis/03.Orcaflex/02-FST's_LNGC/_ss/LC_5y_Intact_r03/FST2L_FST1L_LNGCPF/FST2L_FST1L_LNGCPF_MWL_015deg.sim	2065238475
02.Mooring Analysis/03.Orcaflex/02-FST's_LNGC/_ss/LC_5y_Intact_r03/FST2L_FST1L_LNGCPF/FST2L_FST1L_LNGCPF_MWL_015deg.yml	2191
02.Mooring Analysis/03.Orcaflex/02-FST's_LNGC/_ss/LC_5y_Intact_r03/FST2L_FST1L_LNGCPF/FST2L_FST1L_LNGCPF_MWL_030deg.sim	2065239562
02.Mooring Analysis/03.Orcaflex/02-FST's_LNGC/_ss/LC_5y_Intact_r03/FST2L_FST1L_LNGCPF/FST2L_FST1L_LNGCPF_MWL_030deg.yml	2191
02.Mooring Analysis/03.Orcaflex/02-FST's_LNGC/_ss/LC_5y_Intact_r03/FST2L_FST1L_LNGCPF/FST2L_FST1L_LNGCPF_MWL_045deg.sim	2065237905
02.Mooring Analysis/03.Orcaflex/02-FST's_LNGC/_ss/LC_5y_Intact_r03/FST2L_FST1L_LNGCPF/FST2L_FST1L_LNGCPF_MWL_045deg.yml	2190
02.Mooring Analysis/03.Orcaflex/02-FST's_LNGC/_ss/LC_5y_Intact_r03/FST2L_FST1L_LNGCPF/FST2L_FST1L_LNGCPF_MWL_060deg.sim	2065237446
02.Mooring Analysis/03.Orcaflex/02-FST's_LNGC/_ss/LC_5y_Intact_r03/FST2L_FST1L_LNGCPF/FST2L_FST1L_LNGCPF_MWL_060deg.yml	2190
02.Mooring Analysis/03.Orcaflex/02-FST's_LNGC/_ss/LC_5y_Intact_r03/FST2L_FST1L_LNGCPF/FST2L_FST1L_LNGCPF_MWL_075deg.sim	2065237312
02.Mooring Analysis/03.Orcaflex/02-FST's_LNGC/_ss/LC_5y_Intact_r03/FST2L_FST1L_LNGCPF/FST2L_FST1L_LNGCPF_MWL_075deg.yml	2190
02.Mooring Analysis/03.Orcaflex/02-FST's_LNGC/_ss/LC_5y_Intact_r03/FST2L_FST1L_LNGCPF/FST2L_FST1L_LNGCPF_MWL_090deg.sim	2065239488
02.Mooring Analysis/03.Orcaflex/02-FST's_LNGC/_ss/LC_5y_Intact_r03/FST2L_FST1L_LNGCPF/FST2L_FST1L_LNGCPF_MWL_090deg.yml	2190
02.Mooring Analysis/03.Orcaflex/02-FST's_LNGC/_ss/LC_5y_Intact_r03/FST2L_FST1L_LNGCPF/FST2L_FST1L_LNGCPF_MWL_105deg.sim	2065240321
02.Mooring Analysis/03.Orcaflex/02-FST's_LNGC/_ss/LC_5y_Intact_r03/FST2L_FST1L_LNGCPF/FST2L_FST1L_LNGCPF_MWL_105deg.yml	2193
02.Mooring Analysis/03.Orcaflex/02-FST's_LNGC/_ss/LC_5y_Intact_r03/FST2L_FST1L_LNGCPF/FST2L_FST1L_LNGCPF_MWL_120deg.sim	2065239531
02.Mooring Analysis/03.Orcaflex/02-FST's_LNGC/_ss/LC_5y_Intact_r03/FST2L_FST1L_LNGCPF/FST2L_FST1L_LNGCPF_MWL_120deg.yml	2193
02.Mooring Analysis/03.Orcaflex/02-FST's_LNGC/_ss/LC_5y_Intact_r03/FST2L_FST1L_LNGCPF/FST2L_FST1L_LNGCPF_MWL_135deg.sim	2065239896
02.Mooring Analysis/03.Orcaflex/02-FST's_LNGC/_ss/LC_5y_Intact_r03/FST2L_FST1L_LNGCPF/FST2L_FST1L_LNGCPF_MWL_135deg.yml	2193
02.Mooring Analysis/03.Orcaflex/02-FST's_LNGC/_ss/LC_5y_Intact_r03/FST2L_FST1L_LNGCPF/FST2L_FST1L_LNGCPF_MWL_150deg.sim	2065238640
02.Mooring Analysis/03.Orcaflex/02-FST's_LNGC/_ss/LC_5y_Intact_r03/FST2L_FST1L_LNGCPF/FST2L_FST1L_LNGCPF_MWL_150deg.yml	2193
02.Mooring Analysis/03.Orcaflex/02-FST's_LNGC/_ss/LC_5y_Intact_r03/FST2L_FST1L_LNGCPF/FST2L_FST1L_LNGCPF_MWL_165deg.sim	2065238270
02.Mooring Analysis/03.Orcaflex/02-FST's_LNGC/_ss/LC_5y_Intact_r03/FST2L_FST1L_LNGCPF/FST2L_FST1L_LNGCPF_MWL_165deg.yml	2193
02.Mooring Analysis/03.Orcaflex/02-FST's_LNGC/_ss/LC_5y_Intact_r03/FST2L_FST1L_LNGCPF/FST2L_FST1L_LNGCPF_MWL_180deg.sim	2065237181
02.Mooring Analysis/03.Orcaflex/02-FST's_LNGC/_ss/LC_5y_Intact_r03/FST2L_FST1L_LNGCPF/FST2L_FST1L_LNGCPF_MWL_180deg.yml	2193
02.Mooring Analysis/03.Orcaflex/02-FST's_LNGC/_ss/LC_5y_Intact_r03/FST2L_FST1L_LNGCPF/FST2L_FST1L_LNGCPF_MWL_195deg.sim	2065221752
02.Mooring Analysis/03.Orcaflex/02-FST's_LNGC/_ss/LC_5y_Intact_r03/FST2L_FST1L_LNGCPF/FST2L_FST1L_LNGCPF_MWL_195deg.yml	2193
02.Mooring Analysis/03.Orcaflex/02-FST's_LNGC/_ss/LC_5y_Intact_r03/FST2L_FST1L_LNGCPF/FST2L_FST1L_LNGCPF_MWL_210deg.sim	2065221431
02.Mooring Analysis/03.Orcaflex/02-FST's_LNGC/_ss/LC_5y_Intact_r03/FST2L_FST1L_LNGCPF/FST2L_FST1L_LNGCPF_MWL_210deg.yml	2193
02.Mooring Analysis/03.Orcaflex/02-FST's_LNGC/_ss/LC_5y_Intact_r03/FST2L_FST1L_LNGCPF/FST2L_FST1L_LNGCPF_MWL_225deg.sim	2065222660
02.Mooring Analysis/03.Orcaflex/02-FST's_LNGC/_ss/LC_5y_Intact_r03/FST2L_FST1L_LNGCPF/FST2L_FST1L_LNGCPF_MWL_225deg.yml	2193
02.Mooring Analysis/03.Orcaflex/02-FST's_LNGC/_ss/LC_5y_Intact_r03/FST2L_FST1L_LNGCPF/FST2L_FST1L_LNGCPF_MWL_240deg.sim	2065223437
02.Mooring Analysis/03.Orcaflex/02-FST's_LNGC/_ss/LC_5y_Intact_r03/FST2L_FST1L_LNGCPF/FST2L_FST1L_LNGCPF_MWL_240deg.yml	2193
02.Mooring Analysis/03.Orcaflex/02-FST's_LNGC/_ss/LC_5y_Intact_r03/FST2L_FST1L_LNGCPF/FST2L_FST1L_LNGCPF_MWL_255deg.sim	2065221575
02.Mooring Analysis/03.Orcaflex/02-FST's_LNGC/_ss/LC_5y_Intact_r03/FST2L_FST1L_LNGCPF/FST2L_FST1L_LNGCPF_MWL_255deg.yml	2193
02.Mooring Analysis/03.Orcaflex/02-FST's_LNGC/_ss/LC_5y_Intact_r03/FST2L_FST1L_LNGCPF/FST2L_FST1L_LNGCPF_MWL_270deg.sim	2065219693
02.Mooring Analysis/03.Orcaflex/02-FST's_LNGC/_ss/LC_5y_Intact_r03/FST2L_FST1L_LNGCPF/FST2L_FST1L_LNGCPF_MWL_270deg.yml	2193
02.Mooring Analysis/03.Orcaflex/02-FST's_LNGC/_ss/LC_5y_Intact_r03/FST2L_FST1L_LNGCPF/FST2L_FST1L_LNGCPF_MWL_285deg.sim	2065221285
02.Mooring Analysis/03.Orcaflex/02-FST's_LNGC/_ss/LC_5y_Intact_r03/FST2L_FST1L_LNGCPF/FST2L_FST1L_LNGCPF_MWL_285deg.yml	2193
02.Mooring Analysis/03.Orcaflex/02-FST's_LNGC/_ss/LC_5y_Intact_r03/FST2L_FST1L_LNGCPF/FST2L_FST1L_LNGCPF_MWL_300deg.sim	2065222186
02.Mooring Analysis/03.Orcaflex/02-FST's_LNGC/_ss/LC_5y_Intact_r03/FST2L_FST1L_LNGCPF/FST2L_FST1L_LNGCPF_MWL_300deg.yml	2193
02.Mooring Analysis/03.Orcaflex/02-FST's_LNGC/_ss/LC_5y_Intact_r03/FST2L_FST1L_LNGCPF/FST2L_FST1L_LNGCPF_MWL_315deg.sim	2065222141
02.Mooring Analysis/03.Orcaflex/02-FST's_LNGC/_ss/LC_5y_Intact_r03/FST2L_FST1L_LNGCPF/FST2L_FST1L_LNGCPF_MWL_315deg.yml	2193
02.Mooring Analysis/03.Orcaflex/02-FST's_LNGC/_ss/LC_5y_Intact_r03/FST2L_FST1L_LNGCPF/FST2L_FST1L_LNGCPF_MWL_330deg.sim	2065222326
02.Mooring Analysis/03.Orcaflex/02-FST's_LNGC/_ss/LC_5y_Intact_r03/FST2L_FST1L_LNGCPF/FST2L_FST1L_LNGCPF_MWL_330deg.yml	2193
02.Mooring Analysis/03.Orcaflex/02-FST's_LNGC/_ss/LC_5y_Intact_r03/FST2L_FST1L_LNGCPF/FST2L_FST1L_LNGCPF_MWL_345deg.sim	2065221558
02.Mooring Analysis/03.Orcaflex/02-FST's_LNGC/_ss/LC_5y_Intact_r03/FST2L_FST1L_LNGCPF/FST2L_FST1L_LNGCPF_MWL_345deg.yml	2193
02.Mooring Analysis/03.Orcaflex/02-FST's_LNGC/_ss/LC_5y_Intact_r03/FST2L_FST1L_LNGCPF/Thumbs.db	20480
02.Mooring Analysis/03.Orcaflex/03-Sensitivity/Lock-out/FST2L_FST1L_HWL_J1_000deg.sim	1065923039
02.Mooring Analysis/03.Orcaflex/03-Sensitivity/Lock-out/FST2L_FST1L_HWL_J1_000deg.yml	2493
02.Mooring Analysis/03.Orcaflex/03-Sensitivity/Lock-out/FST2L_FST1L_HWL_J1_045deg.sim	1065925527
02.Mooring Analysis/03.Orcaflex/03-Sensitivity/Lock-out/FST2L_FST1L_HWL_J1_045deg.yml	2495
02.Mooring Analysis/03.Orcaflex/03-Sensitivity/Lock-out/FST2L_FST1L_HWL_J1_065deg.sim	1065925673
02.Mooring Analysis/03.Orcaflex/03-Sensitivity/Lock-out/FST2L_FST1L_HWL_J1_065deg.yml	2495
02.Mooring Analysis/03.Orcaflex/03-Sensitivity/Lock-out/FST2L_FST1L_HWL_J1_080deg.sim	1065925375
02.Mooring Analysis/03.Orcaflex/03-Sensitivity/Lock-out/FST2L_FST1L_HWL_J1_080deg.yml	2495
02.Mooring Analysis/03.Orcaflex/03-Sensitivity/Lock-out/FST2L_FST1L_HWL_J1_090deg.sim	1065923439
02.Mooring Analysis/03.Orcaflex/03-Sensitivity/Lock-out/FST2L_FST1L_HWL_J1_090deg.yml	2495
02.Mooring Analysis/03.Orcaflex/03-Sensitivity/Lock-out/FST2L_FST1L_HWL_J1_125deg.sim	1065926107
02.Mooring Analysis/03.Orcaflex/03-Sensitivity/Lock-out/FST2L_FST1L_HWL_J1_125deg.yml	2497
02.Mooring Analysis/03.Orcaflex/03-Sensitivity/Lock-out/FST2L_FST1L_HWL_J1_150deg.sim	1065926356
02.Mooring Analysis/03.Orcaflex/03-Sensitivity/Lock-out/FST2L_FST1L_HWL_J1_150deg.yml	2497
02.Mooring Analysis/03.Orcaflex/03-Sensitivity/Lock-out/FST2L_FST1L_HWL_J1_175deg.sim	1065926058
02.Mooring Analysis/03.Orcaflex/03-Sensitivity/Lock-out/FST2L_FST1L_HWL_J1_175deg.yml	2497
02.Mooring Analysis/03.Orcaflex/03-Sensitivity/Lock-out/FST2L_FST1L_HWL_J1_225deg.sim	1065923395
02.Mooring Analysis/03.Orcaflex/03-Sensitivity/Lock-out/FST2L_FST1L_HWL_J1_225deg.yml	2497
02.Mooring Analysis/03.Orcaflex/03-Sensitivity/Lock-out/FST2L_FST1L_HWL_J1_270deg.sim	1065922728
02.Mooring Analysis/03.Orcaflex/03-Sensitivity/Lock-out/FST2L_FST1L_HWL_J1_270deg.yml	2497
02.Mooring Analysis/03.Orcaflex/03-Sensitivity/Lock-out/FST2L_FST1L_HWL_J1_315deg.sim	1065923402
02.Mooring Analysis/03.Orcaflex/03-Sensitivity/Lock-out/FST2L_FST1L_HWL_J1_315deg.yml	2497
02.Mooring Analysis/03.Orcaflex/03-Sensitivity/Lock-out/FST2L_FST1L_HWL_J2_000deg.sim	1065923082
02.Mooring Analysis/03.Orcaflex/03-Sensitivity/Lock-out/FST2L_FST1L_HWL_J2_000deg.yml	2493
02.Mooring Analysis/03.Orcaflex/03-Sensitivity/Lock-out/FST2L_FST1L_HWL_J2_045deg.sim	1065925970
02.Mooring Analysis/03.Orcaflex/03-Sensitivity/Lock-out/FST2L_FST1L_HWL_J2_045deg.yml	2495
02.Mooring Analysis/03.Orcaflex/03-Sensitivity/Lock-out/FST2L_FST1L_HWL_J2_065deg.sim	1065925342
02.Mooring Analysis/03.Orcaflex/03-Sensitivity/Lock-out/FST2L_FST1L_HWL_J2_065deg.yml	2495
02.Mooring Analysis/03.Orcaflex/03-Sensitivity/Lock-out/FST2L_FST1L_HWL_J2_080deg.sim	1065925411
02.Mooring Analysis/03.Orcaflex/03-Sensitivity/Lock-out/FST2L_FST1L_HWL_J2_080deg.yml	2495
02.Mooring Analysis/03.Orcaflex/03-Sensitivity/Lock-out/FST2L_FST1L_HWL_J2_090deg.sim	1065923888
02.Mooring Analysis/03.Orcaflex/03-Sensitivity/Lock-out/FST2L_FST1L_HWL_J2_090deg.yml	2495
02.Mooring Analysis/03.Orcaflex/03-Sensitivity/Lock-out/FST2L_FST1L_HWL_J2_125deg.sim	1065925907
02.Mooring Analysis/03.Orcaflex/03-Sensitivity/Lock-out/FST2L_FST1L_HWL_J2_125deg.yml	2497
02.Mooring Analysis/03.Orcaflex/03-Sensitivity/Lock-out/FST2L_FST1L_HWL_J2_150deg.sim	1065926438
02.Mooring Analysis/03.Orcaflex/03-Sensitivity/Lock-out/FST2L_FST1L_HWL_J2_150deg.yml	2497
02.Mooring Analysis/03.Orcaflex/03-Sensitivity/Lock-out/FST2L_FST1L_HWL_J2_175deg.sim	1065926149
02.Mooring Analysis/03.Orcaflex/03-Sensitivity/Lock-out/FST2L_FST1L_HWL_J2_175deg.yml	2497
02.Mooring Analysis/03.Orcaflex/03-Sensitivity/Lock-out/FST2L_FST1L_HWL_J2_225deg.sim	1065923519
02.Mooring Analysis/03.Orcaflex/03-Sensitivity/Lock-out/FST2L_FST1L_HWL_J2_225deg.yml	2497
02.Mooring Analysis/03.Orcaflex/03-Sensitivity/Lock-out/FST2L_FST1L_HWL_J2_270deg.sim	1065922477
02.Mooring Analysis/03.Orcaflex/03-Sensitivity/Lock-out/FST2L_FST1L_HWL_J2_270deg.yml	2497
02.Mooring Analysis/03.Orcaflex/03-Sensitivity/Lock-out/FST2L_FST1L_HWL_J2_315deg.sim	1065923110
02.Mooring Analysis/03.Orcaflex/03-Sensitivity/Lock-out/FST2L_FST1L_HWL_J2_315deg.yml	2497
02.Mooring Analysis/03.Orcaflex/03-Sensitivity/Lock-out/FST2L_FST1L_HWL_J3_000deg.sim	1065923854
02.Mooring Analysis/03.Orcaflex/03-Sensitivity/Lock-out/FST2L_FST1L_HWL_J3_000deg.yml	2493
02.Mooring Analysis/03.Orcaflex/03-Sensitivity/Lock-out/FST2L_FST1L_HWL_J3_045deg.sim	1065925373
02.Mooring Analysis/03.Orcaflex/03-Sensitivity/Lock-out/FST2L_FST1L_HWL_J3_045deg.yml	2495
02.Mooring Analysis/03.Orcaflex/03-Sensitivity/Lock-out/FST2L_FST1L_HWL_J3_065deg.sim	1065925476
02.Mooring Analysis/03.Orcaflex/03-Sensitivity/Lock-out/FST2L_FST1L_HWL_J3_065deg.yml	2495
02.Mooring Analysis/03.Orcaflex/03-Sensitivity/Lock-out/FST2L_FST1L_HWL_J3_080deg.sim	1065924762
02.Mooring Analysis/03.Orcaflex/03-Sensitivity/Lock-out/FST2L_FST1L_HWL_J3_080deg.yml	2495
02.Mooring Analysis/03.Orcaflex/03-Sensitivity/Lock-out/FST2L_FST1L_HWL_J3_090deg.sim	1065923760
02.Mooring Analysis/03.Orcaflex/03-Sensitivity/Lock-out/FST2L_FST1L_HWL_J3_090deg.yml	2495
02.Mooring Analysis/03.Orcaflex/03-Sensitivity/Lock-out/FST2L_FST1L_HWL_J3_125deg.sim	1065925972
02.Mooring Analysis/03.Orcaflex/03-Sensitivity/Lock-out/FST2L_FST1L_HWL_J3_125deg.yml	2497
02.Mooring Analysis/03.Orcaflex/03-Sensitivity/Lock-out/FST2L_FST1L_HWL_J3_150deg.sim	1065925734
02.Mooring Analysis/03.Orcaflex/03-Sensitivity/Lock-out/FST2L_FST1L_HWL_J3_150deg.yml	2497
02.Mooring Analysis/03.Orcaflex/03-Sensitivity/Lock-out/FST2L_FST1L_HWL_J3_175deg.sim	1065926587
02.Mooring Analysis/03.Orcaflex/03-Sensitivity/Lock-out/FST2L_FST1L_HWL_J3_175deg.yml	2497
02.Mooring Analysis/03.Orcaflex/03-Sensitivity/Lock-out/FST2L_FST1L_HWL_J3_225deg.sim	1065923604
02.Mooring Analysis/03.Orcaflex/03-Sensitivity/Lock-out/FST2L_FST1L_HWL_J3_225deg.yml	2497
02.Mooring Analysis/03.Orcaflex/03-Sensitivity/Lock-out/FST2L_FST1L_HWL_J3_270deg.sim	1065922620
02.Mooring Analysis/03.Orcaflex/03-Sensitivity/Lock-out/FST2L_FST1L_HWL_J3_270deg.yml	2497
02.Mooring Analysis/03.Orcaflex/03-Sensitivity/Lock-out/FST2L_FST1L_HWL_J3_315deg.sim	1065923386
02.Mooring Analysis/03.Orcaflex/03-Sensitivity/Lock-out/FST2L_FST1L_HWL_J3_315deg.yml	2497
02.Mooring Analysis/03.Orcaflex/03-Sensitivity/Lock-out/FST2L_FST1L_HWL_J4_000deg.sim	1065923997
02.Mooring Analysis/03.Orcaflex/03-Sensitivity/Lock-out/FST2L_FST1L_HWL_J4_000deg.yml	2493
02.Mooring Analysis/03.Orcaflex/03-Sensitivity/Lock-out/FST2L_FST1L_HWL_J4_045deg.sim	1065925736
02.Mooring Analysis/03.Orcaflex/03-Sensitivity/Lock-out/FST2L_FST1L_HWL_J4_045deg.yml	2495
02.Mooring Analysis/03.Orcaflex/03-Sensitivity/Lock-out/FST2L_FST1L_HWL_J4_065deg.sim	1065924598
02.Mooring Analysis/03.Orcaflex/03-Sensitivity/Lock-out/FST2L_FST1L_HWL_J4_065deg.yml	2495
02.Mooring Analysis/03.Orcaflex/03-Sensitivity/Lock-out/FST2L_FST1L_HWL_J4_080deg.sim	1065925109
02.Mooring Analysis/03.Orcaflex/03-Sensitivity/Lock-out/FST2L_FST1L_HWL_J4_080deg.yml	2495
02.Mooring Analysis/03.Orcaflex/03-Sensitivity/Lock-out/FST2L_FST1L_HWL_J4_090deg.sim	1065923704
02.Mooring Analysis/03.Orcaflex/03-Sensitivity/Lock-out/FST2L_FST1L_HWL_J4_090deg.yml	2495
02.Mooring Analysis/03.Orcaflex/03-Sensitivity/Lock-out/FST2L_FST1L_HWL_J4_125deg.sim	1065926051
02.Mooring Analysis/03.Orcaflex/03-Sensitivity/Lock-out/FST2L_FST1L_HWL_J4_125deg.yml	2497
02.Mooring Analysis/03.Orcaflex/03-Sensitivity/Lock-out/FST2L_FST1L_HWL_J4_150deg.sim	1065925809
02.Mooring Analysis/03.Orcaflex/03-Sensitivity/Lock-out/FST2L_FST1L_HWL_J4_150deg.yml	2497
02.Mooring Analysis/03.Orcaflex/03-Sensitivity/Lock-out/FST2L_FST1L_HWL_J4_175deg.sim	1065926594
02.Mooring Analysis/03.Orcaflex/03-Sensitivity/Lock-out/FST2L_FST1L_HWL_J4_175deg.yml	2497
02.Mooring Analysis/03.Orcaflex/03-Sensitivity/Lock-out/FST2L_FST1L_HWL_J4_225deg.sim	1065923806
02.Mooring Analysis/03.Orcaflex/03-Sensitivity/Lock-out/FST2L_FST1L_HWL_J4_225deg.yml	2497
02.Mooring Analysis/03.Orcaflex/03-Sensitivity/Lock-out/FST2L_FST1L_HWL_J4_270deg.sim	1065922655
02.Mooring Analysis/03.Orcaflex/03-Sensitivity/Lock-out/FST2L_FST1L_HWL_J4_270deg.yml	2497
02.Mooring Analysis/03.Orcaflex/03-Sensitivity/Lock-out/FST2L_FST1L_HWL_J4_315deg.sim	1065923302
02.Mooring Analysis/03.Orcaflex/03-Sensitivity/Lock-out/FST2L_FST1L_HWL_J4_315deg.yml	2497
02.Mooring Analysis/03.Orcaflex/03-Sensitivity/Lock-out/Thumbs.db	7168
02.Mooring Analysis/03.Orcaflex/03-Sensitivity/S1/CL_FST2L_FST1L_LWL_015deg.sim	1065946732
02.Mooring Analysis/03.Orcaflex/03-Sensitivity/S1/CL_FST2L_FST1L_LWL_015deg.yml	2491
02.Mooring Analysis/03.Orcaflex/03-Sensitivity/S1/CL_FST2L_FST1L_LWL_030deg.sim	1065947181
02.Mooring Analysis/03.Orcaflex/03-Sensitivity/S1/CL_FST2L_FST1L_LWL_030deg.yml	2491
02.Mooring Analysis/03.Orcaflex/03-Sensitivity/S1/CL_FST2L_FST1L_LWL_045deg.sim	1065948502
02.Mooring Analysis/03.Orcaflex/03-Sensitivity/S1/CL_FST2L_FST1L_LWL_045deg.yml	2490
02.Mooring Analysis/03.Orcaflex/03-Sensitivity/S1/CL_FST2L_FST1L_LWL_090deg.sim	1065946019
02.Mooring Analysis/03.Orcaflex/03-Sensitivity/S1/CL_FST2L_FST1L_LWL_090deg.yml	2490
02.Mooring Analysis/03.Orcaflex/03-Sensitivity/S1/CL_FST2L_FST1L_LWL_180deg.sim	1065945174
02.Mooring Analysis/03.Orcaflex/03-Sensitivity/S1/CL_FST2L_FST1L_LWL_180deg.yml	2493
02.Mooring Analysis/03.Orcaflex/03-Sensitivity/S1/FST2L_FST1L_LWL_000deg.sim	1065944114
02.Mooring Analysis/03.Orcaflex/03-Sensitivity/S1/FST2L_FST1L_LWL_000deg.yml	2486
02.Mooring Analysis/03.Orcaflex/03-Sensitivity/S1/FST2L_FST1L_LWL_015deg.sim	1065946474
02.Mooring Analysis/03.Orcaflex/03-Sensitivity/S1/FST2L_FST1L_LWL_015deg.yml	2491
02.Mooring Analysis/03.Orcaflex/03-Sensitivity/S1/FST2L_FST1L_LWL_030deg.sim	1065946504
02.Mooring Analysis/03.Orcaflex/03-Sensitivity/S1/FST2L_FST1L_LWL_030deg.yml	2491
02.Mooring Analysis/03.Orcaflex/03-Sensitivity/S1/FST2L_FST1L_LWL_045deg.sim	1065947467
02.Mooring Analysis/03.Orcaflex/03-Sensitivity/S1/FST2L_FST1L_LWL_045deg.yml	2490
02.Mooring Analysis/03.Orcaflex/03-Sensitivity/S1/FST2L_FST1L_LWL_060deg.sim	1065947325
02.Mooring Analysis/03.Orcaflex/03-Sensitivity/S1/FST2L_FST1L_LWL_060deg.yml	2490
02.Mooring Analysis/03.Orcaflex/03-Sensitivity/S1/FST2L_FST1L_LWL_075deg.sim	1065946833
02.Mooring Analysis/03.Orcaflex/03-Sensitivity/S1/FST2L_FST1L_LWL_075deg.yml	2490
02.Mooring Analysis/03.Orcaflex/03-Sensitivity/S1/FST2L_FST1L_LWL_090deg.sim	1065946444
02.Mooring Analysis/03.Orcaflex/03-Sensitivity/S1/FST2L_FST1L_LWL_090deg.yml	2490
02.Mooring Analysis/03.Orcaflex/03-Sensitivity/S1/FST2L_FST1L_LWL_105deg.sim	1065948135
02.Mooring Analysis/03.Orcaflex/03-Sensitivity/S1/FST2L_FST1L_LWL_105deg.yml	2493
02.Mooring Analysis/03.Orcaflex/03-Sensitivity/S1/FST2L_FST1L_LWL_120deg.sim	1065946919
02.Mooring Analysis/03.Orcaflex/03-Sensitivity/S1/FST2L_FST1L_LWL_120deg.yml	2493
02.Mooring Analysis/03.Orcaflex/03-Sensitivity/S1/FST2L_FST1L_LWL_135deg.sim	1065946288
02.Mooring Analysis/03.Orcaflex/03-Sensitivity/S1/FST2L_FST1L_LWL_135deg.yml	2493
02.Mooring Analysis/03.Orcaflex/03-Sensitivity/S1/FST2L_FST1L_LWL_150deg.sim	1065946505
02.Mooring Analysis/03.Orcaflex/03-Sensitivity/S1/FST2L_FST1L_LWL_150deg.yml	2493
02.Mooring Analysis/03.Orcaflex/03-Sensitivity/S1/FST2L_FST1L_LWL_165deg.sim	1065947206
02.Mooring Analysis/03.Orcaflex/03-Sensitivity/S1/FST2L_FST1L_LWL_165deg.yml	2493
02.Mooring Analysis/03.Orcaflex/03-Sensitivity/S1/FST2L_FST1L_LWL_180deg.sim	1065947150
02.Mooring Analysis/03.Orcaflex/03-Sensitivity/S1/FST2L_FST1L_LWL_180deg.yml	2493
02.Mooring Analysis/03.Orcaflex/03-Sensitivity/S1/FST2L_FST1L_LWL_195deg.sim	1065946587
02.Mooring Analysis/03.Orcaflex/03-Sensitivity/S1/FST2L_FST1L_LWL_195deg.yml	2493
02.Mooring Analysis/03.Orcaflex/03-Sensitivity/S1/FST2L_FST1L_LWL_210deg.sim	1065948619
02.Mooring Analysis/03.Orcaflex/03-Sensitivity/S1/FST2L_FST1L_LWL_210deg.yml	2493
02.Mooring Analysis/03.Orcaflex/03-Sensitivity/S1/FST2L_FST1L_LWL_225deg.sim	1065949373
02.Mooring Analysis/03.Orcaflex/03-Sensitivity/S1/FST2L_FST1L_LWL_225deg.yml	2493
02.Mooring Analysis/03.Orcaflex/03-Sensitivity/S1/FST2L_FST1L_LWL_240deg.sim	1065949996
02.Mooring Analysis/03.Orcaflex/03-Sensitivity/S1/FST2L_FST1L_LWL_240deg.yml	2493
02.Mooring Analysis/03.Orcaflex/03-Sensitivity/S1/FST2L_FST1L_LWL_255deg.sim	1065946447
02.Mooring Analysis/03.Orcaflex/03-Sensitivity/S1/FST2L_FST1L_LWL_255deg.yml	2493
02.Mooring Analysis/03.Orcaflex/03-Sensitivity/S1/FST2L_FST1L_LWL_270deg.sim	1065944053
02.Mooring Analysis/03.Orcaflex/03-Sensitivity/S1/FST2L_FST1L_LWL_270deg.yml	2493
02.Mooring Analysis/03.Orcaflex/03-Sensitivity/S1/FST2L_FST1L_LWL_285deg.sim	1065946604
02.Mooring Analysis/03.Orcaflex/03-Sensitivity/S1/FST2L_FST1L_LWL_285deg.yml	2493
02.Mooring Analysis/03.Orcaflex/03-Sensitivity/S1/FST2L_FST1L_LWL_300deg.sim	1065946480
02.Mooring Analysis/03.Orcaflex/03-Sensitivity/S1/FST2L_FST1L_LWL_300deg.yml	2493
02.Mooring Analysis/03.Orcaflex/03-Sensitivity/S1/FST2L_FST1L_LWL_315deg.sim	1065945654
02.Mooring Analysis/03.Orcaflex/03-Sensitivity/S1/FST2L_FST1L_LWL_315deg.yml	2493
02.Mooring Analysis/03.Orcaflex/03-Sensitivity/S1/FST2L_FST1L_LWL_330deg.sim	1065947060
02.Mooring Analysis/03.Orcaflex/03-Sensitivity/S1/FST2L_FST1L_LWL_330deg.yml	2493
02.Mooring Analysis/03.Orcaflex/03-Sensitivity/S1/FST2L_FST1L_LWL_345deg.sim	1065946879
02.Mooring Analysis/03.Orcaflex/03-Sensitivity/S1/FST2L_FST1L_LWL_345deg.yml	2493
02.Mooring Analysis/03.Orcaflex/03-Sensitivity/S10/CL_FST2L_FST1L_LNGCPF_LWL_015deg.sim	2063841879
02.Mooring Analysis/03.Orcaflex/03-Sensitivity/S10/CL_FST2L_FST1L_LNGCPF_LWL_015deg.yml	2551
02.Mooring Analysis/03.Orcaflex/03-Sensitivity/S10/CL_FST2L_FST1L_LNGCPF_LWL_030deg.sim	2063842890
02.Mooring Analysis/03.Orcaflex/03-Sensitivity/S10/CL_FST2L_FST1L_LNGCPF_LWL_030deg.yml	2551
02.Mooring Analysis/03.Orcaflex/03-Sensitivity/S10/CL_FST2L_FST1L_LNGCPF_LWL_045deg.sim	2063841525
02.Mooring Analysis/03.Orcaflex/03-Sensitivity/S10/CL_FST2L_FST1L_LNGCPF_LWL_045deg.yml	2550
02.Mooring Analysis/03.Orcaflex/03-Sensitivity/S10/CL_FST2L_FST1L_LNGCPF_LWL_090deg.sim	2063842706
02.Mooring Analysis/03.Orcaflex/03-Sensitivity/S10/CL_FST2L_FST1L_LNGCPF_LWL_090deg.yml	2550
02.Mooring Analysis/03.Orcaflex/03-Sensitivity/S10/CL_FST2L_FST1L_LNGCPF_LWL_180deg.sim	2063839076
02.Mooring Analysis/03.Orcaflex/03-Sensitivity/S10/CL_FST2L_FST1L_LNGCPF_LWL_180deg.yml	2553
02.Mooring Analysis/03.Orcaflex/03-Sensitivity/S10/FST2L_FST1L_LNGCPF_LWL_000deg.sim	2063837919
02.Mooring Analysis/03.Orcaflex/03-Sensitivity/S10/FST2L_FST1L_LNGCPF_LWL_000deg.yml	2547
02.Mooring Analysis/03.Orcaflex/03-Sensitivity/S10/FST2L_FST1L_LNGCPF_LWL_015deg.sim	2063844200
02.Mooring Analysis/03.Orcaflex/03-Sensitivity/S10/FST2L_FST1L_LNGCPF_LWL_015deg.yml	2551
02.Mooring Analysis/03.Orcaflex/03-Sensitivity/S10/FST2L_FST1L_LNGCPF_LWL_030deg.sim	2063845273
02.Mooring Analysis/03.Orcaflex/03-Sensitivity/S10/FST2L_FST1L_LNGCPF_LWL_030deg.yml	2551
02.Mooring Analysis/03.Orcaflex/03-Sensitivity/S10/FST2L_FST1L_LNGCPF_LWL_045deg.sim	2063842390
02.Mooring Analysis/03.Orcaflex/03-Sensitivity/S10/FST2L_FST1L_LNGCPF_LWL_045deg.yml	2550
02.Mooring Analysis/03.Orcaflex/03-Sensitivity/S10/FST2L_FST1L_LNGCPF_LWL_060deg.sim	2063838867
02.Mooring Analysis/03.Orcaflex/03-Sensitivity/S10/FST2L_FST1L_LNGCPF_LWL_060deg.yml	2550
02.Mooring Analysis/03.Orcaflex/03-Sensitivity/S10/FST2L_FST1L_LNGCPF_LWL_075deg.sim	2063840421
02.Mooring Analysis/03.Orcaflex/03-Sensitivity/S10/FST2L_FST1L_LNGCPF_LWL_075deg.yml	2550
02.Mooring Analysis/03.Orcaflex/03-Sensitivity/S10/FST2L_FST1L_LNGCPF_LWL_090deg.sim	2063841780
02.Mooring Analysis/03.Orcaflex/03-Sensitivity/S10/FST2L_FST1L_LNGCPF_LWL_090deg.yml	2550
02.Mooring Analysis/03.Orcaflex/03-Sensitivity/S10/FST2L_FST1L_LNGCPF_LWL_105deg.sim	2063840501
02.Mooring Analysis/03.Orcaflex/03-Sensitivity/S10/FST2L_FST1L_LNGCPF_LWL_105deg.yml	2553
02.Mooring Analysis/03.Orcaflex/03-Sensitivity/S10/FST2L_FST1L_LNGCPF_LWL_120deg.sim	2063840559
02.Mooring Analysis/03.Orcaflex/03-Sensitivity/S10/FST2L_FST1L_LNGCPF_LWL_120deg.yml	2553
02.Mooring Analysis/03.Orcaflex/03-Sensitivity/S10/FST2L_FST1L_LNGCPF_LWL_135deg.sim	2063839738
02.Mooring Analysis/03.Orcaflex/03-Sensitivity/S10/FST2L_FST1L_LNGCPF_LWL_135deg.yml	2553
02.Mooring Analysis/03.Orcaflex/03-Sensitivity/S10/FST2L_FST1L_LNGCPF_LWL_150deg.sim	2063840002
02.Mooring Analysis/03.Orcaflex/03-Sensitivity/S10/FST2L_FST1L_LNGCPF_LWL_150deg.yml	2553
02.Mooring Analysis/03.Orcaflex/03-Sensitivity/S10/FST2L_FST1L_LNGCPF_LWL_165deg.sim	2063838665
02.Mooring Analysis/03.Orcaflex/03-Sensitivity/S10/FST2L_FST1L_LNGCPF_LWL_165deg.yml	2553
02.Mooring Analysis/03.Orcaflex/03-Sensitivity/S10/FST2L_FST1L_LNGCPF_LWL_180deg.sim	2063837927
02.Mooring Analysis/03.Orcaflex/03-Sensitivity/S10/FST2L_FST1L_LNGCPF_LWL_180deg.yml	2553
02.Mooring Analysis/03.Orcaflex/03-Sensitivity/S10/FST2L_FST1L_LNGCPF_LWL_195deg.sim	2063838325
02.Mooring Analysis/03.Orcaflex/03-Sensitivity/S10/FST2L_FST1L_LNGCPF_LWL_195deg.yml	2553
02.Mooring Analysis/03.Orcaflex/03-Sensitivity/S10/FST2L_FST1L_LNGCPF_LWL_210deg.sim	2063837716
02.Mooring Analysis/03.Orcaflex/03-Sensitivity/S10/FST2L_FST1L_LNGCPF_LWL_210deg.yml	2553
02.Mooring Analysis/03.Orcaflex/03-Sensitivity/S10/FST2L_FST1L_LNGCPF_LWL_225deg.sim	2063839077
02.Mooring Analysis/03.Orcaflex/03-Sensitivity/S10/FST2L_FST1L_LNGCPF_LWL_225deg.yml	2553
02.Mooring Analysis/03.Orcaflex/03-Sensitivity/S10/FST2L_FST1L_LNGCPF_LWL_240deg.sim	2063840632
02.Mooring Analysis/03.Orcaflex/03-Sensitivity/S10/FST2L_FST1L_LNGCPF_LWL_240deg.yml	2553
02.Mooring Analysis/03.Orcaflex/03-Sensitivity/S10/FST2L_FST1L_LNGCPF_LWL_255deg.sim	2063837472
02.Mooring Analysis/03.Orcaflex/03-Sensitivity/S10/FST2L_FST1L_LNGCPF_LWL_255deg.yml	2553
02.Mooring Analysis/03.Orcaflex/03-Sensitivity/S10/FST2L_FST1L_LNGCPF_LWL_270deg.sim	2063835509
02.Mooring Analysis/03.Orcaflex/03-Sensitivity/S10/FST2L_FST1L_LNGCPF_LWL_270deg.yml	2553
02.Mooring Analysis/03.Orcaflex/03-Sensitivity/S10/FST2L_FST1L_LNGCPF_LWL_285deg.sim	2063837316
02.Mooring Analysis/03.Orcaflex/03-Sensitivity/S10/FST2L_FST1L_LNGCPF_LWL_285deg.yml	2553
02.Mooring Analysis/03.Orcaflex/03-Sensitivity/S10/FST2L_FST1L_LNGCPF_LWL_300deg.sim	2063837708
02.Mooring Analysis/03.Orcaflex/03-Sensitivity/S10/FST2L_FST1L_LNGCPF_LWL_300deg.yml	2553
02.Mooring Analysis/03.Orcaflex/03-Sensitivity/S10/FST2L_FST1L_LNGCPF_LWL_315deg.sim	2063837637
02.Mooring Analysis/03.Orcaflex/03-Sensitivity/S10/FST2L_FST1L_LNGCPF_LWL_315deg.yml	2553
02.Mooring Analysis/03.Orcaflex/03-Sensitivity/S10/FST2L_FST1L_LNGCPF_LWL_330deg.sim	2063838484
02.Mooring Analysis/03.Orcaflex/03-Sensitivity/S10/FST2L_FST1L_LNGCPF_LWL_330deg.yml	2553
02.Mooring Analysis/03.Orcaflex/03-Sensitivity/S10/FST2L_FST1L_LNGCPF_LWL_345deg.sim	2063838167
02.Mooring Analysis/03.Orcaflex/03-Sensitivity/S10/FST2L_FST1L_LNGCPF_LWL_345deg.yml	2553
02.Mooring Analysis/03.Orcaflex/03-Sensitivity/S11/CL_FST2L_FST1L_LNGCPF_LWL_015deg.sim	2063837898
02.Mooring Analysis/03.Orcaflex/03-Sensitivity/S11/CL_FST2L_FST1L_LNGCPF_LWL_015deg.yml	2548
02.Mooring Analysis/03.Orcaflex/03-Sensitivity/S11/CL_FST2L_FST1L_LNGCPF_LWL_030deg.sim	2063839703
02.Mooring Analysis/03.Orcaflex/03-Sensitivity/S11/CL_FST2L_FST1L_LNGCPF_LWL_030deg.yml	2548
02.Mooring Analysis/03.Orcaflex/03-Sensitivity/S11/CL_FST2L_FST1L_LNGCPF_LWL_045deg.sim	2063837791
02.Mooring Analysis/03.Orcaflex/03-Sensitivity/S11/CL_FST2L_FST1L_LNGCPF_LWL_045deg.yml	2547
02.Mooring Analysis/03.Orcaflex/03-Sensitivity/S11/CL_FST2L_FST1L_LNGCPF_LWL_090deg.sim	2063842353
02.Mooring Analysis/03.Orcaflex/03-Sensitivity/S11/CL_FST2L_FST1L_LNGCPF_LWL_090deg.yml	2547
02.Mooring Analysis/03.Orcaflex/03-Sensitivity/S11/CL_FST2L_FST1L_LNGCPF_LWL_180deg.sim	2063835675
02.Mooring Analysis/03.Orcaflex/03-Sensitivity/S11/CL_FST2L_FST1L_LNGCPF_LWL_180deg.yml	2550
02.Mooring Analysis/03.Orcaflex/03-Sensitivity/S11/FST2L_FST1L_LNGCPF_LWL_000deg.sim	2063834722
02.Mooring Analysis/03.Orcaflex/03-Sensitivity/S11/FST2L_FST1L_LNGCPF_LWL_000deg.yml	2544
02.Mooring Analysis/03.Orcaflex/03-Sensitivity/S11/FST2L_FST1L_LNGCPF_LWL_015deg.sim	2063839583
02.Mooring Analysis/03.Orcaflex/03-Sensitivity/S11/FST2L_FST1L_LNGCPF_LWL_015deg.yml	2548
02.Mooring Analysis/03.Orcaflex/03-Sensitivity/S11/FST2L_FST1L_LNGCPF_LWL_030deg.sim	2063840737
02.Mooring Analysis/03.Orcaflex/03-Sensitivity/S11/FST2L_FST1L_LNGCPF_LWL_030deg.yml	2548
02.Mooring Analysis/03.Orcaflex/03-Sensitivity/S11/FST2L_FST1L_LNGCPF_LWL_045deg.sim	2063839162
02.Mooring Analysis/03.Orcaflex/03-Sensitivity/S11/FST2L_FST1L_LNGCPF_LWL_045deg.yml	2547
02.Mooring Analysis/03.Orcaflex/03-Sensitivity/S11/FST2L_FST1L_LNGCPF_LWL_060deg.sim	2063839341
02.Mooring Analysis/03.Orcaflex/03-Sensitivity/S11/FST2L_FST1L_LNGCPF_LWL_060deg.yml	2547
02.Mooring Analysis/03.Orcaflex/03-Sensitivity/S11/FST2L_FST1L_LNGCPF_LWL_075deg.sim	2063840839
02.Mooring Analysis/03.Orcaflex/03-Sensitivity/S11/FST2L_FST1L_LNGCPF_LWL_075deg.yml	2547
02.Mooring Analysis/03.Orcaflex/03-Sensitivity/S11/FST2L_FST1L_LNGCPF_LWL_090deg.sim	2063841365
02.Mooring Analysis/03.Orcaflex/03-Sensitivity/S11/FST2L_FST1L_LNGCPF_LWL_090deg.yml	2547
02.Mooring Analysis/03.Orcaflex/03-Sensitivity/S11/FST2L_FST1L_LNGCPF_LWL_105deg.sim	2063840147
02.Mooring Analysis/03.Orcaflex/03-Sensitivity/S11/FST2L_FST1L_LNGCPF_LWL_105deg.yml	2550
02.Mooring Analysis/03.Orcaflex/03-Sensitivity/S11/FST2L_FST1L_LNGCPF_LWL_120deg.sim	2063840185
02.Mooring Analysis/03.Orcaflex/03-Sensitivity/S11/FST2L_FST1L_LNGCPF_LWL_120deg.yml	2550
02.Mooring Analysis/03.Orcaflex/03-Sensitivity/S11/FST2L_FST1L_LNGCPF_LWL_135deg.sim	2063839668
02.Mooring Analysis/03.Orcaflex/03-Sensitivity/S11/FST2L_FST1L_LNGCPF_LWL_135deg.yml	2550
02.Mooring Analysis/03.Orcaflex/03-Sensitivity/S11/FST2L_FST1L_LNGCPF_LWL_150deg.sim	2063839310
02.Mooring Analysis/03.Orcaflex/03-Sensitivity/S11/FST2L_FST1L_LNGCPF_LWL_150deg.yml	2550
02.Mooring Analysis/03.Orcaflex/03-Sensitivity/S11/FST2L_FST1L_LNGCPF_LWL_165deg.sim	2063838555
02.Mooring Analysis/03.Orcaflex/03-Sensitivity/S11/FST2L_FST1L_LNGCPF_LWL_165deg.yml	2550
02.Mooring Analysis/03.Orcaflex/03-Sensitivity/S11/FST2L_FST1L_LNGCPF_LWL_180deg.sim	2063838221
02.Mooring Analysis/03.Orcaflex/03-Sensitivity/S11/FST2L_FST1L_LNGCPF_LWL_180deg.yml	2550
02.Mooring Analysis/03.Orcaflex/03-Sensitivity/S11/FST2L_FST1L_LNGCPF_LWL_195deg.sim	2063838393
02.Mooring Analysis/03.Orcaflex/03-Sensitivity/S11/FST2L_FST1L_LNGCPF_LWL_195deg.yml	2550
02.Mooring Analysis/03.Orcaflex/03-Sensitivity/S11/FST2L_FST1L_LNGCPF_LWL_210deg.sim	2063855713
02.Mooring Analysis/03.Orcaflex/03-Sensitivity/S11/FST2L_FST1L_LNGCPF_LWL_210deg.yml	2550
02.Mooring Analysis/03.Orcaflex/03-Sensitivity/S11/FST2L_FST1L_LNGCPF_LWL_225deg.sim	2063839065
02.Mooring Analysis/03.Orcaflex/03-Sensitivity/S11/FST2L_FST1L_LNGCPF_LWL_225deg.yml	2550
02.Mooring Analysis/03.Orcaflex/03-Sensitivity/S11/FST2L_FST1L_LNGCPF_LWL_240deg.sim	2063840598
02.Mooring Analysis/03.Orcaflex/03-Sensitivity/S11/FST2L_FST1L_LNGCPF_LWL_240deg.yml	2550
02.Mooring Analysis/03.Orcaflex/03-Sensitivity/S11/FST2L_FST1L_LNGCPF_LWL_255deg.sim	2063837993
02.Mooring Analysis/03.Orcaflex/03-Sensitivity/S11/FST2L_FST1L_LNGCPF_LWL_255deg.yml	2550
02.Mooring Analysis/03.Orcaflex/03-Sensitivity/S11/FST2L_FST1L_LNGCPF_LWL_270deg.sim	2063835636
02.Mooring Analysis/03.Orcaflex/03-Sensitivity/S11/FST2L_FST1L_LNGCPF_LWL_270deg.yml	2550
02.Mooring Analysis/03.Orcaflex/03-Sensitivity/S11/FST2L_FST1L_LNGCPF_LWL_285deg.sim	2063837106
02.Mooring Analysis/03.Orcaflex/03-Sensitivity/S11/FST2L_FST1L_LNGCPF_LWL_285deg.yml	2550
02.Mooring Analysis/03.Orcaflex/03-Sensitivity/S11/FST2L_FST1L_LNGCPF_LWL_300deg.sim	2063837840
02.Mooring Analysis/03.Orcaflex/03-Sensitivity/S11/FST2L_FST1L_LNGCPF_LWL_300deg.yml	2550
02.Mooring Analysis/03.Orcaflex/03-Sensitivity/S11/FST2L_FST1L_LNGCPF_LWL_315deg.sim	2063838066
02.Mooring Analysis/03.Orcaflex/03-Sensitivity/S11/FST2L_FST1L_LNGCPF_LWL_315deg.yml	2550
02.Mooring Analysis/03.Orcaflex/03-Sensitivity/S11/FST2L_FST1L_LNGCPF_LWL_330deg.sim	2063838094
02.Mooring Analysis/03.Orcaflex/03-Sensitivity/S11/FST2L_FST1L_LNGCPF_LWL_330deg.yml	2550
02.Mooring Analysis/03.Orcaflex/03-Sensitivity/S11/FST2L_FST1L_LNGCPF_LWL_345deg.sim	2063841088
02.Mooring Analysis/03.Orcaflex/03-Sensitivity/S11/FST2L_FST1L_LNGCPF_LWL_345deg.yml	2550
02.Mooring Analysis/03.Orcaflex/03-Sensitivity/S12/CL_FST2L_FST1L_LNGCPF_LWL_015deg.sim	2063842110
02.Mooring Analysis/03.Orcaflex/03-Sensitivity/S12/CL_FST2L_FST1L_LNGCPF_LWL_015deg.yml	2551
02.Mooring Analysis/03.Orcaflex/03-Sensitivity/S12/CL_FST2L_FST1L_LNGCPF_LWL_030deg.sim	2063842929
02.Mooring Analysis/03.Orcaflex/03-Sensitivity/S12/CL_FST2L_FST1L_LNGCPF_LWL_030deg.yml	2551
02.Mooring Analysis/03.Orcaflex/03-Sensitivity/S12/CL_FST2L_FST1L_LNGCPF_LWL_045deg.sim	2063840837
02.Mooring Analysis/03.Orcaflex/03-Sensitivity/S12/CL_FST2L_FST1L_LNGCPF_LWL_045deg.yml	2550
02.Mooring Analysis/03.Orcaflex/03-Sensitivity/S12/CL_FST2L_FST1L_LNGCPF_LWL_090deg.sim	2063842330
02.Mooring Analysis/03.Orcaflex/03-Sensitivity/S12/CL_FST2L_FST1L_LNGCPF_LWL_090deg.yml	2550
02.Mooring Analysis/03.Orcaflex/03-Sensitivity/S12/CL_FST2L_FST1L_LNGCPF_LWL_180deg.sim	2063838898
02.Mooring Analysis/03.Orcaflex/03-Sensitivity/S12/CL_FST2L_FST1L_LNGCPF_LWL_180deg.yml	2553
02.Mooring Analysis/03.Orcaflex/03-Sensitivity/S12/FST2L_FST1L_LNGCPF_LWL_000deg.sim	2063837949
02.Mooring Analysis/03.Orcaflex/03-Sensitivity/S12/FST2L_FST1L_LNGCPF_LWL_000deg.yml	2547
02.Mooring Analysis/03.Orcaflex/03-Sensitivity/S12/FST2L_FST1L_LNGCPF_LWL_015deg.sim	2063844258
02.Mooring Analysis/03.Orcaflex/03-Sensitivity/S12/FST2L_FST1L_LNGCPF_LWL_015deg.yml	2551
02.Mooring Analysis/03.Orcaflex/03-Sensitivity/S12/FST2L_FST1L_LNGCPF_LWL_030deg.sim	2063844924
02.Mooring Analysis/03.Orcaflex/03-Sensitivity/S12/FST2L_FST1L_LNGCPF_LWL_030deg.yml	2551
02.Mooring Analysis/03.Orcaflex/03-Sensitivity/S12/FST2L_FST1L_LNGCPF_LWL_045deg.sim	2063838954
02.Mooring Analysis/03.Orcaflex/03-Sensitivity/S12/FST2L_FST1L_LNGCPF_LWL_045deg.yml	2550
02.Mooring Analysis/03.Orcaflex/03-Sensitivity/S12/FST2L_FST1L_LNGCPF_LWL_060deg.sim	2063839366
02.Mooring Analysis/03.Orcaflex/03-Sensitivity/S12/FST2L_FST1L_LNGCPF_LWL_060deg.yml	2550
02.Mooring Analysis/03.Orcaflex/03-Sensitivity/S12/FST2L_FST1L_LNGCPF_LWL_075deg.sim	2063841055
02.Mooring Analysis/03.Orcaflex/03-Sensitivity/S12/FST2L_FST1L_LNGCPF_LWL_075deg.yml	2550
02.Mooring Analysis/03.Orcaflex/03-Sensitivity/S12/FST2L_FST1L_LNGCPF_LWL_090deg.sim	2063841375
02.Mooring Analysis/03.Orcaflex/03-Sensitivity/S12/FST2L_FST1L_LNGCPF_LWL_090deg.yml	2550
02.Mooring Analysis/03.Orcaflex/03-Sensitivity/S12/FST2L_FST1L_LNGCPF_LWL_105deg.sim	2063840060
02.Mooring Analysis/03.Orcaflex/03-Sensitivity/S12/FST2L_FST1L_LNGCPF_LWL_105deg.yml	2553
02.Mooring Analysis/03.Orcaflex/03-Sensitivity/S12/FST2L_FST1L_LNGCPF_LWL_120deg.sim	2063840111
02.Mooring Analysis/03.Orcaflex/03-Sensitivity/S12/FST2L_FST1L_LNGCPF_LWL_120deg.yml	2553
02.Mooring Analysis/03.Orcaflex/03-Sensitivity/S12/FST2L_FST1L_LNGCPF_LWL_135deg.sim	2063839668
02.Mooring Analysis/03.Orcaflex/03-Sensitivity/S12/FST2L_FST1L_LNGCPF_LWL_135deg.yml	2553
02.Mooring Analysis/03.Orcaflex/03-Sensitivity/S12/FST2L_FST1L_LNGCPF_LWL_150deg.sim	2063839299
02.Mooring Analysis/03.Orcaflex/03-Sensitivity/S12/FST2L_FST1L_LNGCPF_LWL_150deg.yml	2553
02.Mooring Analysis/03.Orcaflex/03-Sensitivity/S12/FST2L_FST1L_LNGCPF_LWL_165deg.sim	2063838654
02.Mooring Analysis/03.Orcaflex/03-Sensitivity/S12/FST2L_FST1L_LNGCPF_LWL_165deg.yml	2553
02.Mooring Analysis/03.Orcaflex/03-Sensitivity/S12/FST2L_FST1L_LNGCPF_LWL_180deg.sim	2063838068
02.Mooring Analysis/03.Orcaflex/03-Sensitivity/S12/FST2L_FST1L_LNGCPF_LWL_180deg.yml	2553
02.Mooring Analysis/03.Orcaflex/03-Sensitivity/S12/FST2L_FST1L_LNGCPF_LWL_195deg.sim	2063838364
02.Mooring Analysis/03.Orcaflex/03-Sensitivity/S12/FST2L_FST1L_LNGCPF_LWL_195deg.yml	2553
02.Mooring Analysis/03.Orcaflex/03-Sensitivity/S12/FST2L_FST1L_LNGCPF_LWL_210deg.sim	2063837454
02.Mooring Analysis/03.Orcaflex/03-Sensitivity/S12/FST2L_FST1L_LNGCPF_LWL_210deg.yml	2553
02.Mooring Analysis/03.Orcaflex/03-Sensitivity/S12/FST2L_FST1L_LNGCPF_LWL_225deg.sim	2063842395
02.Mooring Analysis/03.Orcaflex/03-Sensitivity/S12/FST2L_FST1L_LNGCPF_LWL_225deg.yml	2553
02.Mooring Analysis/03.Orcaflex/03-Sensitivity/S12/FST2L_FST1L_LNGCPF_LWL_240deg.sim	2063843978
02.Mooring Analysis/03.Orcaflex/03-Sensitivity/S12/FST2L_FST1L_LNGCPF_LWL_240deg.yml	2553
02.Mooring Analysis/03.Orcaflex/03-Sensitivity/S12/FST2L_FST1L_LNGCPF_LWL_255deg.sim	2063841454
02.Mooring Analysis/03.Orcaflex/03-Sensitivity/S12/FST2L_FST1L_LNGCPF_LWL_255deg.yml	2553
02.Mooring Analysis/03.Orcaflex/03-Sensitivity/S12/FST2L_FST1L_LNGCPF_LWL_270deg.sim	2063839254
02.Mooring Analysis/03.Orcaflex/03-Sensitivity/S12/FST2L_FST1L_LNGCPF_LWL_270deg.yml	2553
02.Mooring Analysis/03.Orcaflex/03-Sensitivity/S12/FST2L_FST1L_LNGCPF_LWL_285deg.sim	2063840517
02.Mooring Analysis/03.Orcaflex/03-Sensitivity/S12/FST2L_FST1L_LNGCPF_LWL_285deg.yml	2553
02.Mooring Analysis/03.Orcaflex/03-Sensitivity/S12/FST2L_FST1L_LNGCPF_LWL_300deg.sim	2063841343
02.Mooring Analysis/03.Orcaflex/03-Sensitivity/S12/FST2L_FST1L_LNGCPF_LWL_300deg.yml	2553
02.Mooring Analysis/03.Orcaflex/03-Sensitivity/S12/FST2L_FST1L_LNGCPF_LWL_315deg.sim	2063841812
02.Mooring Analysis/03.Orcaflex/03-Sensitivity/S12/FST2L_FST1L_LNGCPF_LWL_315deg.yml	2553
02.Mooring Analysis/03.Orcaflex/03-Sensitivity/S12/FST2L_FST1L_LNGCPF_LWL_330deg.sim	2063842013
02.Mooring Analysis/03.Orcaflex/03-Sensitivity/S12/FST2L_FST1L_LNGCPF_LWL_330deg.yml	2553
02.Mooring Analysis/03.Orcaflex/03-Sensitivity/S12/FST2L_FST1L_LNGCPF_LWL_345deg.sim	2063841473
02.Mooring Analysis/03.Orcaflex/03-Sensitivity/S12/FST2L_FST1L_LNGCPF_LWL_345deg.yml	2553
02.Mooring Analysis/03.Orcaflex/03-Sensitivity/S2/CL_FST2L_FST1L_LWL_015deg.sim	1065946748
02.Mooring Analysis/03.Orcaflex/03-Sensitivity/S2/CL_FST2L_FST1L_LWL_015deg.yml	2495
02.Mooring Analysis/03.Orcaflex/03-Sensitivity/S2/CL_FST2L_FST1L_LWL_030deg.sim	1065947007
02.Mooring Analysis/03.Orcaflex/03-Sensitivity/S2/CL_FST2L_FST1L_LWL_030deg.yml	2495
02.Mooring Analysis/03.Orcaflex/03-Sensitivity/S2/CL_FST2L_FST1L_LWL_045deg.sim	1065948560
02.Mooring Analysis/03.Orcaflex/03-Sensitivity/S2/CL_FST2L_FST1L_LWL_045deg.yml	2494
02.Mooring Analysis/03.Orcaflex/03-Sensitivity/S2/CL_FST2L_FST1L_LWL_090deg.sim	1065946125
02.Mooring Analysis/03.Orcaflex/03-Sensitivity/S2/CL_FST2L_FST1L_LWL_090deg.yml	2494
02.Mooring Analysis/03.Orcaflex/03-Sensitivity/S2/CL_FST2L_FST1L_LWL_180deg.sim	1065945196
02.Mooring Analysis/03.Orcaflex/03-Sensitivity/S2/CL_FST2L_FST1L_LWL_180deg.yml	2497
02.Mooring Analysis/03.Orcaflex/03-Sensitivity/S2/FST2L_FST1L_LWL_000deg.sim	1065944188
02.Mooring Analysis/03.Orcaflex/03-Sensitivity/S2/FST2L_FST1L_LWL_000deg.yml	2490
02.Mooring Analysis/03.Orcaflex/03-Sensitivity/S2/FST2L_FST1L_LWL_015deg.sim	1065946702
02.Mooring Analysis/03.Orcaflex/03-Sensitivity/S2/FST2L_FST1L_LWL_015deg.yml	2495
02.Mooring Analysis/03.Orcaflex/03-Sensitivity/S2/FST2L_FST1L_LWL_030deg.sim	1065946612
02.Mooring Analysis/03.Orcaflex/03-Sensitivity/S2/FST2L_FST1L_LWL_030deg.yml	2495
02.Mooring Analysis/03.Orcaflex/03-Sensitivity/S2/FST2L_FST1L_LWL_045deg.sim	1065947696
02.Mooring Analysis/03.Orcaflex/03-Sensitivity/S2/FST2L_FST1L_LWL_045deg.yml	2494
02.Mooring Analysis/03.Orcaflex/03-Sensitivity/S2/FST2L_FST1L_LWL_060deg.sim	1065947354
02.Mooring Analysis/03.Orcaflex/03-Sensitivity/S2/FST2L_FST1L_LWL_060deg.yml	2494
02.Mooring Analysis/03.Orcaflex/03-Sensitivity/S2/FST2L_FST1L_LWL_075deg.sim	1065946845
02.Mooring Analysis/03.Orcaflex/03-Sensitivity/S2/FST2L_FST1L_LWL_075deg.yml	2494
02.Mooring Analysis/03.Orcaflex/03-Sensitivity/S2/FST2L_FST1L_LWL_090deg.sim	1065946227
02.Mooring Analysis/03.Orcaflex/03-Sensitivity/S2/FST2L_FST1L_LWL_090deg.yml	2494
02.Mooring Analysis/03.Orcaflex/03-Sensitivity/S2/FST2L_FST1L_LWL_105deg.sim	1065948151
02.Mooring Analysis/03.Orcaflex/03-Sensitivity/S2/FST2L_FST1L_LWL_105deg.yml	2497
02.Mooring Analysis/03.Orcaflex/03-Sensitivity/S2/FST2L_FST1L_LWL_120deg.sim	1065946956
02.Mooring Analysis/03.Orcaflex/03-Sensitivity/S2/FST2L_FST1L_LWL_120deg.yml	2497
02.Mooring Analysis/03.Orcaflex/03-Sensitivity/S2/FST2L_FST1L_LWL_135deg.sim	1065946421
02.Mooring Analysis/03.Orcaflex/03-Sensitivity/S2/FST2L_FST1L_LWL_135deg.yml	2497
02.Mooring Analysis/03.Orcaflex/03-Sensitivity/S2/FST2L_FST1L_LWL_150deg.sim	1065946608
02.Mooring Analysis/03.Orcaflex/03-Sensitivity/S2/FST2L_FST1L_LWL_150deg.yml	2497
02.Mooring Analysis/03.Orcaflex/03-Sensitivity/S2/FST2L_FST1L_LWL_165deg.sim	1065947314
02.Mooring Analysis/03.Orcaflex/03-Sensitivity/S2/FST2L_FST1L_LWL_165deg.yml	2497
02.Mooring Analysis/03.Orcaflex/03-Sensitivity/S2/FST2L_FST1L_LWL_180deg.sim	1065947282
02.Mooring Analysis/03.Orcaflex/03-Sensitivity/S2/FST2L_FST1L_LWL_180deg.yml	2497
02.Mooring Analysis/03.Orcaflex/03-Sensitivity/S2/FST2L_FST1L_LWL_195deg.sim	1065946546
02.Mooring Analysis/03.Orcaflex/03-Sensitivity/S2/FST2L_FST1L_LWL_195deg.yml	2497
02.Mooring Analysis/03.Orcaflex/03-Sensitivity/S2/FST2L_FST1L_LWL_210deg.sim	1065950386
02.Mooring Analysis/03.Orcaflex/03-Sensitivity/S2/FST2L_FST1L_LWL_210deg.yml	2497
02.Mooring Analysis/03.Orcaflex/03-Sensitivity/S2/FST2L_FST1L_LWL_225deg.sim	1065951211
02.Mooring Analysis/03.Orcaflex/03-Sensitivity/S2/FST2L_FST1L_LWL_225deg.yml	2497
02.Mooring Analysis/03.Orcaflex/03-Sensitivity/S2/FST2L_FST1L_LWL_240deg.sim	1065951699
02.Mooring Analysis/03.Orcaflex/03-Sensitivity/S2/FST2L_FST1L_LWL_240deg.yml	2497
02.Mooring Analysis/03.Orcaflex/03-Sensitivity/S2/FST2L_FST1L_LWL_255deg.sim	1065947797
02.Mooring Analysis/03.Orcaflex/03-Sensitivity/S2/FST2L_FST1L_LWL_255deg.yml	2497
02.Mooring Analysis/03.Orcaflex/03-Sensitivity/S2/FST2L_FST1L_LWL_270deg.sim	1065945601
02.Mooring Analysis/03.Orcaflex/03-Sensitivity/S2/FST2L_FST1L_LWL_270deg.yml	2497
02.Mooring Analysis/03.Orcaflex/03-Sensitivity/S2/FST2L_FST1L_LWL_285deg.sim	1065947647
02.Mooring Analysis/03.Orcaflex/03-Sensitivity/S2/FST2L_FST1L_LWL_285deg.yml	2497
02.Mooring Analysis/03.Orcaflex/03-Sensitivity/S2/FST2L_FST1L_LWL_300deg.sim	1065947487
02.Mooring Analysis/03.Orcaflex/03-Sensitivity/S2/FST2L_FST1L_LWL_300deg.yml	2497
02.Mooring Analysis/03.Orcaflex/03-Sensitivity/S2/FST2L_FST1L_LWL_315deg.sim	1065946960
02.Mooring Analysis/03.Orcaflex/03-Sensitivity/S2/FST2L_FST1L_LWL_315deg.yml	2497
02.Mooring Analysis/03.Orcaflex/03-Sensitivity/S2/FST2L_FST1L_LWL_330deg.sim	1065948569
02.Mooring Analysis/03.Orcaflex/03-Sensitivity/S2/FST2L_FST1L_LWL_330deg.yml	2497
02.Mooring Analysis/03.Orcaflex/03-Sensitivity/S2/FST2L_FST1L_LWL_345deg.sim	1065947953
02.Mooring Analysis/03.Orcaflex/03-Sensitivity/S2/FST2L_FST1L_LWL_345deg.yml	2497
02.Mooring Analysis/03.Orcaflex/03-Sensitivity/S3/CL_FST2L_FST1L_LWL_015deg.sim	1065948049
02.Mooring Analysis/03.Orcaflex/03-Sensitivity/S3/CL_FST2L_FST1L_LWL_015deg.yml	2492
02.Mooring Analysis/03.Orcaflex/03-Sensitivity/S3/CL_FST2L_FST1L_LWL_030deg.sim	1065948310
02.Mooring Analysis/03.Orcaflex/03-Sensitivity/S3/CL_FST2L_FST1L_LWL_030deg.yml	2492
02.Mooring Analysis/03.Orcaflex/03-Sensitivity/S3/CL_FST2L_FST1L_LWL_045deg.sim	1065949760
02.Mooring Analysis/03.Orcaflex/03-Sensitivity/S3/CL_FST2L_FST1L_LWL_045deg.yml	2491
02.Mooring Analysis/03.Orcaflex/03-Sensitivity/S3/CL_FST2L_FST1L_LWL_090deg.sim	1065947179
02.Mooring Analysis/03.Orcaflex/03-Sensitivity/S3/CL_FST2L_FST1L_LWL_090deg.yml	2491
02.Mooring Analysis/03.Orcaflex/03-Sensitivity/S3/CL_FST2L_FST1L_LWL_180deg.sim	1065947009
02.Mooring Analysis/03.Orcaflex/03-Sensitivity/S3/CL_FST2L_FST1L_LWL_180deg.yml	2494
02.Mooring Analysis/03.Orcaflex/03-Sensitivity/S3/FST2L_FST1L_LWL_000deg.sim	1065945490
02.Mooring Analysis/03.Orcaflex/03-Sensitivity/S3/FST2L_FST1L_LWL_000deg.yml	2487
02.Mooring Analysis/03.Orcaflex/03-Sensitivity/S3/FST2L_FST1L_LWL_015deg.sim	1065947830
02.Mooring Analysis/03.Orcaflex/03-Sensitivity/S3/FST2L_FST1L_LWL_015deg.yml	2492
02.Mooring Analysis/03.Orcaflex/03-Sensitivity/S3/FST2L_FST1L_LWL_030deg.sim	1065947538
02.Mooring Analysis/03.Orcaflex/03-Sensitivity/S3/FST2L_FST1L_LWL_030deg.yml	2492
02.Mooring Analysis/03.Orcaflex/03-Sensitivity/S3/FST2L_FST1L_LWL_045deg.sim	1065948758
02.Mooring Analysis/03.Orcaflex/03-Sensitivity/S3/FST2L_FST1L_LWL_045deg.yml	2491
02.Mooring Analysis/03.Orcaflex/03-Sensitivity/S3/FST2L_FST1L_LWL_060deg.sim	1065948323
02.Mooring Analysis/03.Orcaflex/03-Sensitivity/S3/FST2L_FST1L_LWL_060deg.yml	2491
02.Mooring Analysis/03.Orcaflex/03-Sensitivity/S3/FST2L_FST1L_LWL_075deg.sim	1065948024
02.Mooring Analysis/03.Orcaflex/03-Sensitivity/S3/FST2L_FST1L_LWL_075deg.yml	2491
02.Mooring Analysis/03.Orcaflex/03-Sensitivity/S3/FST2L_FST1L_LWL_090deg.sim	1065947604
02.Mooring Analysis/03.Orcaflex/03-Sensitivity/S3/FST2L_FST1L_LWL_090deg.yml	2491
02.Mooring Analysis/03.Orcaflex/03-Sensitivity/S3/FST2L_FST1L_LWL_105deg.sim	1065949635
02.Mooring Analysis/03.Orcaflex/03-Sensitivity/S3/FST2L_FST1L_LWL_105deg.yml	2494
02.Mooring Analysis/03.Orcaflex/03-Sensitivity/S3/FST2L_FST1L_LWL_120deg.sim	1065948136
02.Mooring Analysis/03.Orcaflex/03-Sensitivity/S3/FST2L_FST1L_LWL_120deg.yml	2494
02.Mooring Analysis/03.Orcaflex/03-Sensitivity/S3/FST2L_FST1L_LWL_135deg.sim	1065947794
02.Mooring Analysis/03.Orcaflex/03-Sensitivity/S3/FST2L_FST1L_LWL_135deg.yml	2494
02.Mooring Analysis/03.Orcaflex/03-Sensitivity/S3/FST2L_FST1L_LWL_150deg.sim	1065946901
02.Mooring Analysis/03.Orcaflex/03-Sensitivity/S3/FST2L_FST1L_LWL_150deg.yml	2494
02.Mooring Analysis/03.Orcaflex/03-Sensitivity/S3/FST2L_FST1L_LWL_165deg.sim	1065948798
02.Mooring Analysis/03.Orcaflex/03-Sensitivity/S3/FST2L_FST1L_LWL_165deg.yml	2494
02.Mooring Analysis/03.Orcaflex/03-Sensitivity/S3/FST2L_FST1L_LWL_180deg.sim	1065948612
02.Mooring Analysis/03.Orcaflex/03-Sensitivity/S3/FST2L_FST1L_LWL_180deg.yml	2494
02.Mooring Analysis/03.Orcaflex/03-Sensitivity/S3/FST2L_FST1L_LWL_195deg.sim	1065948138
02.Mooring Analysis/03.Orcaflex/03-Sensitivity/S3/FST2L_FST1L_LWL_195deg.yml	2494
02.Mooring Analysis/03.Orcaflex/03-Sensitivity/S3/FST2L_FST1L_LWL_210deg.sim	1065950119
02.Mooring Analysis/03.Orcaflex/03-Sensitivity/S3/FST2L_FST1L_LWL_210deg.yml	2494
02.Mooring Analysis/03.Orcaflex/03-Sensitivity/S3/FST2L_FST1L_LWL_225deg.sim	1065951002
02.Mooring Analysis/03.Orcaflex/03-Sensitivity/S3/FST2L_FST1L_LWL_225deg.yml	2494
02.Mooring Analysis/03.Orcaflex/03-Sensitivity/S3/FST2L_FST1L_LWL_240deg.sim	1065951524
02.Mooring Analysis/03.Orcaflex/03-Sensitivity/S3/FST2L_FST1L_LWL_240deg.yml	2494
02.Mooring Analysis/03.Orcaflex/03-Sensitivity/S3/FST2L_FST1L_LWL_255deg.sim	1065947865
02.Mooring Analysis/03.Orcaflex/03-Sensitivity/S3/FST2L_FST1L_LWL_255deg.yml	2494
02.Mooring Analysis/03.Orcaflex/03-Sensitivity/S3/FST2L_FST1L_LWL_270deg.sim	1065945575
02.Mooring Analysis/03.Orcaflex/03-Sensitivity/S3/FST2L_FST1L_LWL_270deg.yml	2494
02.Mooring Analysis/03.Orcaflex/03-Sensitivity/S3/FST2L_FST1L_LWL_285deg.sim	1065947762
02.Mooring Analysis/03.Orcaflex/03-Sensitivity/S3/FST2L_FST1L_LWL_285deg.yml	2494
02.Mooring Analysis/03.Orcaflex/03-Sensitivity/S3/FST2L_FST1L_LWL_300deg.sim	1065947493
02.Mooring Analysis/03.Orcaflex/03-Sensitivity/S3/FST2L_FST1L_LWL_300deg.yml	2494
02.Mooring Analysis/03.Orcaflex/03-Sensitivity/S3/FST2L_FST1L_LWL_315deg.sim	1065946956
02.Mooring Analysis/03.Orcaflex/03-Sensitivity/S3/FST2L_FST1L_LWL_315deg.yml	2494
02.Mooring Analysis/03.Orcaflex/03-Sensitivity/S3/FST2L_FST1L_LWL_330deg.sim	1065948619
02.Mooring Analysis/03.Orcaflex/03-Sensitivity/S3/FST2L_FST1L_LWL_330deg.yml	2494
02.Mooring Analysis/03.Orcaflex/03-Sensitivity/S3/FST2L_FST1L_LWL_345deg.sim	1065948044
02.Mooring Analysis/03.Orcaflex/03-Sensitivity/S3/FST2L_FST1L_LWL_345deg.yml	2494
02.Mooring Analysis/03.Orcaflex/03-Sensitivity/S4/CL_FST2L_FST1L_LWL_015deg.sim	1065948146
02.Mooring Analysis/03.Orcaflex/03-Sensitivity/S4/CL_FST2L_FST1L_LWL_015deg.yml	2495
02.Mooring Analysis/03.Orcaflex/03-Sensitivity/S4/CL_FST2L_FST1L_LWL_030deg.sim	1065948395
02.Mooring Analysis/03.Orcaflex/03-Sensitivity/S4/CL_FST2L_FST1L_LWL_030deg.yml	2495
02.Mooring Analysis/03.Orcaflex/03-Sensitivity/S4/CL_FST2L_FST1L_LWL_045deg.sim	1065949866
02.Mooring Analysis/03.Orcaflex/03-Sensitivity/S4/CL_FST2L_FST1L_LWL_045deg.yml	2494
02.Mooring Analysis/03.Orcaflex/03-Sensitivity/S4/CL_FST2L_FST1L_LWL_090deg.sim	1065947202
02.Mooring Analysis/03.Orcaflex/03-Sensitivity/S4/CL_FST2L_FST1L_LWL_090deg.yml	2494
02.Mooring Analysis/03.Orcaflex/03-Sensitivity/S4/CL_FST2L_FST1L_LWL_180deg.sim	1065946807
02.Mooring Analysis/03.Orcaflex/03-Sensitivity/S4/CL_FST2L_FST1L_LWL_180deg.yml	2497
02.Mooring Analysis/03.Orcaflex/03-Sensitivity/S4/FST2L_FST1L_LWL_000deg.sim	1065945450
02.Mooring Analysis/03.Orcaflex/03-Sensitivity/S4/FST2L_FST1L_LWL_000deg.yml	2490
02.Mooring Analysis/03.Orcaflex/03-Sensitivity/S4/FST2L_FST1L_LWL_015deg.sim	1065947794
02.Mooring Analysis/03.Orcaflex/03-Sensitivity/S4/FST2L_FST1L_LWL_015deg.yml	2495
02.Mooring Analysis/03.Orcaflex/03-Sensitivity/S4/FST2L_FST1L_LWL_030deg.sim	1065947648
02.Mooring Analysis/03.Orcaflex/03-Sensitivity/S4/FST2L_FST1L_LWL_030deg.yml	2495
02.Mooring Analysis/03.Orcaflex/03-Sensitivity/S4/FST2L_FST1L_LWL_045deg.sim	1065948641
02.Mooring Analysis/03.Orcaflex/03-Sensitivity/S4/FST2L_FST1L_LWL_045deg.yml	2494
02.Mooring Analysis/03.Orcaflex/03-Sensitivity/S4/FST2L_FST1L_LWL_060deg.sim	1065948518
02.Mooring Analysis/03.Orcaflex/03-Sensitivity/S4/FST2L_FST1L_LWL_060deg.yml	2494
02.Mooring Analysis/03.Orcaflex/03-Sensitivity/S4/FST2L_FST1L_LWL_075deg.sim	1065948034
02.Mooring Analysis/03.Orcaflex/03-Sensitivity/S4/FST2L_FST1L_LWL_075deg.yml	2494
02.Mooring Analysis/03.Orcaflex/03-Sensitivity/S4/FST2L_FST1L_LWL_090deg.sim	1065947698
02.Mooring Analysis/03.Orcaflex/03-Sensitivity/S4/FST2L_FST1L_LWL_090deg.yml	2494
02.Mooring Analysis/03.Orcaflex/03-Sensitivity/S4/FST2L_FST1L_LWL_105deg.sim	1065949475
02.Mooring Analysis/03.Orcaflex/03-Sensitivity/S4/FST2L_FST1L_LWL_105deg.yml	2497
02.Mooring Analysis/03.Orcaflex/03-Sensitivity/S4/FST2L_FST1L_LWL_120deg.sim	1065948098
02.Mooring Analysis/03.Orcaflex/03-Sensitivity/S4/FST2L_FST1L_LWL_120deg.yml	2497
02.Mooring Analysis/03.Orcaflex/03-Sensitivity/S4/FST2L_FST1L_LWL_135deg.sim	1065947700
02.Mooring Analysis/03.Orcaflex/03-Sensitivity/S4/FST2L_FST1L_LWL_135deg.yml	2497
02.Mooring Analysis/03.Orcaflex/03-Sensitivity/S4/FST2L_FST1L_LWL_150deg.sim	1065947757
02.Mooring Analysis/03.Orcaflex/03-Sensitivity/S4/FST2L_FST1L_LWL_150deg.yml	2497
02.Mooring Analysis/03.Orcaflex/03-Sensitivity/S4/FST2L_FST1L_LWL_165deg.sim	1065948598
02.Mooring Analysis/03.Orcaflex/03-Sensitivity/S4/FST2L_FST1L_LWL_165deg.yml	2497
02.Mooring Analysis/03.Orcaflex/03-Sensitivity/S4/FST2L_FST1L_LWL_180deg.sim	1065948490
02.Mooring Analysis/03.Orcaflex/03-Sensitivity/S4/FST2L_FST1L_LWL_180deg.yml	2497
02.Mooring Analysis/03.Orcaflex/03-Sensitivity/S4/FST2L_FST1L_LWL_195deg.sim	1065947991
02.Mooring Analysis/03.Orcaflex/03-Sensitivity/S4/FST2L_FST1L_LWL_195deg.yml	2497
02.Mooring Analysis/03.Orcaflex/03-Sensitivity/S4/FST2L_FST1L_LWL_210deg.sim	1065950137
02.Mooring Analysis/03.Orcaflex/03-Sensitivity/S4/FST2L_FST1L_LWL_210deg.yml	2497
02.Mooring Analysis/03.Orcaflex/03-Sensitivity/S4/FST2L_FST1L_LWL_225deg.sim	1065950938
02.Mooring Analysis/03.Orcaflex/03-Sensitivity/S4/FST2L_FST1L_LWL_225deg.yml	2497
02.Mooring Analysis/03.Orcaflex/03-Sensitivity/S4/FST2L_FST1L_LWL_240deg.sim	1065951485
02.Mooring Analysis/03.Orcaflex/03-Sensitivity/S4/FST2L_FST1L_LWL_240deg.yml	2497
02.Mooring Analysis/03.Orcaflex/03-Sensitivity/S4/FST2L_FST1L_LWL_255deg.sim	1065947859
02.Mooring Analysis/03.Orcaflex/03-Sensitivity/S4/FST2L_FST1L_LWL_255deg.yml	2497
02.Mooring Analysis/03.Orcaflex/03-Sensitivity/S4/FST2L_FST1L_LWL_270deg.sim	1065945516
02.Mooring Analysis/03.Orcaflex/03-Sensitivity/S4/FST2L_FST1L_LWL_270deg.yml	2497
02.Mooring Analysis/03.Orcaflex/03-Sensitivity/S4/FST2L_FST1L_LWL_285deg.sim	1065947782
02.Mooring Analysis/03.Orcaflex/03-Sensitivity/S4/FST2L_FST1L_LWL_285deg.yml	2497
02.Mooring Analysis/03.Orcaflex/03-Sensitivity/S4/FST2L_FST1L_LWL_300deg.sim	1065947499
02.Mooring Analysis/03.Orcaflex/03-Sensitivity/S4/FST2L_FST1L_LWL_300deg.yml	2497
02.Mooring Analysis/03.Orcaflex/03-Sensitivity/S4/FST2L_FST1L_LWL_315deg.sim	1065947063
02.Mooring Analysis/03.Orcaflex/03-Sensitivity/S4/FST2L_FST1L_LWL_315deg.yml	2497
02.Mooring Analysis/03.Orcaflex/03-Sensitivity/S4/FST2L_FST1L_LWL_330deg.sim	1065948496
02.Mooring Analysis/03.Orcaflex/03-Sensitivity/S4/FST2L_FST1L_LWL_330deg.yml	2497
02.Mooring Analysis/03.Orcaflex/03-Sensitivity/S4/FST2L_FST1L_LWL_345deg.sim	1065948071
02.Mooring Analysis/03.Orcaflex/03-Sensitivity/S4/FST2L_FST1L_LWL_345deg.yml	2497
02.Mooring Analysis/03.Orcaflex/03-Sensitivity/S5/CL_FST2F_FST1F_LWL_015deg.sim	1050662432
02.Mooring Analysis/03.Orcaflex/03-Sensitivity/S5/CL_FST2F_FST1F_LWL_015deg.yml	2207
02.Mooring Analysis/03.Orcaflex/03-Sensitivity/S5/CL_FST2F_FST1F_LWL_030deg.sim	1050662590
02.Mooring Analysis/03.Orcaflex/03-Sensitivity/S5/CL_FST2F_FST1F_LWL_030deg.yml	2207
02.Mooring Analysis/03.Orcaflex/03-Sensitivity/S5/CL_FST2F_FST1F_LWL_045deg.sim	1050662003
02.Mooring Analysis/03.Orcaflex/03-Sensitivity/S5/CL_FST2F_FST1F_LWL_045deg.yml	2206
02.Mooring Analysis/03.Orcaflex/03-Sensitivity/S5/CL_FST2F_FST1F_LWL_090deg.sim	1050659862
02.Mooring Analysis/03.Orcaflex/03-Sensitivity/S5/CL_FST2F_FST1F_LWL_090deg.yml	2206
02.Mooring Analysis/03.Orcaflex/03-Sensitivity/S5/CL_FST2F_FST1F_LWL_180deg.sim	1050658768
02.Mooring Analysis/03.Orcaflex/03-Sensitivity/S5/CL_FST2F_FST1F_LWL_180deg.yml	2209
02.Mooring Analysis/03.Orcaflex/03-Sensitivity/S5/FST2F_FST1F_LWL_000deg.sim	1050659417
02.Mooring Analysis/03.Orcaflex/03-Sensitivity/S5/FST2F_FST1F_LWL_000deg.yml	2202
02.Mooring Analysis/03.Orcaflex/03-Sensitivity/S5/FST2F_FST1F_LWL_015deg.sim	1050662436
02.Mooring Analysis/03.Orcaflex/03-Sensitivity/S5/FST2F_FST1F_LWL_015deg.yml	2207
02.Mooring Analysis/03.Orcaflex/03-Sensitivity/S5/FST2F_FST1F_LWL_030deg.sim	1050662557
02.Mooring Analysis/03.Orcaflex/03-Sensitivity/S5/FST2F_FST1F_LWL_030deg.yml	2207
02.Mooring Analysis/03.Orcaflex/03-Sensitivity/S5/FST2F_FST1F_LWL_045deg.sim	1050662095
02.Mooring Analysis/03.Orcaflex/03-Sensitivity/S5/FST2F_FST1F_LWL_045deg.yml	2206
02.Mooring Analysis/03.Orcaflex/03-Sensitivity/S5/FST2F_FST1F_LWL_060deg.sim	1050661922
02.Mooring Analysis/03.Orcaflex/03-Sensitivity/S5/FST2F_FST1F_LWL_060deg.yml	2206
02.Mooring Analysis/03.Orcaflex/03-Sensitivity/S5/FST2F_FST1F_LWL_075deg.sim	1050661835
02.Mooring Analysis/03.Orcaflex/03-Sensitivity/S5/FST2F_FST1F_LWL_075deg.yml	2206
02.Mooring Analysis/03.Orcaflex/03-Sensitivity/S5/FST2F_FST1F_LWL_090deg.sim	1050661763
02.Mooring Analysis/03.Orcaflex/03-Sensitivity/S5/FST2F_FST1F_LWL_090deg.yml	2206
02.Mooring Analysis/03.Orcaflex/03-Sensitivity/S5/FST2F_FST1F_LWL_105deg.sim	1050661791
02.Mooring Analysis/03.Orcaflex/03-Sensitivity/S5/FST2F_FST1F_LWL_105deg.yml	2209
02.Mooring Analysis/03.Orcaflex/03-Sensitivity/S5/FST2F_FST1F_LWL_120deg.sim	1050660084
02.Mooring Analysis/03.Orcaflex/03-Sensitivity/S5/FST2F_FST1F_LWL_120deg.yml	2209
02.Mooring Analysis/03.Orcaflex/03-Sensitivity/S5/FST2F_FST1F_LWL_135deg.sim	1050661503
02.Mooring Analysis/03.Orcaflex/03-Sensitivity/S5/FST2F_FST1F_LWL_135deg.yml	2209
02.Mooring Analysis/03.Orcaflex/03-Sensitivity/S5/FST2F_FST1F_LWL_150deg.sim	1050662829
02.Mooring Analysis/03.Orcaflex/03-Sensitivity/S5/FST2F_FST1F_LWL_150deg.yml	2209
02.Mooring Analysis/03.Orcaflex/03-Sensitivity/S5/FST2F_FST1F_LWL_165deg.sim	1050662593
02.Mooring Analysis/03.Orcaflex/03-Sensitivity/S5/FST2F_FST1F_LWL_165deg.yml	2209
02.Mooring Analysis/03.Orcaflex/03-Sensitivity/S5/FST2F_FST1F_LWL_180deg.sim	1050662147
02.Mooring Analysis/03.Orcaflex/03-Sensitivity/S5/FST2F_FST1F_LWL_180deg.yml	2209
02.Mooring Analysis/03.Orcaflex/03-Sensitivity/S5/FST2F_FST1F_LWL_195deg.sim	1050662501
02.Mooring Analysis/03.Orcaflex/03-Sensitivity/S5/FST2F_FST1F_LWL_195deg.yml	2209
02.Mooring Analysis/03.Orcaflex/03-Sensitivity/S5/FST2F_FST1F_LWL_210deg.sim	1050663418
02.Mooring Analysis/03.Orcaflex/03-Sensitivity/S5/FST2F_FST1F_LWL_210deg.yml	2209
02.Mooring Analysis/03.Orcaflex/03-Sensitivity/S5/FST2F_FST1F_LWL_225deg.sim	1050663048
02.Mooring Analysis/03.Orcaflex/03-Sensitivity/S5/FST2F_FST1F_LWL_225deg.yml	2209
02.Mooring Analysis/03.Orcaflex/03-Sensitivity/S5/FST2F_FST1F_LWL_240deg.sim	1050662463
02.Mooring Analysis/03.Orcaflex/03-Sensitivity/S5/FST2F_FST1F_LWL_240deg.yml	2209
02.Mooring Analysis/03.Orcaflex/03-Sensitivity/S5/FST2F_FST1F_LWL_255deg.sim	1050661401
02.Mooring Analysis/03.Orcaflex/03-Sensitivity/S5/FST2F_FST1F_LWL_255deg.yml	2209
02.Mooring Analysis/03.Orcaflex/03-Sensitivity/S5/FST2F_FST1F_LWL_270deg.sim	1050659118
02.Mooring Analysis/03.Orcaflex/03-Sensitivity/S5/FST2F_FST1F_LWL_270deg.yml	2209
02.Mooring Analysis/03.Orcaflex/03-Sensitivity/S5/FST2F_FST1F_LWL_285deg.sim	1050660495
02.Mooring Analysis/03.Orcaflex/03-Sensitivity/S5/FST2F_FST1F_LWL_285deg.yml	2209
02.Mooring Analysis/03.Orcaflex/03-Sensitivity/S5/FST2F_FST1F_LWL_300deg.sim	1050659756
02.Mooring Analysis/03.Orcaflex/03-Sensitivity/S5/FST2F_FST1F_LWL_300deg.yml	2209
02.Mooring Analysis/03.Orcaflex/03-Sensitivity/S5/FST2F_FST1F_LWL_315deg.sim	1050658050
02.Mooring Analysis/03.Orcaflex/03-Sensitivity/S5/FST2F_FST1F_LWL_315deg.yml	2209
02.Mooring Analysis/03.Orcaflex/03-Sensitivity/S5/FST2F_FST1F_LWL_330deg.sim	1050658650
02.Mooring Analysis/03.Orcaflex/03-Sensitivity/S5/FST2F_FST1F_LWL_330deg.yml	2209
02.Mooring Analysis/03.Orcaflex/03-Sensitivity/S5/FST2F_FST1F_LWL_345deg.sim	1050661240
02.Mooring Analysis/03.Orcaflex/03-Sensitivity/S5/FST2F_FST1F_LWL_345deg.yml	2209
02.Mooring Analysis/03.Orcaflex/03-Sensitivity/S6/CL_FST2F_FST1F_LWL_015deg.sim	1050662242
02.Mooring Analysis/03.Orcaflex/03-Sensitivity/S6/CL_FST2F_FST1F_LWL_015deg.yml	2211
02.Mooring Analysis/03.Orcaflex/03-Sensitivity/S6/CL_FST2F_FST1F_LWL_030deg.sim	1050662417
02.Mooring Analysis/03.Orcaflex/03-Sensitivity/S6/CL_FST2F_FST1F_LWL_030deg.yml	2211
02.Mooring Analysis/03.Orcaflex/03-Sensitivity/S6/CL_FST2F_FST1F_LWL_045deg.sim	1050661964
02.Mooring Analysis/03.Orcaflex/03-Sensitivity/S6/CL_FST2F_FST1F_LWL_045deg.yml	2210
02.Mooring Analysis/03.Orcaflex/03-Sensitivity/S6/CL_FST2F_FST1F_LWL_090deg.sim	1050659790
02.Mooring Analysis/03.Orcaflex/03-Sensitivity/S6/CL_FST2F_FST1F_LWL_090deg.yml	2210
02.Mooring Analysis/03.Orcaflex/03-Sensitivity/S6/CL_FST2F_FST1F_LWL_180deg.sim	1050659130
02.Mooring Analysis/03.Orcaflex/03-Sensitivity/S6/CL_FST2F_FST1F_LWL_180deg.yml	2213
02.Mooring Analysis/03.Orcaflex/03-Sensitivity/S6/FST2F_FST1F_LWL_000deg.sim	1050659425
02.Mooring Analysis/03.Orcaflex/03-Sensitivity/S6/FST2F_FST1F_LWL_000deg.yml	2206
02.Mooring Analysis/03.Orcaflex/03-Sensitivity/S6/FST2F_FST1F_LWL_015deg.sim	1050662568
02.Mooring Analysis/03.Orcaflex/03-Sensitivity/S6/FST2F_FST1F_LWL_015deg.yml	2211
02.Mooring Analysis/03.Orcaflex/03-Sensitivity/S6/FST2F_FST1F_LWL_030deg.sim	1050662613
02.Mooring Analysis/03.Orcaflex/03-Sensitivity/S6/FST2F_FST1F_LWL_030deg.yml	2211
02.Mooring Analysis/03.Orcaflex/03-Sensitivity/S6/FST2F_FST1F_LWL_045deg.sim	1050662168
02.Mooring Analysis/03.Orcaflex/03-Sensitivity/S6/FST2F_FST1F_LWL_045deg.yml	2210
02.Mooring Analysis/03.Orcaflex/03-Sensitivity/S6/FST2F_FST1F_LWL_060deg.sim	1050662117
02.Mooring Analysis/03.Orcaflex/03-Sensitivity/S6/FST2F_FST1F_LWL_060deg.yml	2210
02.Mooring Analysis/03.Orcaflex/03-Sensitivity/S6/FST2F_FST1F_LWL_075deg.sim	1050661844
02.Mooring Analysis/03.Orcaflex/03-Sensitivity/S6/FST2F_FST1F_LWL_075deg.yml	2210
02.Mooring Analysis/03.Orcaflex/03-Sensitivity/S6/FST2F_FST1F_LWL_090deg.sim	1050661939
02.Mooring Analysis/03.Orcaflex/03-Sensitivity/S6/FST2F_FST1F_LWL_090deg.yml	2210
02.Mooring Analysis/03.Orcaflex/03-Sensitivity/S6/FST2F_FST1F_LWL_105deg.sim	1050661775
02.Mooring Analysis/03.Orcaflex/03-Sensitivity/S6/FST2F_FST1F_LWL_105deg.yml	2213
02.Mooring Analysis/03.Orcaflex/03-Sensitivity/S6/FST2F_FST1F_LWL_120deg.sim	1050660063
02.Mooring Analysis/03.Orcaflex/03-Sensitivity/S6/FST2F_FST1F_LWL_120deg.yml	2213
02.Mooring Analysis/03.Orcaflex/03-Sensitivity/S6/FST2F_FST1F_LWL_135deg.sim	1050661542
02.Mooring Analysis/03.Orcaflex/03-Sensitivity/S6/FST2F_FST1F_LWL_135deg.yml	2213
02.Mooring Analysis/03.Orcaflex/03-Sensitivity/S6/FST2F_FST1F_LWL_150deg.sim	1050662757
02.Mooring Analysis/03.Orcaflex/03-Sensitivity/S6/FST2F_FST1F_LWL_150deg.yml	2213
02.Mooring Analysis/03.Orcaflex/03-Sensitivity/S6/FST2F_FST1F_LWL_165deg.sim	1050662588
02.Mooring Analysis/03.Orcaflex/03-Sensitivity/S6/FST2F_FST1F_LWL_165deg.yml	2213
02.Mooring Analysis/03.Orcaflex/03-Sensitivity/S6/FST2F_FST1F_LWL_180deg.sim	1050662380
02.Mooring Analysis/03.Orcaflex/03-Sensitivity/S6/FST2F_FST1F_LWL_180deg.yml	2213
02.Mooring Analysis/03.Orcaflex/03-Sensitivity/S6/FST2F_FST1F_LWL_195deg.sim	1050662581
02.Mooring Analysis/03.Orcaflex/03-Sensitivity/S6/FST2F_FST1F_LWL_195deg.yml	2213
02.Mooring Analysis/03.Orcaflex/03-Sensitivity/S6/FST2F_FST1F_LWL_210deg.sim	1050663669
02.Mooring Analysis/03.Orcaflex/03-Sensitivity/S6/FST2F_FST1F_LWL_210deg.yml	2213
02.Mooring Analysis/03.Orcaflex/03-Sensitivity/S6/FST2F_FST1F_LWL_225deg.sim	1050663209
02.Mooring Analysis/03.Orcaflex/03-Sensitivity/S6/FST2F_FST1F_LWL_225deg.yml	2213
02.Mooring Analysis/03.Orcaflex/03-Sensitivity/S6/FST2F_FST1F_LWL_240deg.sim	1050662569
02.Mooring Analysis/03.Orcaflex/03-Sensitivity/S6/FST2F_FST1F_LWL_240deg.yml	2213
02.Mooring Analysis/03.Orcaflex/03-Sensitivity/S6/FST2F_FST1F_LWL_255deg.sim	1050661433
02.Mooring Analysis/03.Orcaflex/03-Sensitivity/S6/FST2F_FST1F_LWL_255deg.yml	2213
02.Mooring Analysis/03.Orcaflex/03-Sensitivity/S6/FST2F_FST1F_LWL_270deg.sim	1050659131
02.Mooring Analysis/03.Orcaflex/03-Sensitivity/S6/FST2F_FST1F_LWL_270deg.yml	2213
02.Mooring Analysis/03.Orcaflex/03-Sensitivity/S6/FST2F_FST1F_LWL_285deg.sim	1050660576
02.Mooring Analysis/03.Orcaflex/03-Sensitivity/S6/FST2F_FST1F_LWL_285deg.yml	2213
02.Mooring Analysis/03.Orcaflex/03-Sensitivity/S6/FST2F_FST1F_LWL_300deg.sim	1050659625
02.Mooring Analysis/03.Orcaflex/03-Sensitivity/S6/FST2F_FST1F_LWL_300deg.yml	2213
02.Mooring Analysis/03.Orcaflex/03-Sensitivity/S6/FST2F_FST1F_LWL_315deg.sim	1050658210
02.Mooring Analysis/03.Orcaflex/03-Sensitivity/S6/FST2F_FST1F_LWL_315deg.yml	2213
02.Mooring Analysis/03.Orcaflex/03-Sensitivity/S6/FST2F_FST1F_LWL_330deg.sim	1050658595
02.Mooring Analysis/03.Orcaflex/03-Sensitivity/S6/FST2F_FST1F_LWL_330deg.yml	2213
02.Mooring Analysis/03.Orcaflex/03-Sensitivity/S6/FST2F_FST1F_LWL_345deg.sim	1050661193
02.Mooring Analysis/03.Orcaflex/03-Sensitivity/S6/FST2F_FST1F_LWL_345deg.yml	2213
02.Mooring Analysis/03.Orcaflex/03-Sensitivity/S7/CL_FST2F_FST1F_LNGCPB_HWL_015deg.sim	2066010677
02.Mooring Analysis/03.Orcaflex/03-Sensitivity/S7/CL_FST2F_FST1F_LNGCPB_HWL_015deg.yml	2547
02.Mooring Analysis/03.Orcaflex/03-Sensitivity/S7/CL_FST2F_FST1F_LNGCPB_HWL_030deg.sim	2066011325
02.Mooring Analysis/03.Orcaflex/03-Sensitivity/S7/CL_FST2F_FST1F_LNGCPB_HWL_030deg.yml	2547
02.Mooring Analysis/03.Orcaflex/03-Sensitivity/S7/CL_FST2F_FST1F_LNGCPB_HWL_045deg.sim	2066013474
02.Mooring Analysis/03.Orcaflex/03-Sensitivity/S7/CL_FST2F_FST1F_LNGCPB_HWL_045deg.yml	2546
02.Mooring Analysis/03.Orcaflex/03-Sensitivity/S7/CL_FST2F_FST1F_LNGCPB_HWL_090deg.sim	2066013183
02.Mooring Analysis/03.Orcaflex/03-Sensitivity/S7/CL_FST2F_FST1F_LNGCPB_HWL_090deg.yml	2546
02.Mooring Analysis/03.Orcaflex/03-Sensitivity/S7/CL_FST2F_FST1F_LNGCPB_HWL_180deg.sim	2066008069
02.Mooring Analysis/03.Orcaflex/03-Sensitivity/S7/CL_FST2F_FST1F_LNGCPB_HWL_180deg.yml	2549
02.Mooring Analysis/03.Orcaflex/03-Sensitivity/S7/FST2F_FST1F_LNGCPB_HWL_000deg.sim	2066007806
02.Mooring Analysis/03.Orcaflex/03-Sensitivity/S7/FST2F_FST1F_LNGCPB_HWL_000deg.yml	2543
02.Mooring Analysis/03.Orcaflex/03-Sensitivity/S7/FST2F_FST1F_LNGCPB_HWL_015deg.sim	2066011552
02.Mooring Analysis/03.Orcaflex/03-Sensitivity/S7/FST2F_FST1F_LNGCPB_HWL_015deg.yml	2547
02.Mooring Analysis/03.Orcaflex/03-Sensitivity/S7/FST2F_FST1F_LNGCPB_HWL_030deg.sim	2066012131
02.Mooring Analysis/03.Orcaflex/03-Sensitivity/S7/FST2F_FST1F_LNGCPB_HWL_030deg.yml	2547
02.Mooring Analysis/03.Orcaflex/03-Sensitivity/S7/FST2F_FST1F_LNGCPB_HWL_045deg.sim	2066014570
02.Mooring Analysis/03.Orcaflex/03-Sensitivity/S7/FST2F_FST1F_LNGCPB_HWL_045deg.yml	2546
02.Mooring Analysis/03.Orcaflex/03-Sensitivity/S7/FST2F_FST1F_LNGCPB_HWL_060deg.sim	2066008890
02.Mooring Analysis/03.Orcaflex/03-Sensitivity/S7/FST2F_FST1F_LNGCPB_HWL_060deg.yml	2546
02.Mooring Analysis/03.Orcaflex/03-Sensitivity/S7/FST2F_FST1F_LNGCPB_HWL_075deg.sim	2066009225
02.Mooring Analysis/03.Orcaflex/03-Sensitivity/S7/FST2F_FST1F_LNGCPB_HWL_075deg.yml	2546
02.Mooring Analysis/03.Orcaflex/03-Sensitivity/S7/FST2F_FST1F_LNGCPB_HWL_090deg.sim	2066010922
02.Mooring Analysis/03.Orcaflex/03-Sensitivity/S7/FST2F_FST1F_LNGCPB_HWL_090deg.yml	2546
02.Mooring Analysis/03.Orcaflex/03-Sensitivity/S7/FST2F_FST1F_LNGCPB_HWL_105deg.sim	2066014850
02.Mooring Analysis/03.Orcaflex/03-Sensitivity/S7/FST2F_FST1F_LNGCPB_HWL_105deg.yml	2549
02.Mooring Analysis/03.Orcaflex/03-Sensitivity/S7/FST2F_FST1F_LNGCPB_HWL_120deg.sim	2066014608
02.Mooring Analysis/03.Orcaflex/03-Sensitivity/S7/FST2F_FST1F_LNGCPB_HWL_120deg.yml	2549
02.Mooring Analysis/03.Orcaflex/03-Sensitivity/S7/FST2F_FST1F_LNGCPB_HWL_135deg.sim	2066014569
02.Mooring Analysis/03.Orcaflex/03-Sensitivity/S7/FST2F_FST1F_LNGCPB_HWL_135deg.yml	2549
02.Mooring Analysis/03.Orcaflex/03-Sensitivity/S7/FST2F_FST1F_LNGCPB_HWL_150deg.sim	2066013469
02.Mooring Analysis/03.Orcaflex/03-Sensitivity/S7/FST2F_FST1F_LNGCPB_HWL_150deg.yml	2549
02.Mooring Analysis/03.Orcaflex/03-Sensitivity/S7/FST2F_FST1F_LNGCPB_HWL_165deg.sim	2066011834
02.Mooring Analysis/03.Orcaflex/03-Sensitivity/S7/FST2F_FST1F_LNGCPB_HWL_165deg.yml	2549
02.Mooring Analysis/03.Orcaflex/03-Sensitivity/S7/FST2F_FST1F_LNGCPB_HWL_180deg.sim	2066009970
02.Mooring Analysis/03.Orcaflex/03-Sensitivity/S7/FST2F_FST1F_LNGCPB_HWL_180deg.yml	2549
02.Mooring Analysis/03.Orcaflex/03-Sensitivity/S7/FST2F_FST1F_LNGCPB_HWL_195deg.sim	2066009126
02.Mooring Analysis/03.Orcaflex/03-Sensitivity/S7/FST2F_FST1F_LNGCPB_HWL_195deg.yml	2549
02.Mooring Analysis/03.Orcaflex/03-Sensitivity/S7/FST2F_FST1F_LNGCPB_HWL_210deg.sim	2066009770
02.Mooring Analysis/03.Orcaflex/03-Sensitivity/S7/FST2F_FST1F_LNGCPB_HWL_210deg.yml	2549
02.Mooring Analysis/03.Orcaflex/03-Sensitivity/S7/FST2F_FST1F_LNGCPB_HWL_225deg.sim	2066009146
02.Mooring Analysis/03.Orcaflex/03-Sensitivity/S7/FST2F_FST1F_LNGCPB_HWL_225deg.yml	2549
02.Mooring Analysis/03.Orcaflex/03-Sensitivity/S7/FST2F_FST1F_LNGCPB_HWL_240deg.sim	2066009749
02.Mooring Analysis/03.Orcaflex/03-Sensitivity/S7/FST2F_FST1F_LNGCPB_HWL_240deg.yml	2549
02.Mooring Analysis/03.Orcaflex/03-Sensitivity/S7/FST2F_FST1F_LNGCPB_HWL_255deg.sim	2066009708
02.Mooring Analysis/03.Orcaflex/03-Sensitivity/S7/FST2F_FST1F_LNGCPB_HWL_255deg.yml	2549
02.Mooring Analysis/03.Orcaflex/03-Sensitivity/S7/FST2F_FST1F_LNGCPB_HWL_270deg.sim	2066007384
02.Mooring Analysis/03.Orcaflex/03-Sensitivity/S7/FST2F_FST1F_LNGCPB_HWL_270deg.yml	2549
02.Mooring Analysis/03.Orcaflex/03-Sensitivity/S7/FST2F_FST1F_LNGCPB_HWL_285deg.sim	2066009438
02.Mooring Analysis/03.Orcaflex/03-Sensitivity/S7/FST2F_FST1F_LNGCPB_HWL_285deg.yml	2549
02.Mooring Analysis/03.Orcaflex/03-Sensitivity/S7/FST2F_FST1F_LNGCPB_HWL_300deg.sim	2066009738
02.Mooring Analysis/03.Orcaflex/03-Sensitivity/S7/FST2F_FST1F_LNGCPB_HWL_300deg.yml	2549
02.Mooring Analysis/03.Orcaflex/03-Sensitivity/S7/FST2F_FST1F_LNGCPB_HWL_315deg.sim	2066008220
02.Mooring Analysis/03.Orcaflex/03-Sensitivity/S7/FST2F_FST1F_LNGCPB_HWL_315deg.yml	2549
02.Mooring Analysis/03.Orcaflex/03-Sensitivity/S7/FST2F_FST1F_LNGCPB_HWL_330deg.sim	2066009501
02.Mooring Analysis/03.Orcaflex/03-Sensitivity/S7/FST2F_FST1F_LNGCPB_HWL_330deg.yml	2549
02.Mooring Analysis/03.Orcaflex/03-Sensitivity/S7/FST2F_FST1F_LNGCPB_HWL_345deg.sim	2066009721
02.Mooring Analysis/03.Orcaflex/03-Sensitivity/S7/FST2F_FST1F_LNGCPB_HWL_345deg.yml	2549
02.Mooring Analysis/03.Orcaflex/03-Sensitivity/S8/CL_FST2F_FST1F_LNGCPB_HWL_015deg.sim	2066011974
02.Mooring Analysis/03.Orcaflex/03-Sensitivity/S8/CL_FST2F_FST1F_LNGCPB_HWL_015deg.yml	2551
02.Mooring Analysis/03.Orcaflex/03-Sensitivity/S8/CL_FST2F_FST1F_LNGCPB_HWL_030deg.sim	2066011225
02.Mooring Analysis/03.Orcaflex/03-Sensitivity/S8/CL_FST2F_FST1F_LNGCPB_HWL_030deg.yml	2551
02.Mooring Analysis/03.Orcaflex/03-Sensitivity/S8/CL_FST2F_FST1F_LNGCPB_HWL_045deg.sim	2066014364
02.Mooring Analysis/03.Orcaflex/03-Sensitivity/S8/CL_FST2F_FST1F_LNGCPB_HWL_045deg.yml	2550
02.Mooring Analysis/03.Orcaflex/03-Sensitivity/S8/CL_FST2F_FST1F_LNGCPB_HWL_090deg.sim	2066013596
02.Mooring Analysis/03.Orcaflex/03-Sensitivity/S8/CL_FST2F_FST1F_LNGCPB_HWL_090deg.yml	2550
02.Mooring Analysis/03.Orcaflex/03-Sensitivity/S8/CL_FST2F_FST1F_LNGCPB_HWL_180deg.sim	2066007864
02.Mooring Analysis/03.Orcaflex/03-Sensitivity/S8/CL_FST2F_FST1F_LNGCPB_HWL_180deg.yml	2553
02.Mooring Analysis/03.Orcaflex/03-Sensitivity/S8/FST2F_FST1F_LNGCPB_HWL_000deg.sim	2066007619
02.Mooring Analysis/03.Orcaflex/03-Sensitivity/S8/FST2F_FST1F_LNGCPB_HWL_000deg.yml	2547
02.Mooring Analysis/03.Orcaflex/03-Sensitivity/S8/FST2F_FST1F_LNGCPB_HWL_015deg.sim	2066012006
02.Mooring Analysis/03.Orcaflex/03-Sensitivity/S8/FST2F_FST1F_LNGCPB_HWL_015deg.yml	2551
02.Mooring Analysis/03.Orcaflex/03-Sensitivity/S8/FST2F_FST1F_LNGCPB_HWL_030deg.sim	2066012166
02.Mooring Analysis/03.Orcaflex/03-Sensitivity/S8/FST2F_FST1F_LNGCPB_HWL_030deg.yml	2551
02.Mooring Analysis/03.Orcaflex/03-Sensitivity/S8/FST2F_FST1F_LNGCPB_HWL_045deg.sim	2066014585
02.Mooring Analysis/03.Orcaflex/03-Sensitivity/S8/FST2F_FST1F_LNGCPB_HWL_045deg.yml	2550
02.Mooring Analysis/03.Orcaflex/03-Sensitivity/S8/FST2F_FST1F_LNGCPB_HWL_060deg.sim	2066013647
02.Mooring Analysis/03.Orcaflex/03-Sensitivity/S8/FST2F_FST1F_LNGCPB_HWL_060deg.yml	2550
02.Mooring Analysis/03.Orcaflex/03-Sensitivity/S8/FST2F_FST1F_LNGCPB_HWL_075deg.sim	2066013071
02.Mooring Analysis/03.Orcaflex/03-Sensitivity/S8/FST2F_FST1F_LNGCPB_HWL_075deg.yml	2550
02.Mooring Analysis/03.Orcaflex/03-Sensitivity/S8/FST2F_FST1F_LNGCPB_HWL_090deg.sim	2066013975
02.Mooring Analysis/03.Orcaflex/03-Sensitivity/S8/FST2F_FST1F_LNGCPB_HWL_090deg.yml	2550
02.Mooring Analysis/03.Orcaflex/03-Sensitivity/S8/FST2F_FST1F_LNGCPB_HWL_105deg.sim	2066015438
02.Mooring Analysis/03.Orcaflex/03-Sensitivity/S8/FST2F_FST1F_LNGCPB_HWL_105deg.yml	2553
02.Mooring Analysis/03.Orcaflex/03-Sensitivity/S8/FST2F_FST1F_LNGCPB_HWL_120deg.sim	2066014681
02.Mooring Analysis/03.Orcaflex/03-Sensitivity/S8/FST2F_FST1F_LNGCPB_HWL_120deg.yml	2553
02.Mooring Analysis/03.Orcaflex/03-Sensitivity/S8/FST2F_FST1F_LNGCPB_HWL_135deg.sim	2066014068
02.Mooring Analysis/03.Orcaflex/03-Sensitivity/S8/FST2F_FST1F_LNGCPB_HWL_135deg.yml	2553
02.Mooring Analysis/03.Orcaflex/03-Sensitivity/S8/FST2F_FST1F_LNGCPB_HWL_150deg.sim	2066013569
02.Mooring Analysis/03.Orcaflex/03-Sensitivity/S8/FST2F_FST1F_LNGCPB_HWL_150deg.yml	2553
02.Mooring Analysis/03.Orcaflex/03-Sensitivity/S8/FST2F_FST1F_LNGCPB_HWL_165deg.sim	2066012050
02.Mooring Analysis/03.Orcaflex/03-Sensitivity/S8/FST2F_FST1F_LNGCPB_HWL_165deg.yml	2553
02.Mooring Analysis/03.Orcaflex/03-Sensitivity/S8/FST2F_FST1F_LNGCPB_HWL_180deg.sim	2066010223
02.Mooring Analysis/03.Orcaflex/03-Sensitivity/S8/FST2F_FST1F_LNGCPB_HWL_180deg.yml	2553
02.Mooring Analysis/03.Orcaflex/03-Sensitivity/S8/FST2F_FST1F_LNGCPB_HWL_195deg.sim	2066009109
02.Mooring Analysis/03.Orcaflex/03-Sensitivity/S8/FST2F_FST1F_LNGCPB_HWL_195deg.yml	2553
02.Mooring Analysis/03.Orcaflex/03-Sensitivity/S8/FST2F_FST1F_LNGCPB_HWL_210deg.sim	2066006311
02.Mooring Analysis/03.Orcaflex/03-Sensitivity/S8/FST2F_FST1F_LNGCPB_HWL_210deg.yml	2553
02.Mooring Analysis/03.Orcaflex/03-Sensitivity/S8/FST2F_FST1F_LNGCPB_HWL_225deg.sim	2066009108
02.Mooring Analysis/03.Orcaflex/03-Sensitivity/S8/FST2F_FST1F_LNGCPB_HWL_225deg.yml	2553
02.Mooring Analysis/03.Orcaflex/03-Sensitivity/S8/FST2F_FST1F_LNGCPB_HWL_240deg.sim	2066010070
02.Mooring Analysis/03.Orcaflex/03-Sensitivity/S8/FST2F_FST1F_LNGCPB_HWL_240deg.yml	2553
02.Mooring Analysis/03.Orcaflex/03-Sensitivity/S8/FST2F_FST1F_LNGCPB_HWL_255deg.sim	2066009903
02.Mooring Analysis/03.Orcaflex/03-Sensitivity/S8/FST2F_FST1F_LNGCPB_HWL_255deg.yml	2553
02.Mooring Analysis/03.Orcaflex/03-Sensitivity/S8/FST2F_FST1F_LNGCPB_HWL_270deg.sim	2066007269
02.Mooring Analysis/03.Orcaflex/03-Sensitivity/S8/FST2F_FST1F_LNGCPB_HWL_270deg.yml	2553
02.Mooring Analysis/03.Orcaflex/03-Sensitivity/S8/FST2F_FST1F_LNGCPB_HWL_285deg.sim	2066008972
02.Mooring Analysis/03.Orcaflex/03-Sensitivity/S8/FST2F_FST1F_LNGCPB_HWL_285deg.yml	2553
02.Mooring Analysis/03.Orcaflex/03-Sensitivity/S8/FST2F_FST1F_LNGCPB_HWL_300deg.sim	2066009837
02.Mooring Analysis/03.Orcaflex/03-Sensitivity/S8/FST2F_FST1F_LNGCPB_HWL_300deg.yml	2553
02.Mooring Analysis/03.Orcaflex/03-Sensitivity/S8/FST2F_FST1F_LNGCPB_HWL_315deg.sim	2066008721
02.Mooring Analysis/03.Orcaflex/03-Sensitivity/S8/FST2F_FST1F_LNGCPB_HWL_315deg.yml	2553
02.Mooring Analysis/03.Orcaflex/03-Sensitivity/S8/FST2F_FST1F_LNGCPB_HWL_330deg.sim	2066009403
02.Mooring Analysis/03.Orcaflex/03-Sensitivity/S8/FST2F_FST1F_LNGCPB_HWL_330deg.yml	2553
02.Mooring Analysis/03.Orcaflex/03-Sensitivity/S8/FST2F_FST1F_LNGCPB_HWL_345deg.sim	2066009837
02.Mooring Analysis/03.Orcaflex/03-Sensitivity/S8/FST2F_FST1F_LNGCPB_HWL_345deg.yml	2553
02.Mooring Analysis/03.Orcaflex/03-Sensitivity/S9/CL_FST2L_FST1L_LNGCPF_LWL_015deg.sim	2063842154
02.Mooring Analysis/03.Orcaflex/03-Sensitivity/S9/CL_FST2L_FST1L_LNGCPF_LWL_015deg.yml	2547
02.Mooring Analysis/03.Orcaflex/03-Sensitivity/S9/CL_FST2L_FST1L_LNGCPF_LWL_030deg.sim	2063843023
02.Mooring Analysis/03.Orcaflex/03-Sensitivity/S9/CL_FST2L_FST1L_LNGCPF_LWL_030deg.yml	2547
02.Mooring Analysis/03.Orcaflex/03-Sensitivity/S9/CL_FST2L_FST1L_LNGCPF_LWL_045deg.sim	2063841595
02.Mooring Analysis/03.Orcaflex/03-Sensitivity/S9/CL_FST2L_FST1L_LNGCPF_LWL_045deg.yml	2546
02.Mooring Analysis/03.Orcaflex/03-Sensitivity/S9/CL_FST2L_FST1L_LNGCPF_LWL_090deg.sim	2063842305
02.Mooring Analysis/03.Orcaflex/03-Sensitivity/S9/CL_FST2L_FST1L_LNGCPF_LWL_090deg.yml	2546
02.Mooring Analysis/03.Orcaflex/03-Sensitivity/S9/CL_FST2L_FST1L_LNGCPF_LWL_180deg.sim	2063838841
02.Mooring Analysis/03.Orcaflex/03-Sensitivity/S9/CL_FST2L_FST1L_LNGCPF_LWL_180deg.yml	2549
02.Mooring Analysis/03.Orcaflex/03-Sensitivity/S9/FST2L_FST1L_LNGCPF_LWL_000deg.sim	2063838163
02.Mooring Analysis/03.Orcaflex/03-Sensitivity/S9/FST2L_FST1L_LNGCPF_LWL_000deg.yml	2543
02.Mooring Analysis/03.Orcaflex/03-Sensitivity/S9/FST2L_FST1L_LNGCPF_LWL_015deg.sim	2063844241
02.Mooring Analysis/03.Orcaflex/03-Sensitivity/S9/FST2L_FST1L_LNGCPF_LWL_015deg.yml	2547
02.Mooring Analysis/03.Orcaflex/03-Sensitivity/S9/FST2L_FST1L_LNGCPF_LWL_030deg.sim	2063844993
02.Mooring Analysis/03.Orcaflex/03-Sensitivity/S9/FST2L_FST1L_LNGCPF_LWL_030deg.yml	2547
02.Mooring Analysis/03.Orcaflex/03-Sensitivity/S9/FST2L_FST1L_LNGCPF_LWL_045deg.sim	2063843141
02.Mooring Analysis/03.Orcaflex/03-Sensitivity/S9/FST2L_FST1L_LNGCPF_LWL_045deg.yml	2546
02.Mooring Analysis/03.Orcaflex/03-Sensitivity/S9/FST2L_FST1L_LNGCPF_LWL_060deg.sim	2063843251
02.Mooring Analysis/03.Orcaflex/03-Sensitivity/S9/FST2L_FST1L_LNGCPF_LWL_060deg.yml	2546
02.Mooring Analysis/03.Orcaflex/03-Sensitivity/S9/FST2L_FST1L_LNGCPF_LWL_075deg.sim	2063844092
02.Mooring Analysis/03.Orcaflex/03-Sensitivity/S9/FST2L_FST1L_LNGCPF_LWL_075deg.yml	2546
02.Mooring Analysis/03.Orcaflex/03-Sensitivity/S9/FST2L_FST1L_LNGCPF_LWL_090deg.sim	2063844212
02.Mooring Analysis/03.Orcaflex/03-Sensitivity/S9/FST2L_FST1L_LNGCPF_LWL_090deg.yml	2546
02.Mooring Analysis/03.Orcaflex/03-Sensitivity/S9/FST2L_FST1L_LNGCPF_LWL_105deg.sim	2063843818
02.Mooring Analysis/03.Orcaflex/03-Sensitivity/S9/FST2L_FST1L_LNGCPF_LWL_105deg.yml	2549
02.Mooring Analysis/03.Orcaflex/03-Sensitivity/S9/FST2L_FST1L_LNGCPF_LWL_120deg.sim	2063840233
02.Mooring Analysis/03.Orcaflex/03-Sensitivity/S9/FST2L_FST1L_LNGCPF_LWL_120deg.yml	2549
02.Mooring Analysis/03.Orcaflex/03-Sensitivity/S9/FST2L_FST1L_LNGCPF_LWL_135deg.sim	2063839459
02.Mooring Analysis/03.Orcaflex/03-Sensitivity/S9/FST2L_FST1L_LNGCPF_LWL_135deg.yml	2549
02.Mooring Analysis/03.Orcaflex/03-Sensitivity/S9/FST2L_FST1L_LNGCPF_LWL_150deg.sim	2063842850
02.Mooring Analysis/03.Orcaflex/03-Sensitivity/S9/FST2L_FST1L_LNGCPF_LWL_150deg.yml	2549
02.Mooring Analysis/03.Orcaflex/03-Sensitivity/S9/FST2L_FST1L_LNGCPF_LWL_165deg.sim	2063838591
02.Mooring Analysis/03.Orcaflex/03-Sensitivity/S9/FST2L_FST1L_LNGCPF_LWL_165deg.yml	2549
02.Mooring Analysis/03.Orcaflex/03-Sensitivity/S9/FST2L_FST1L_LNGCPF_LWL_180deg.sim	2063841447
02.Mooring Analysis/03.Orcaflex/03-Sensitivity/S9/FST2L_FST1L_LNGCPF_LWL_180deg.yml	2549
02.Mooring Analysis/03.Orcaflex/03-Sensitivity/S9/FST2L_FST1L_LNGCPF_LWL_195deg.sim	2063838300
02.Mooring Analysis/03.Orcaflex/03-Sensitivity/S9/FST2L_FST1L_LNGCPF_LWL_195deg.yml	2549
02.Mooring Analysis/03.Orcaflex/03-Sensitivity/S9/FST2L_FST1L_LNGCPF_LWL_210deg.sim	2063837482
02.Mooring Analysis/03.Orcaflex/03-Sensitivity/S9/FST2L_FST1L_LNGCPF_LWL_210deg.yml	2549
02.Mooring Analysis/03.Orcaflex/03-Sensitivity/S9/FST2L_FST1L_LNGCPF_LWL_225deg.sim	2063839116
02.Mooring Analysis/03.Orcaflex/03-Sensitivity/S9/FST2L_FST1L_LNGCPF_LWL_225deg.yml	2549
02.Mooring Analysis/03.Orcaflex/03-Sensitivity/S9/FST2L_FST1L_LNGCPF_LWL_240deg.sim	2063840680
02.Mooring Analysis/03.Orcaflex/03-Sensitivity/S9/FST2L_FST1L_LNGCPF_LWL_240deg.yml	2549
02.Mooring Analysis/03.Orcaflex/03-Sensitivity/S9/FST2L_FST1L_LNGCPF_LWL_255deg.sim	2063838027
02.Mooring Analysis/03.Orcaflex/03-Sensitivity/S9/FST2L_FST1L_LNGCPF_LWL_255deg.yml	2549
02.Mooring Analysis/03.Orcaflex/03-Sensitivity/S9/FST2L_FST1L_LNGCPF_LWL_270deg.sim	2063835457
02.Mooring Analysis/03.Orcaflex/03-Sensitivity/S9/FST2L_FST1L_LNGCPF_LWL_270deg.yml	2549
02.Mooring Analysis/03.Orcaflex/03-Sensitivity/S9/FST2L_FST1L_LNGCPF_LWL_285deg.sim	2063837037
02.Mooring Analysis/03.Orcaflex/03-Sensitivity/S9/FST2L_FST1L_LNGCPF_LWL_285deg.yml	2549
02.Mooring Analysis/03.Orcaflex/03-Sensitivity/S9/FST2L_FST1L_LNGCPF_LWL_300deg.sim	2063837729
02.Mooring Analysis/03.Orcaflex/03-Sensitivity/S9/FST2L_FST1L_LNGCPF_LWL_300deg.yml	2549
02.Mooring Analysis/03.Orcaflex/03-Sensitivity/S9/FST2L_FST1L_LNGCPF_LWL_315deg.sim	2063841724
02.Mooring Analysis/03.Orcaflex/03-Sensitivity/S9/FST2L_FST1L_LNGCPF_LWL_315deg.yml	2549
02.Mooring Analysis/03.Orcaflex/03-Sensitivity/S9/FST2L_FST1L_LNGCPF_LWL_330deg.sim	2063841662
02.Mooring Analysis/03.Orcaflex/03-Sensitivity/S9/FST2L_FST1L_LNGCPF_LWL_330deg.yml	2549
02.Mooring Analysis/03.Orcaflex/03-Sensitivity/S9/FST2L_FST1L_LNGCPF_LWL_345deg.sim	2063841210
02.Mooring Analysis/03.Orcaflex/03-Sensitivity/S9/FST2L_FST1L_LNGCPF_LWL_345deg.yml	2549
02.Mooring Analysis/03.Orcaflex/03-Sensitivity/Thumbs.db	14336
02.Mooring Analysis/03.Orcaflex/04-Fatigue/F001.sim	444096272
02.Mooring Analysis/03.Orcaflex/04-Fatigue/F001.yml	2537
02.Mooring Analysis/03.Orcaflex/04-Fatigue/F002.sim	444096234
02.Mooring Analysis/03.Orcaflex/04-Fatigue/F002.yml	2537
02.Mooring Analysis/03.Orcaflex/04-Fatigue/F003.sim	444096524
02.Mooring Analysis/03.Orcaflex/04-Fatigue/F003.yml	2537
02.Mooring Analysis/03.Orcaflex/04-Fatigue/F004.sim	444096507
02.Mooring Analysis/03.Orcaflex/04-Fatigue/F004.yml	2537
02.Mooring Analysis/03.Orcaflex/04-Fatigue/F005.sim	444096542
02.Mooring Analysis/03.Orcaflex/04-Fatigue/F005.yml	2537
02.Mooring Analysis/03.Orcaflex/04-Fatigue/F006.sim	444096603
02.Mooring Analysis/03.Orcaflex/04-Fatigue/F006.yml	2537
02.Mooring Analysis/03.Orcaflex/04-Fatigue/F007.sim	444094612
02.Mooring Analysis/03.Orcaflex/04-Fatigue/F007.yml	2537
02.Mooring Analysis/03.Orcaflex/04-Fatigue/F008.sim	444094608
02.Mooring Analysis/03.Orcaflex/04-Fatigue/F008.yml	2537
02.Mooring Analysis/03.Orcaflex/04-Fatigue/F009.sim	444094330
02.Mooring Analysis/03.Orcaflex/04-Fatigue/F009.yml	2537
02.Mooring Analysis/03.Orcaflex/04-Fatigue/F010.sim	444096775
02.Mooring Analysis/03.Orcaflex/04-Fatigue/F010.yml	2540
02.Mooring Analysis/03.Orcaflex/04-Fatigue/F011.sim	444096620
02.Mooring Analysis/03.Orcaflex/04-Fatigue/F011.yml	2540
02.Mooring Analysis/03.Orcaflex/04-Fatigue/F012.sim	444096404
02.Mooring Analysis/03.Orcaflex/04-Fatigue/F012.yml	2540
02.Mooring Analysis/03.Orcaflex/04-Fatigue/F013.sim	444097377
02.Mooring Analysis/03.Orcaflex/04-Fatigue/F013.yml	2540
02.Mooring Analysis/03.Orcaflex/04-Fatigue/F014.sim	444096866
02.Mooring Analysis/03.Orcaflex/04-Fatigue/F014.yml	2540
02.Mooring Analysis/03.Orcaflex/04-Fatigue/F015.sim	444096375
02.Mooring Analysis/03.Orcaflex/04-Fatigue/F015.yml	2540
02.Mooring Analysis/03.Orcaflex/04-Fatigue/F016.sim	444096506
02.Mooring Analysis/03.Orcaflex/04-Fatigue/F016.yml	2540
02.Mooring Analysis/03.Orcaflex/04-Fatigue/F017.sim	444096563
02.Mooring Analysis/03.Orcaflex/04-Fatigue/F017.yml	2540
02.Mooring Analysis/03.Orcaflex/04-Fatigue/F018.sim	444096627
02.Mooring Analysis/03.Orcaflex/04-Fatigue/F018.yml	2540
02.Mooring Analysis/03.Orcaflex/04-Fatigue/F019.sim	428861613
02.Mooring Analysis/03.Orcaflex/04-Fatigue/F019.yml	2253
02.Mooring Analysis/03.Orcaflex/04-Fatigue/F020.sim	428861490
02.Mooring Analysis/03.Orcaflex/04-Fatigue/F020.yml	2253
02.Mooring Analysis/03.Orcaflex/04-Fatigue/F021.sim	428861666
02.Mooring Analysis/03.Orcaflex/04-Fatigue/F021.yml	2253
02.Mooring Analysis/03.Orcaflex/04-Fatigue/F022.sim	428861818
02.Mooring Analysis/03.Orcaflex/04-Fatigue/F022.yml	2253
02.Mooring Analysis/03.Orcaflex/04-Fatigue/F023.sim	428861783
02.Mooring Analysis/03.Orcaflex/04-Fatigue/F023.yml	2253
02.Mooring Analysis/03.Orcaflex/04-Fatigue/F024.sim	428861825
02.Mooring Analysis/03.Orcaflex/04-Fatigue/F024.yml	2253
02.Mooring Analysis/03.Orcaflex/04-Fatigue/F025.sim	428859708
02.Mooring Analysis/03.Orcaflex/04-Fatigue/F025.yml	2253
02.Mooring Analysis/03.Orcaflex/04-Fatigue/F026.sim	428859663
02.Mooring Analysis/03.Orcaflex/04-Fatigue/F026.yml	2253
02.Mooring Analysis/03.Orcaflex/04-Fatigue/F027.sim	428859708
02.Mooring Analysis/03.Orcaflex/04-Fatigue/F027.yml	2253
02.Mooring Analysis/03.Orcaflex/04-Fatigue/F028.sim	428861770
02.Mooring Analysis/03.Orcaflex/04-Fatigue/F028.yml	2256
02.Mooring Analysis/03.Orcaflex/04-Fatigue/F029.sim	428861891
02.Mooring Analysis/03.Orcaflex/04-Fatigue/F029.yml	2256
02.Mooring Analysis/03.Orcaflex/04-Fatigue/F030.sim	428861831
02.Mooring Analysis/03.Orcaflex/04-Fatigue/F030.yml	2256
02.Mooring Analysis/03.Orcaflex/04-Fatigue/F031.sim	428862157
02.Mooring Analysis/03.Orcaflex/04-Fatigue/F031.yml	2256
02.Mooring Analysis/03.Orcaflex/04-Fatigue/F032.sim	428861983
02.Mooring Analysis/03.Orcaflex/04-Fatigue/F032.yml	2256
02.Mooring Analysis/03.Orcaflex/04-Fatigue/F033.sim	428862049
02.Mooring Analysis/03.Orcaflex/04-Fatigue/F033.yml	2256
02.Mooring Analysis/03.Orcaflex/04-Fatigue/F034.sim	428862038
02.Mooring Analysis/03.Orcaflex/04-Fatigue/F034.yml	2256
02.Mooring Analysis/03.Orcaflex/04-Fatigue/F035.sim	428861749
02.Mooring Analysis/03.Orcaflex/04-Fatigue/F035.yml	2256
02.Mooring Analysis/03.Orcaflex/04-Fatigue/F036.sim	428861686
02.Mooring Analysis/03.Orcaflex/04-Fatigue/F036.yml	2256
02.Mooring Analysis/03.Orcaflex/04-Fatigue/F037.sim	444094929
02.Mooring Analysis/03.Orcaflex/04-Fatigue/F037.yml	2540
02.Mooring Analysis/03.Orcaflex/04-Fatigue/F038.sim	444097333
02.Mooring Analysis/03.Orcaflex/04-Fatigue/F038.yml	2543
02.Mooring Analysis/03.Orcaflex/04-Fatigue/F039.sim	444093974
02.Mooring Analysis/03.Orcaflex/04-Fatigue/F039.yml	2543
02.Mooring Analysis/03.Orcaflex/04-Fatigue/F040.sim	444095740
02.Mooring Analysis/03.Orcaflex/04-Fatigue/F040.yml	2543
02.Mooring Analysis/03.Orcaflex/04-Fatigue/F041.sim	444094029
02.Mooring Analysis/03.Orcaflex/04-Fatigue/F041.yml	2543
02.Mooring Analysis/03.Orcaflex/04-Fatigue/F042.sim	444095747
02.Mooring Analysis/03.Orcaflex/04-Fatigue/F042.yml	2546
02.Mooring Analysis/03.Orcaflex/04-Fatigue/F043.sim	444096225
02.Mooring Analysis/03.Orcaflex/04-Fatigue/F043.yml	2546
02.Mooring Analysis/03.Orcaflex/04-Fatigue/F044.sim	444098069
02.Mooring Analysis/03.Orcaflex/04-Fatigue/F044.yml	2546
02.Mooring Analysis/03.Orcaflex/04-Fatigue/F045.sim	444095551
02.Mooring Analysis/03.Orcaflex/04-Fatigue/F045.yml	2546
02.Mooring Analysis/03.Orcaflex/04-Fatigue/F046.sim	444097554
02.Mooring Analysis/03.Orcaflex/04-Fatigue/F046.yml	2546
02.Mooring Analysis/03.Orcaflex/04-Fatigue/F047.sim	444095800
02.Mooring Analysis/03.Orcaflex/04-Fatigue/F047.yml	2546
02.Mooring Analysis/03.Orcaflex/04-Fatigue/F048.sim	444095604
02.Mooring Analysis/03.Orcaflex/04-Fatigue/F048.yml	2546
02.Mooring Analysis/03.Orcaflex/04-Fatigue/F049.sim	444093558
02.Mooring Analysis/03.Orcaflex/04-Fatigue/F049.yml	2546
02.Mooring Analysis/03.Orcaflex/04-Fatigue/F050.sim	444095507
02.Mooring Analysis/03.Orcaflex/04-Fatigue/F050.yml	2546
02.Mooring Analysis/03.Orcaflex/04-Fatigue/F051.sim	444095946
02.Mooring Analysis/03.Orcaflex/04-Fatigue/F051.yml	2546
02.Mooring Analysis/03.Orcaflex/04-Fatigue/F052.sim	444097060
02.Mooring Analysis/03.Orcaflex/04-Fatigue/F052.yml	2546
02.Mooring Analysis/03.Orcaflex/04-Fatigue/F053.sim	428859816
02.Mooring Analysis/03.Orcaflex/04-Fatigue/F053.yml	2256
02.Mooring Analysis/03.Orcaflex/04-Fatigue/F054.sim	428862371
02.Mooring Analysis/03.Orcaflex/04-Fatigue/F054.yml	2259
02.Mooring Analysis/03.Orcaflex/04-Fatigue/F055.sim	428860177
02.Mooring Analysis/03.Orcaflex/04-Fatigue/F055.yml	2259
02.Mooring Analysis/03.Orcaflex/04-Fatigue/F056.sim	428861134
02.Mooring Analysis/03.Orcaflex/04-Fatigue/F056.yml	2259
02.Mooring Analysis/03.Orcaflex/04-Fatigue/F057.sim	428858857
02.Mooring Analysis/03.Orcaflex/04-Fatigue/F057.yml	2259
02.Mooring Analysis/03.Orcaflex/04-Fatigue/F058.sim	428861337
02.Mooring Analysis/03.Orcaflex/04-Fatigue/F058.yml	2262
02.Mooring Analysis/03.Orcaflex/04-Fatigue/F059.sim	428861299
02.Mooring Analysis/03.Orcaflex/04-Fatigue/F059.yml	2262
02.Mooring Analysis/03.Orcaflex/04-Fatigue/F060.sim	428862573
02.Mooring Analysis/03.Orcaflex/04-Fatigue/F060.yml	2262
02.Mooring Analysis/03.Orcaflex/04-Fatigue/F061.sim	428859991
02.Mooring Analysis/03.Orcaflex/04-Fatigue/F061.yml	2262
02.Mooring Analysis/03.Orcaflex/04-Fatigue/F062.sim	428861763
02.Mooring Analysis/03.Orcaflex/04-Fatigue/F062.yml	2262
02.Mooring Analysis/03.Orcaflex/04-Fatigue/F063.sim	428858513
02.Mooring Analysis/03.Orcaflex/04-Fatigue/F063.yml	2262
02.Mooring Analysis/03.Orcaflex/04-Fatigue/F064.sim	428854266
02.Mooring Analysis/03.Orcaflex/04-Fatigue/F064.yml	2262
02.Mooring Analysis/03.Orcaflex/04-Fatigue/F065.sim	428853140
02.Mooring Analysis/03.Orcaflex/04-Fatigue/F065.yml	2262
02.Mooring Analysis/03.Orcaflex/04-Fatigue/F066.sim	428855610
02.Mooring Analysis/03.Orcaflex/04-Fatigue/F066.yml	2262
02.Mooring Analysis/03.Orcaflex/04-Fatigue/F067.sim	428855785
02.Mooring Analysis/03.Orcaflex/04-Fatigue/F067.yml	2262
02.Mooring Analysis/03.Orcaflex/04-Fatigue/F068.sim	428861099
02.Mooring Analysis/03.Orcaflex/04-Fatigue/F068.yml	2262
02.Mooring Analysis/03.Orcaflex/04-Fatigue/F069.sim	836897966
02.Mooring Analysis/03.Orcaflex/04-Fatigue/F069.yml	2593
02.Mooring Analysis/03.Orcaflex/04-Fatigue/F070.sim	836898148
02.Mooring Analysis/03.Orcaflex/04-Fatigue/F070.yml	2593
02.Mooring Analysis/03.Orcaflex/04-Fatigue/F071.sim	836898349
02.Mooring Analysis/03.Orcaflex/04-Fatigue/F071.yml	2593
02.Mooring Analysis/03.Orcaflex/04-Fatigue/F072.sim	836898927
02.Mooring Analysis/03.Orcaflex/04-Fatigue/F072.yml	2593
02.Mooring Analysis/03.Orcaflex/04-Fatigue/F073.sim	836898481
02.Mooring Analysis/03.Orcaflex/04-Fatigue/F073.yml	2593
02.Mooring Analysis/03.Orcaflex/04-Fatigue/F074.sim	836898286
02.Mooring Analysis/03.Orcaflex/04-Fatigue/F074.yml	2593
02.Mooring Analysis/03.Orcaflex/04-Fatigue/F075.sim	836896438
02.Mooring Analysis/03.Orcaflex/04-Fatigue/F075.yml	2593
02.Mooring Analysis/03.Orcaflex/04-Fatigue/F076.sim	836895888
02.Mooring Analysis/03.Orcaflex/04-Fatigue/F076.yml	2593
02.Mooring Analysis/03.Orcaflex/04-Fatigue/F077.sim	836895515
02.Mooring Analysis/03.Orcaflex/04-Fatigue/F077.yml	2593
02.Mooring Analysis/03.Orcaflex/04-Fatigue/F078.sim	836898363
02.Mooring Analysis/03.Orcaflex/04-Fatigue/F078.yml	2596
02.Mooring Analysis/03.Orcaflex/04-Fatigue/F079.sim	836898682
02.Mooring Analysis/03.Orcaflex/04-Fatigue/F079.yml	2596
02.Mooring Analysis/03.Orcaflex/04-Fatigue/F080.sim	836898089
02.Mooring Analysis/03.Orcaflex/04-Fatigue/F080.yml	2596
02.Mooring Analysis/03.Orcaflex/04-Fatigue/F081.sim	836898384
02.Mooring Analysis/03.Orcaflex/04-Fatigue/F081.yml	2596
02.Mooring Analysis/03.Orcaflex/04-Fatigue/F082.sim	836898350
02.Mooring Analysis/03.Orcaflex/04-Fatigue/F082.yml	2596
02.Mooring Analysis/03.Orcaflex/04-Fatigue/F083.sim	836897981
02.Mooring Analysis/03.Orcaflex/04-Fatigue/F083.yml	2596
02.Mooring Analysis/03.Orcaflex/04-Fatigue/F084.sim	836898285
02.Mooring Analysis/03.Orcaflex/04-Fatigue/F084.yml	2596
02.Mooring Analysis/03.Orcaflex/04-Fatigue/F085.sim	836898638
02.Mooring Analysis/03.Orcaflex/04-Fatigue/F085.yml	2596
02.Mooring Analysis/03.Orcaflex/04-Fatigue/F086.sim	836898328
02.Mooring Analysis/03.Orcaflex/04-Fatigue/F086.yml	2596
02.Mooring Analysis/03.Orcaflex/04-Fatigue/F087.sim	839234925
02.Mooring Analysis/03.Orcaflex/04-Fatigue/F087.yml	2593
02.Mooring Analysis/03.Orcaflex/04-Fatigue/F088.sim	839235002
02.Mooring Analysis/03.Orcaflex/04-Fatigue/F088.yml	2593
02.Mooring Analysis/03.Orcaflex/04-Fatigue/F089.sim	839235175
02.Mooring Analysis/03.Orcaflex/04-Fatigue/F089.yml	2593
02.Mooring Analysis/03.Orcaflex/04-Fatigue/F090.sim	839234967
02.Mooring Analysis/03.Orcaflex/04-Fatigue/F090.yml	2593
02.Mooring Analysis/03.Orcaflex/04-Fatigue/F091.sim	839235388
02.Mooring Analysis/03.Orcaflex/04-Fatigue/F091.yml	2593
02.Mooring Analysis/03.Orcaflex/04-Fatigue/F092.sim	839235437
02.Mooring Analysis/03.Orcaflex/04-Fatigue/F092.yml	2593
02.Mooring Analysis/03.Orcaflex/04-Fatigue/F093.sim	839233168
02.Mooring Analysis/03.Orcaflex/04-Fatigue/F093.yml	2593
02.Mooring Analysis/03.Orcaflex/04-Fatigue/F094.sim	839233381
02.Mooring Analysis/03.Orcaflex/04-Fatigue/F094.yml	2593
02.Mooring Analysis/03.Orcaflex/04-Fatigue/F095.sim	839233015
02.Mooring Analysis/03.Orcaflex/04-Fatigue/F095.yml	2593
02.Mooring Analysis/03.Orcaflex/04-Fatigue/F096.sim	839235355
02.Mooring Analysis/03.Orcaflex/04-Fatigue/F096.yml	2596
02.Mooring Analysis/03.Orcaflex/04-Fatigue/F097.sim	839235374
02.Mooring Analysis/03.Orcaflex/04-Fatigue/F097.yml	2596
02.Mooring Analysis/03.Orcaflex/04-Fatigue/F098.sim	839235303
02.Mooring Analysis/03.Orcaflex/04-Fatigue/F098.yml	2596
02.Mooring Analysis/03.Orcaflex/04-Fatigue/F099.sim	839234993
02.Mooring Analysis/03.Orcaflex/04-Fatigue/F099.yml	2596
02.Mooring Analysis/03.Orcaflex/04-Fatigue/F100.sim	839235182
02.Mooring Analysis/03.Orcaflex/04-Fatigue/F100.yml	2596
02.Mooring Analysis/03.Orcaflex/04-Fatigue/F101.sim	839235160
02.Mooring Analysis/03.Orcaflex/04-Fatigue/F101.yml	2596
02.Mooring Analysis/03.Orcaflex/04-Fatigue/F102.sim	839235210
02.Mooring Analysis/03.Orcaflex/04-Fatigue/F102.yml	2596
02.Mooring Analysis/03.Orcaflex/04-Fatigue/F103.sim	839235121
02.Mooring Analysis/03.Orcaflex/04-Fatigue/F103.yml	2596
02.Mooring Analysis/03.Orcaflex/04-Fatigue/F104.sim	839235340
02.Mooring Analysis/03.Orcaflex/04-Fatigue/F104.yml	2596
02.Mooring Analysis/03.Orcaflex/04-Fatigue/F105.sim	836895731
02.Mooring Analysis/03.Orcaflex/04-Fatigue/F105.yml	2596
02.Mooring Analysis/03.Orcaflex/04-Fatigue/F106.sim	836898434
02.Mooring Analysis/03.Orcaflex/04-Fatigue/F106.yml	2599
02.Mooring Analysis/03.Orcaflex/04-Fatigue/F107.sim	836896402
02.Mooring Analysis/03.Orcaflex/04-Fatigue/F107.yml	2599
02.Mooring Analysis/03.Orcaflex/04-Fatigue/F108.sim	836898277
02.Mooring Analysis/03.Orcaflex/04-Fatigue/F108.yml	2599
02.Mooring Analysis/03.Orcaflex/04-Fatigue/F109.sim	836896521
02.Mooring Analysis/03.Orcaflex/04-Fatigue/F109.yml	2599
02.Mooring Analysis/03.Orcaflex/04-Fatigue/F110.sim	836898845
02.Mooring Analysis/03.Orcaflex/04-Fatigue/F110.yml	2602
02.Mooring Analysis/03.Orcaflex/04-Fatigue/F111.sim	836899932
02.Mooring Analysis/03.Orcaflex/04-Fatigue/F111.yml	2602
02.Mooring Analysis/03.Orcaflex/04-Fatigue/F112.sim	836899656
02.Mooring Analysis/03.Orcaflex/04-Fatigue/F112.yml	2602
02.Mooring Analysis/03.Orcaflex/04-Fatigue/F113.sim	836895799
02.Mooring Analysis/03.Orcaflex/04-Fatigue/F113.yml	2602
02.Mooring Analysis/03.Orcaflex/04-Fatigue/F114.sim	836898050
02.Mooring Analysis/03.Orcaflex/04-Fatigue/F114.yml	2602
02.Mooring Analysis/03.Orcaflex/04-Fatigue/F115.sim	836897517
02.Mooring Analysis/03.Orcaflex/04-Fatigue/F115.yml	2602
02.Mooring Analysis/03.Orcaflex/04-Fatigue/F116.sim	836897188
02.Mooring Analysis/03.Orcaflex/04-Fatigue/F116.yml	2602
02.Mooring Analysis/03.Orcaflex/04-Fatigue/F117.sim	836894912
02.Mooring Analysis/03.Orcaflex/04-Fatigue/F117.yml	2602
02.Mooring Analysis/03.Orcaflex/04-Fatigue/F118.sim	836897380
02.Mooring Analysis/03.Orcaflex/04-Fatigue/F118.yml	2602
02.Mooring Analysis/03.Orcaflex/04-Fatigue/F119.sim	836898283
02.Mooring Analysis/03.Orcaflex/04-Fatigue/F119.yml	2602
02.Mooring Analysis/03.Orcaflex/04-Fatigue/F120.sim	836898374
02.Mooring Analysis/03.Orcaflex/04-Fatigue/F120.yml	2602
02.Mooring Analysis/03.Orcaflex/04-Fatigue/F121.sim	839232480
02.Mooring Analysis/03.Orcaflex/04-Fatigue/F121.yml	2596
02.Mooring Analysis/03.Orcaflex/04-Fatigue/F122.sim	839235794
02.Mooring Analysis/03.Orcaflex/04-Fatigue/F122.yml	2599
02.Mooring Analysis/03.Orcaflex/04-Fatigue/F123.sim	839234581
02.Mooring Analysis/03.Orcaflex/04-Fatigue/F123.yml	2599
02.Mooring Analysis/03.Orcaflex/04-Fatigue/F124.sim	839236712
02.Mooring Analysis/03.Orcaflex/04-Fatigue/F124.yml	2599
02.Mooring Analysis/03.Orcaflex/04-Fatigue/F125.sim	839234372
02.Mooring Analysis/03.Orcaflex/04-Fatigue/F125.yml	2599
02.Mooring Analysis/03.Orcaflex/04-Fatigue/F126.sim	839236783
02.Mooring Analysis/03.Orcaflex/04-Fatigue/F126.yml	2602
02.Mooring Analysis/03.Orcaflex/04-Fatigue/F127.sim	839236910
02.Mooring Analysis/03.Orcaflex/04-Fatigue/F127.yml	2602
02.Mooring Analysis/03.Orcaflex/04-Fatigue/F128.sim	839236694
02.Mooring Analysis/03.Orcaflex/04-Fatigue/F128.yml	2602
02.Mooring Analysis/03.Orcaflex/04-Fatigue/F129.sim	839232373
02.Mooring Analysis/03.Orcaflex/04-Fatigue/F129.yml	2602
02.Mooring Analysis/03.Orcaflex/04-Fatigue/F130.sim	839234412
02.Mooring Analysis/03.Orcaflex/04-Fatigue/F130.yml	2602
02.Mooring Analysis/03.Orcaflex/04-Fatigue/F131.sim	839234060
02.Mooring Analysis/03.Orcaflex/04-Fatigue/F131.yml	2602
02.Mooring Analysis/03.Orcaflex/04-Fatigue/F132.sim	839233550
02.Mooring Analysis/03.Orcaflex/04-Fatigue/F132.yml	2602
02.Mooring Analysis/03.Orcaflex/04-Fatigue/F133.sim	839230376
02.Mooring Analysis/03.Orcaflex/04-Fatigue/F133.yml	2602
02.Mooring Analysis/03.Orcaflex/04-Fatigue/F134.sim	839232426
02.Mooring Analysis/03.Orcaflex/04-Fatigue/F134.yml	2602
02.Mooring Analysis/03.Orcaflex/04-Fatigue/F135.sim	839232912
02.Mooring Analysis/03.Orcaflex/04-Fatigue/F135.yml	2602
02.Mooring Analysis/03.Orcaflex/04-Fatigue/F136.sim	839235175
02.Mooring Analysis/03.Orcaflex/04-Fatigue/F136.yml	2602
02.Mooring Analysis/03.Orcaflex/04-Fatigue/Fatigue_Template_FST2F_FST1F.yml	2022
02.Mooring Analysis/03.Orcaflex/04-Fatigue/Fatigue_Template_FST2F_FST1F_LNGCPB.yml	2355
02.Mooring Analysis/03.Orcaflex/04-Fatigue/Fatigue_Template_FST2L_FST1L.yml	2306
02.Mooring Analysis/03.Orcaflex/04-Fatigue/Fatigue_Template_FST2L_FST1L_LNGCPF.yml	2355
02.Mooring Analysis/03.Orcaflex/05-Berthing/Beathing_SCN1600_HWL.sim	41095472
02.Mooring Analysis/03.Orcaflex/05-Berthing/Beathing_SCN1600_HWL.yml	2608
02.Mooring Analysis/03.Orcaflex/05-Berthing/Beathing_SCN1600_LWL.sim	41115111
02.Mooring Analysis/03.Orcaflex/05-Berthing/Beathing_SCN1600_LWL.yml	2608
02.Mooring Analysis/03.Orcaflex/05-Berthing/Beathing_SCN1600_MWL.sim	41107974
02.Mooring Analysis/03.Orcaflex/05-Berthing/Beathing_SCN1600_MWL.yml	2608
02.Mooring Analysis/03.Orcaflex/05-Berthing/Beathing_SCN1800_HWL.sim	41095573
02.Mooring Analysis/03.Orcaflex/05-Berthing/Beathing_SCN1800_HWL.yml	2608
02.Mooring Analysis/03.Orcaflex/05-Berthing/Beathing_SCN1800_LWL.sim	41115203
02.Mooring Analysis/03.Orcaflex/05-Berthing/Beathing_SCN1800_LWL.yml	2608
02.Mooring Analysis/03.Orcaflex/05-Berthing/Beathing_SCN1800_MWL.sim	41107903
02.Mooring Analysis/03.Orcaflex/05-Berthing/Beathing_SCN1800_MWL.yml	2608
02.Mooring Analysis/03.Orcaflex/05-Berthing/Berthing_Template_FST2F_FST1F.yml	2384
02.Mooring Analysis/03.Orcaflex/05-Berthing/FST2F_FST1F_universal_HWL_r09.dat	29179209
02.Mooring Analysis/03.Orcaflex/05-Berthing/FST2F_FST1F_universal_LWL_r09.dat	29179259
02.Mooring Analysis/03.Orcaflex/05-Berthing/FST2F_FST1F_universal_MWL_r09.dat	29179309
02.Mooring Analysis/03.Orcaflex/05-Berthing/F_SCN1600.yml	3372
02.Mooring Analysis/03.Orcaflex/05-Berthing/F_SCN1800.yml	3492
02.Mooring Analysis/03.Orcaflex/05-Berthing/Thumbs.db	6144
02.Mooring Analysis/03.Orcaflex/06-ReRun/FST2F_FST1F_LNGCEB/CL_FST2F_FST1F_LNGCEB_LWL_045deg.sim	2024929977
02.Mooring Analysis/03.Orcaflex/06-ReRun/FST2F_FST1F_LNGCEB/CL_FST2F_FST1F_LNGCEB_LWL_045deg.yml	2370
02.Mooring Analysis/03.Orcaflex/06-ReRun/FST2F_FST1F_LNGCEB/CL_FST2F_FST1F_LNGCEB_LWL_090deg.sim	2024928886
02.Mooring Analysis/03.Orcaflex/06-ReRun/FST2F_FST1F_LNGCEB/CL_FST2F_FST1F_LNGCEB_LWL_090deg.yml	2370
02.Mooring Analysis/03.Orcaflex/06-ReRun/FST2F_FST1F_LNGCEB/FST2F_FST1F_LNGCEB_LWL_045deg.sim	2024930318
02.Mooring Analysis/03.Orcaflex/06-ReRun/FST2F_FST1F_LNGCEB/FST2F_FST1F_LNGCEB_LWL_045deg.yml	2370
02.Mooring Analysis/03.Orcaflex/06-ReRun/FST2F_FST1F_LNGCEB/FST2F_FST1F_LNGCEB_LWL_060deg.sim	2024932399
02.Mooring Analysis/03.Orcaflex/06-ReRun/FST2F_FST1F_LNGCEB/FST2F_FST1F_LNGCEB_LWL_060deg.yml	2370
02.Mooring Analysis/03.Orcaflex/06-ReRun/FST2F_FST1F_LNGCEB/FST2F_FST1F_LNGCEB_LWL_075deg.sim	2024930922
02.Mooring Analysis/03.Orcaflex/06-ReRun/FST2F_FST1F_LNGCEB/FST2F_FST1F_LNGCEB_LWL_075deg.yml	2370
02.Mooring Analysis/03.Orcaflex/06-ReRun/FST2F_FST1F_LNGCEB/FST2F_FST1F_LNGCEB_LWL_090deg.sim	2024931454
02.Mooring Analysis/03.Orcaflex/06-ReRun/FST2F_FST1F_LNGCEB/FST2F_FST1F_LNGCEB_LWL_090deg.yml	2370
02.Mooring Analysis/03.Orcaflex/06-ReRun/FST2F_FST1F_LNGCEB/FST2F_FST1F_LNGCEB_LWL_105deg.sim	2024930922
02.Mooring Analysis/03.Orcaflex/06-ReRun/FST2F_FST1F_LNGCEB/FST2F_FST1F_LNGCEB_LWL_105deg.yml	2373
02.Mooring Analysis/03.Orcaflex/06-ReRun/FST2F_FST1F_LNGCPB/CL_FST2F_FST1F_LNGCPB_LWL_045deg.sim	2064391200
02.Mooring Analysis/03.Orcaflex/06-ReRun/FST2F_FST1F_LNGCPB/CL_FST2F_FST1F_LNGCPB_LWL_045deg.yml	2368
02.Mooring Analysis/03.Orcaflex/06-ReRun/FST2F_FST1F_LNGCPB/CL_FST2F_FST1F_LNGCPB_LWL_090deg.sim	2064392239
02.Mooring Analysis/03.Orcaflex/06-ReRun/FST2F_FST1F_LNGCPB/CL_FST2F_FST1F_LNGCPB_LWL_090deg.yml	2368
02.Mooring Analysis/03.Orcaflex/06-ReRun/FST2F_FST1F_LNGCPB/FST2F_FST1F_LNGCPB_LWL_045deg.sim	2064392160
02.Mooring Analysis/03.Orcaflex/06-ReRun/FST2F_FST1F_LNGCPB/FST2F_FST1F_LNGCPB_LWL_045deg.yml	2368
02.Mooring Analysis/03.Orcaflex/06-ReRun/FST2F_FST1F_LNGCPB/FST2F_FST1F_LNGCPB_LWL_060deg.sim	2064394797
02.Mooring Analysis/03.Orcaflex/06-ReRun/FST2F_FST1F_LNGCPB/FST2F_FST1F_LNGCPB_LWL_060deg.yml	2368
02.Mooring Analysis/03.Orcaflex/06-ReRun/FST2F_FST1F_LNGCPB/FST2F_FST1F_LNGCPB_LWL_075deg.sim	2064396124
02.Mooring Analysis/03.Orcaflex/06-ReRun/FST2F_FST1F_LNGCPB/FST2F_FST1F_LNGCPB_LWL_075deg.yml	2368
02.Mooring Analysis/03.Orcaflex/06-ReRun/FST2F_FST1F_LNGCPB/FST2F_FST1F_LNGCPB_LWL_090deg.sim	2064395164
02.Mooring Analysis/03.Orcaflex/06-ReRun/FST2F_FST1F_LNGCPB/FST2F_FST1F_LNGCPB_LWL_090deg.yml	2368
02.Mooring Analysis/03.Orcaflex/06-ReRun/FST2F_FST1F_LNGCPB/FST2F_FST1F_LNGCPB_LWL_105deg.sim	2064394740
02.Mooring Analysis/03.Orcaflex/06-ReRun/FST2F_FST1F_LNGCPB/FST2F_FST1F_LNGCPB_LWL_105deg.yml	2371
02.Mooring Analysis/03.Orcaflex/06-ReRun/FST2L_FST1L_D1/FST2L_FST1L_HWL_210deg.sim	1043250563
02.Mooring Analysis/03.Orcaflex/06-ReRun/FST2L_FST1L_D1/FST2L_FST1L_HWL_210deg.yml	2347
02.Mooring Analysis/03.Orcaflex/06-ReRun/FST2L_FST1L_D1/FST2L_FST1L_HWL_225deg.sim	1043252295
02.Mooring Analysis/03.Orcaflex/06-ReRun/FST2L_FST1L_D1/FST2L_FST1L_HWL_225deg.yml	2347
02.Mooring Analysis/03.Orcaflex/06-ReRun/FST2L_FST1L_D1/FST2L_FST1L_HWL_240deg.sim	1043252478
02.Mooring Analysis/03.Orcaflex/06-ReRun/FST2L_FST1L_D1/FST2L_FST1L_HWL_240deg.yml	2347
02.Mooring Analysis/03.Orcaflex/06-ReRun/FST2L_FST1L_D1/FST2L_FST1L_HWL_315deg.sim	1043247796
02.Mooring Analysis/03.Orcaflex/06-ReRun/FST2L_FST1L_D1/FST2L_FST1L_HWL_315deg.yml	2347
02.Mooring Analysis/03.Orcaflex/06-ReRun/FST2L_FST1L_D1/FST2L_FST1L_LWL_060deg.sim	1043270266
02.Mooring Analysis/03.Orcaflex/06-ReRun/FST2L_FST1L_D1/FST2L_FST1L_LWL_060deg.yml	2344
02.Mooring Analysis/03.Orcaflex/06-ReRun/S5/CL_FST2F_FST1F_LWL_090deg.sim	1050659045
02.Mooring Analysis/03.Orcaflex/06-ReRun/S5/CL_FST2F_FST1F_LWL_090deg.yml	2380
02.Mooring Analysis/03.Orcaflex/06-ReRun/S6/CL_FST2F_FST1F_LWL_090deg.sim	1050658915
02.Mooring Analysis/03.Orcaflex/06-ReRun/S6/CL_FST2F_FST1F_LWL_090deg.yml	2384
02.Mooring Analysis/03.Orcaflex/Readme.txt	694
03.Ansys FEA/Global/fst1.db	267452416
03.Ansys FEA/Global/fst2.db	267517952
03.Ansys FEA/Local/350106-WO217-SK-MDR-000001.pdf	1414142
03.Ansys FEA/Local/Electrical.building.platform+offloading.platform+QHR.foundations/10114238_Woodfibre.LNG_for.archive.wbpz	177778238
03.Ansys FEA/Local/Electrical.building.platform+offloading.platform+QHR.foundations/Solidworks_geometry/10114238_Woodfibre.LNG_FST1.SLDPRT	479235531
03.Ansys FEA/Local/Electrical.building.platform+offloading.platform+QHR.foundations/Solidworks_geometry/10114238_Woodfibre.LNG_FST1_electrical.building.platform_Fr.84-Fr.91.SLDPRT	510886984
03.Ansys FEA/Local/Electrical.building.platform+offloading.platform+QHR.foundations/Solidworks_geometry/10114238_Woodfibre.LNG_FST2.SLDPRT	144541948
03.Ansys FEA/Local/Electrical.building.platform+offloading.platform+QHR.foundations/Solidworks_geometry/10114238_Woodfibre.LNG_FST2_offloading.platform+crane_Fr.85-Fr.99-PL50_20221102-01.SLDPRT	48001
03.Ansys FEA/Local/Electrical.building.platform+offloading.platform+QHR.foundations/Solidworks_geometry/10114238_Woodfibre.LNG_FST2_offloading.platform+crane_Fr.85-Fr.99.SLDPRT	609674839
03.Ansys FEA/Local/Electrical.building.platform+offloading.platform+QHR.foundations/Solidworks_geometry/10114238_Woodfibre.LNG_FST2_offloading.platform+crane_Fr.87-Fr.97.SLDPRT	319178532
03.Ansys FEA/Local/Electrical.building.platform+offloading.platform+QHR.foundations/Solidworks_geometry/10114238_Woodfibre.LNG_MASTER.ASSEMBLY.SLDASM	277033
03.Ansys FEA/Local/Electrical.building.platform+offloading.platform+QHR.foundations/Solidworks_geometry/RefExt/10114238_Woodfibre.LNG_MASTER.ASSEMBLY_frame.spacing_#01_CAPRICORN-46.SLDPRT	93859
03.Ansys FEA/Local/Electrical.building.platform+offloading.platform+QHR.foundations/Solidworks_geometry/RefExt/10114238_Woodfibre.LNG_MASTER.ASSEMBLY_frame.spacing_#01_CAPRICORN-46.bak	78535
03.Ansys FEA/Local/Electrical.building.platform+offloading.platform+QHR.foundations/Solidworks_geometry/RefExt/10114238_Woodfibre.LNG_MASTER.ASSEMBLY_frame.spacing_#01_CAPRICORN-46.dwg	87519
03.Ansys FEA/Local/Electrical.building.platform+offloading.platform+QHR.foundations/Solidworks_geometry/RefExt/10114238_Woodfibre.LNG_MASTER.ASSEMBLY_frame.spacing_#01_CAPRICORN-46.dxf	99798
03.Ansys FEA/Local/Electrical.building.platform+offloading.platform+QHR.foundations/Solidworks_geometry/RefExt/10114238_Woodfibre.LNG_MASTER.ASSEMBLY_frame.spacing_#02_TAURUS-48.bak	94295
03.Ansys FEA/Local/Electrical.building.platform+offloading.platform+QHR.foundations/Solidworks_geometry/RefExt/10114238_Woodfibre.LNG_MASTER.ASSEMBLY_frame.spacing_#02_TAURUS-48.dwg	95050
03.Ansys FEA/Local/Electrical.building.platform+offloading.platform+QHR.foundations/Solidworks_geometry/RefExt/10114238_Woodfibre.LNG_MASTER.ASSEMBLY_frame.spacing_#02_TAURUS-48.err	17193
03.Ansys FEA/Local/Electrical.building.platform+offloading.platform+QHR.foundations/Solidworks_geometry/RefExt/350106 Woodfibre LNG - LNGC and FSTs Models.3dm	27950075
03.Ansys FEA/Local/Electrical.building.platform+offloading.platform+QHR.foundations/Solidworks_geometry/RefExt/FLNG_Solid_2021R1_Take-4-AQWA.3dm	32969120
03.Ansys FEA/Local/Electrical.building.platform+offloading.platform+QHR.foundations/Solidworks_geometry/RefExt/FST-BHD WT-divisons (1).stp	455274477
03.Ansys FEA/Local/Electrical.building.platform+offloading.platform+QHR.foundations/Solidworks_geometry/RefExt/FST-Skirt_sharepoint.2022.09.22-Split18.SLDPRT	38523394
03.Ansys FEA/Local/Electrical.building.platform+offloading.platform+QHR.foundations/Solidworks_geometry/RefExt/FST-Skirt_sharepoint.2022.09.22.SLDPRT	325172506
03.Ansys FEA/Local/Electrical.building.platform+offloading.platform+QHR.foundations/Solidworks_geometry/RefExt/FST_Solid_2021R1_Take-16-Surf.scdoc	261738160
03.Ansys FEA/Local/Electrical.building.platform+offloading.platform+QHR.foundations/Solidworks_geometry/RefExt/FST_Solid_2021R1_Take-16-Surf.stp	74386840
03.Ansys FEA/Local/Electrical.building.platform+offloading.platform+QHR.foundations/Solidworks_geometry/RefExt/FST_Tau_Oct_23_2022/FST_Solid_2021R1_Take-16-Surf.scdoc	199598530
03.Ansys FEA/Local/Electrical.building.platform+offloading.platform+QHR.foundations/Solidworks_geometry/RefExt/FST_Tau_Oct_23_2022/FST_Solid_2021R1_Take-16-Surf_20221018.scdoc	261738160
03.Ansys FEA/Local/Electrical.building.platform+offloading.platform+QHR.foundations/Solidworks_geometry/RefExt/FST_Tau_Oct_23_2022/Shell3.scdoc	62225107
03.Ansys FEA/Local/Electrical.building.platform+offloading.platform+QHR.foundations/Solidworks_geometry/RefExt/WLNG-08 July 2022.nwd	679374531
03.Ansys FEA/Local/FST_Solid_2021R1_Take-16-Surf.stp	74386840
03.Ansys FEA/Local/FenderSupportstructure/Fender_83_aft/BucklingCheck_Fender_boxGirder1000_flange.pdf	452719
03.Ansys FEA/Local/FenderSupportstructure/Fender_83_aft/BucklingCheck_Fender_boxGirder1000_web.pdf	451848
03.Ansys FEA/Local/FenderSupportstructure/Fender_83_aft/BucklingCheck_Fender_boxGirder1500_flange.pdf	450165
03.Ansys FEA/Local/FenderSupportstructure/Fender_83_aft/BucklingCheck_Fender_boxGirder1500_web.pdf	449729
03.Ansys FEA/Local/FenderSupportstructure/Fender_83_aft/FST2_FenderSupportStructure_FR83_SB_Arch_311022.wbpz	93470098
03.Ansys FEA/Local/FenderSupportstructure/Fender_83_aft/FenderSupportStructure_Genie_Buckling.xml	205422
03.Ansys FEA/Local/FenderSupportstructure/Fender_99_107_5_Fwd/FST2_FenderSupportStructure_FR99-107_Arch_051222.wbpz	706527709
03.Ansys FEA/Local/FenderSupportstructure/Fender_99_107_5_Fwd/Fender_Fwd_v2_genie_buckling.xml	132141
03.Ansys FEA/Local/FenderSupportstructure/Fender_99_107_5_Fwd/Section_Input_box1500_1500.sect	221
03.Ansys FEA/Local/Mooring swivel supports_rev 170822.pdf	1099734
03.Ansys FEA/Local/MooringSupportStructure/Mooring_FR_69_70/BucklingCheck_FST1_FR69-70_PanelA_2.pdf	447765
03.Ansys FEA/Local/MooringSupportStructure/Mooring_FR_69_70/FST-1-MooringFoundations_FR_69_70_mod2.wbpz	148542211
03.Ansys FEA/Local/MooringSupportStructure/Mooring_FR_83/BucklingCheck_FST1_FR83_WT_bhd_2.pdf	445772
03.Ansys FEA/Local/MooringSupportStructure/Mooring_FR_83/FST-1-MooringFoundations_FR83_mod6.wbpz	225206577
03.Ansys FEA/Local/MooringSupportStructure/Mooring_FR_83/FST-1-MooringFoundations_FR83_mod6_BDW.wbpj	236964
03.Ansys FEA/Local/MooringSupportStructure/Mooring_FR_83/FST-1-MooringFoundations_FR83_mod6_BDW_files/.project_cache	2438
03.Ansys FEA/Local/MooringSupportStructure/Mooring_FR_83/FST-1-MooringFoundations_FR83_mod6_BDW_files/dp0/SYS-1/DM/aabd1s44.ymy	229457
03.Ansys FEA/Local/MooringSupportStructure/Mooring_FR_83/FST-1-MooringFoundations_FR83_mod6_BDW_files/dp0/SYS-1/ENGD/EngineeringData.xml	67695
03.Ansys FEA/Local/MooringSupportStructure/Mooring_FR_83/FST-1-MooringFoundations_FR83_mod6_BDW_files/dp0/SYS-1/ENGD/material.engd	64588
03.Ansys FEA/Local/MooringSupportStructure/Mooring_FR_83/FST-1-MooringFoundations_FR83_mod6_BDW_files/dp0/SYS-2/DM/SYS-2.scdoc	120465004
03.Ansys FEA/Local/MooringSupportStructure/Mooring_FR_83/FST-1-MooringFoundations_FR83_mod6_BDW_files/dp0/SYS-2/ENGD/EngineeringData.xml	61057
03.Ansys FEA/Local/MooringSupportStructure/Mooring_FR_83/FST-1-MooringFoundations_FR83_mod6_BDW_files/dp0/SYS-2/ENGD/material.engd	58296
03.Ansys FEA/Local/MooringSupportStructure/Mooring_FR_83/FST-1-MooringFoundations_FR83_mod6_BDW_files/dp0/SYS-5/ELD/eb8b02a6-ccf2-4046-855e-835741b2e231/FST2.fecdb	11497449
03.Ansys FEA/Local/MooringSupportStructure/Mooring_FR_83/FST-1-MooringFoundations_FR83_mod6_BDW_files/dp0/SYS-5/ELD/external_model_data.xml	1362
03.Ansys FEA/Local/MooringSupportStructure/Mooring_FR_83/FST-1-MooringFoundations_FR83_mod6_BDW_files/dp0/SYS-6/ENGD/EngineeringData.xml	213547
03.Ansys FEA/Local/MooringSupportStructure/Mooring_FR_83/FST-1-MooringFoundations_FR83_mod6_BDW_files/dp0/SYS-6/ENGD/Setup 5_File1.engd	108512
03.Ansys FEA/Local/MooringSupportStructure/Mooring_FR_83/FST-1-MooringFoundations_FR83_mod6_BDW_files/dp0/SYS-6/ENGD/material.engd	199722
03.Ansys FEA/Local/MooringSupportStructure/Mooring_FR_83/FST-1-MooringFoundations_FR83_mod6_BDW_files/dp0/SYS-6/MECH/Setup 5/FST2.acmo	5257848
03.Ansys FEA/Local/MooringSupportStructure/Mooring_FR_83/FST-1-MooringFoundations_FR83_mod6_BDW_files/dp0/SYS-6/MECH/Setup 5/FST2.pmdb	6559464
03.Ansys FEA/Local/MooringSupportStructure/Mooring_FR_83/FST-1-MooringFoundations_FR83_mod6_BDW_files/dp0/SYS-6/MECH/Setup 5/FST2_ext.h5	1036880
03.Ansys FEA/Local/MooringSupportStructure/Mooring_FR_83/FST-1-MooringFoundations_FR83_mod6_BDW_files/dp0/SYS/DM/SYS.2.scdoc	120532379
03.Ansys FEA/Local/MooringSupportStructure/Mooring_FR_83/FST-1-MooringFoundations_FR83_mod6_BDW_files/dp0/SYS/DM/SYS.scdoc	121047455
03.Ansys FEA/Local/MooringSupportStructure/Mooring_FR_83/FST-1-MooringFoundations_FR83_mod6_BDW_files/dp0/SYS/ENGD/EngineeringData.xml	60829
03.Ansys FEA/Local/MooringSupportStructure/Mooring_FR_83/FST-1-MooringFoundations_FR83_mod6_BDW_files/dp0/SYS/ENGD/material.engd	58296
03.Ansys FEA/Local/MooringSupportStructure/Mooring_FR_83/FST-1-MooringFoundations_FR83_mod6_BDW_files/dp0/act.dat	265640
03.Ansys FEA/Local/MooringSupportStructure/Mooring_FR_83/FST-1-MooringFoundations_FR83_mod6_BDW_files/dp0/designPoint.wbdp	992300
03.Ansys FEA/Local/MooringSupportStructure/Mooring_FR_83/FST-1-MooringFoundations_FR83_mod6_BDW_files/dp0/global/MECH/SYS-1.engd	64588
03.Ansys FEA/Local/MooringSupportStructure/Mooring_FR_83/FST-1-MooringFoundations_FR83_mod6_BDW_files/dp0/global/MECH/SYS-1.mechdb	22088216
03.Ansys FEA/Local/MooringSupportStructure/Mooring_FR_83/FST-1-MooringFoundations_FR83_mod6_BDW_files/dp0/global/MECH/SYS-1.mechdb.emd	1584
03.Ansys FEA/Local/MooringSupportStructure/Mooring_FR_83/FST-1-MooringFoundations_FR83_mod6_BDW_files/dp0/global/MECH/SYS-2.engd	58296
03.Ansys FEA/Local/MooringSupportStructure/Mooring_FR_83/FST-1-MooringFoundations_FR83_mod6_BDW_files/dp0/global/MECH/SYS-2.mechdb	18418200
03.Ansys FEA/Local/MooringSupportStructure/Mooring_FR_83/FST-1-MooringFoundations_FR83_mod6_BDW_files/dp0/global/MECH/SYS-2.mechdb.emd	1584
03.Ansys FEA/Local/MooringSupportStructure/Mooring_FR_83/FST-1-MooringFoundations_FR83_mod6_BDW_files/dp0/global/MECH/SYS-6.engd	199722
03.Ansys FEA/Local/MooringSupportStructure/Mooring_FR_83/FST-1-MooringFoundations_FR83_mod6_BDW_files/dp0/global/MECH/SYS-6.mechdb	18153688
03.Ansys FEA/Local/MooringSupportStructure/Mooring_FR_83/FST-1-MooringFoundations_FR83_mod6_BDW_files/dp0/global/MECH/SYS-6/AssembledModel/SYS-6.acmo	5257617
03.Ansys FEA/Local/MooringSupportStructure/Mooring_FR_83/FST-1-MooringFoundations_FR83_mod6_BDW_files/dp0/global/MECH/SYS-6/AssembledModel/SYS-6.pmdb	6821608
03.Ansys FEA/Local/MooringSupportStructure/Mooring_FR_83/FST-1-MooringFoundations_FR83_mod6_BDW_files/dp0/global/MECH/SYS.engd	58296
03.Ansys FEA/Local/MooringSupportStructure/Mooring_FR_83/FST-1-MooringFoundations_FR83_mod6_BDW_files/dp0/global/MECH/SYS.mechdb	18677976
03.Ansys FEA/Local/MooringSupportStructure/Mooring_FR_83/FST-1-MooringFoundations_FR83_mod6_BDW_files/dp0/global/MECH/SYS.mechdb.emd	1584
03.Ansys FEA/Local/MooringSupportStructure/Mooring_FR_83/FST-1-MooringFoundations_FR83_mod6_BDW_files/dp0/global/MECH/SYS/Figures and Images/StaticFigure2534.png	132102
03.Ansys FEA/Local/MooringSupportStructure/Mooring_FR_83/FST-1-MooringFoundations_FR83_mod6_BDW_files/import_files/10114238_Woodfibre.LNG_materials (2).xml	26193
03.Ansys FEA/Local/MooringSupportStructure/Mooring_FR_83/FST-1-MooringFoundations_FR83_mod6_BDW_files/session_files/journal1.wbjn	507
03.Ansys FEA/Local/MooringSupportStructure/Mooring_FR_83/FST-1-MooringFoundations_FR83_mod6_BDW_files/session_files/journal10.wbjn	428
03.Ansys FEA/Local/MooringSupportStructure/Mooring_FR_83/FST-1-MooringFoundations_FR83_mod6_BDW_files/session_files/journal11.wbjn	471
03.Ansys FEA/Local/MooringSupportStructure/Mooring_FR_83/FST-1-MooringFoundations_FR83_mod6_BDW_files/session_files/journal12.wbjn	1794
03.Ansys FEA/Local/MooringSupportStructure/Mooring_FR_83/FST-1-MooringFoundations_FR83_mod6_BDW_files/session_files/journal13.wbjn	514
03.Ansys FEA/Local/MooringSupportStructure/Mooring_FR_83/FST-1-MooringFoundations_FR83_mod6_BDW_files/session_files/journal14.wbjn	517
03.Ansys FEA/Local/MooringSupportStructure/Mooring_FR_83/FST-1-MooringFoundations_FR83_mod6_BDW_files/session_files/journal15.wbjn	454
03.Ansys FEA/Local/MooringSupportStructure/Mooring_FR_83/FST-1-MooringFoundations_FR83_mod6_BDW_files/session_files/journal16.wbjn	504
03.Ansys FEA/Local/MooringSupportStructure/Mooring_FR_83/FST-1-MooringFoundations_FR83_mod6_BDW_files/session_files/journal17.wbjn	636
03.Ansys FEA/Local/MooringSupportStructure/Mooring_FR_83/FST-1-MooringFoundations_FR83_mod6_BDW_files/session_files/journal18.wbjn	257
03.Ansys FEA/Local/MooringSupportStructure/Mooring_FR_83/FST-1-MooringFoundations_FR83_mod6_BDW_files/session_files/journal19.wbjn	391
03.Ansys FEA/Local/MooringSupportStructure/Mooring_FR_83/FST-1-MooringFoundations_FR83_mod6_BDW_files/session_files/journal2.wbjn	420
03.Ansys FEA/Local/MooringSupportStructure/Mooring_FR_83/FST-1-MooringFoundations_FR83_mod6_BDW_files/session_files/journal20.wbjn	483
03.Ansys FEA/Local/MooringSupportStructure/Mooring_FR_83/FST-1-MooringFoundations_FR83_mod6_BDW_files/session_files/journal21.wbjn	90
03.Ansys FEA/Local/MooringSupportStructure/Mooring_FR_83/FST-1-MooringFoundations_FR83_mod6_BDW_files/session_files/journal22.wbjn	1240
03.Ansys FEA/Local/MooringSupportStructure/Mooring_FR_83/FST-1-MooringFoundations_FR83_mod6_BDW_files/session_files/journal3.wbjn	1871
03.Ansys FEA/Local/MooringSupportStructure/Mooring_FR_83/FST-1-MooringFoundations_FR83_mod6_BDW_files/session_files/journal4.wbjn	431
03.Ansys FEA/Local/MooringSupportStructure/Mooring_FR_83/FST-1-MooringFoundations_FR83_mod6_BDW_files/session_files/journal5.wbjn	778
03.Ansys FEA/Local/MooringSupportStructure/Mooring_FR_83/FST-1-MooringFoundations_FR83_mod6_BDW_files/session_files/journal6.wbjn	515
03.Ansys FEA/Local/MooringSupportStructure/Mooring_FR_83/FST-1-MooringFoundations_FR83_mod6_BDW_files/session_files/journal7.wbjn	522
03.Ansys FEA/Local/MooringSupportStructure/Mooring_FR_83/FST-1-MooringFoundations_FR83_mod6_BDW_files/session_files/journal8.wbjn	1439
03.Ansys FEA/Local/MooringSupportStructure/Mooring_FR_83/FST-1-MooringFoundations_FR83_mod6_BDW_files/session_files/journal9.wbjn	1869
03.Ansys FEA/Local/QRH Updated/QRH_Workbench/10114238_Woodfibre.LNG_QRH.wbpj	92798
03.Ansys FEA/Local/QRH Updated/QRH_Workbench/10114238_Woodfibre.LNG_QRH_files/.project_cache	5559
03.Ansys FEA/Local/QRH Updated/QRH_Workbench/10114238_Woodfibre.LNG_QRH_files/dp0/APDL/ANSYS/SYS-53_ds.dat	51688634
03.Ansys FEA/Local/QRH Updated/QRH_Workbench/10114238_Woodfibre.LNG_QRH_files/dp0/APDL/ANSYS/file.DSP	2640
03.Ansys FEA/Local/QRH Updated/QRH_Workbench/10114238_Woodfibre.LNG_QRH_files/dp0/APDL/ANSYS/file.DSPmatK	0
03.Ansys FEA/Local/QRH Updated/QRH_Workbench/10114238_Woodfibre.LNG_QRH_files/dp0/APDL/ANSYS/file.DSPstack	0
03.Ansys FEA/Local/QRH Updated/QRH_Workbench/10114238_Woodfibre.LNG_QRH_files/dp0/APDL/ANSYS/file.DSPsymb	140509184
03.Ansys FEA/Local/QRH Updated/QRH_Workbench/10114238_Woodfibre.LNG_QRH_files/dp0/APDL/ANSYS/file.DSPtri	0
03.Ansys FEA/Local/QRH Updated/QRH_Workbench/10114238_Woodfibre.LNG_QRH_files/dp0/APDL/ANSYS/file.DSPtriU	0
03.Ansys FEA/Local/QRH Updated/QRH_Workbench/10114238_Woodfibre.LNG_QRH_files/dp0/APDL/ANSYS/file.bat	244
03.Ansys FEA/Local/QRH Updated/QRH_Workbench/10114238_Woodfibre.LNG_QRH_files/dp0/APDL/ANSYS/file.ce	2327218
03.Ansys FEA/Local/QRH Updated/QRH_Workbench/10114238_Woodfibre.LNG_QRH_files/dp0/APDL/ANSYS/file.cnd	3245
03.Ansys FEA/Local/QRH Updated/QRH_Workbench/10114238_Woodfibre.LNG_QRH_files/dp0/APDL/ANSYS/file.dmp	69017
03.Ansys FEA/Local/QRH Updated/QRH_Workbench/10114238_Woodfibre.LNG_QRH_files/dp0/APDL/ANSYS/file.err	4109
03.Ansys FEA/Local/QRH Updated/QRH_Workbench/10114238_Woodfibre.LNG_QRH_files/dp0/APDL/ANSYS/file.esav	860553216
03.Ansys FEA/Local/QRH Updated/QRH_Workbench/10114238_Woodfibre.LNG_QRH_files/dp0/APDL/ANSYS/file.full	0
03.Ansys FEA/Local/QRH Updated/QRH_Workbench/10114238_Woodfibre.LNG_QRH_files/dp0/APDL/ANSYS/file.ldhi	1077698
03.Ansys FEA/Local/QRH Updated/QRH_Workbench/10114238_Woodfibre.LNG_QRH_files/dp0/APDL/ANSYS/file.lock	0
03.Ansys FEA/Local/QRH Updated/QRH_Workbench/10114238_Woodfibre.LNG_QRH_files/dp0/APDL/ANSYS/file.log	314
03.Ansys FEA/Local/QRH Updated/QRH_Workbench/10114238_Woodfibre.LNG_QRH_files/dp0/APDL/ANSYS/file.mntr	820
03.Ansys FEA/Local/QRH Updated/QRH_Workbench/10114238_Woodfibre.LNG_QRH_files/dp0/APDL/ANSYS/file.osav	293797888
03.Ansys FEA/Local/QRH Updated/QRH_Workbench/10114238_Woodfibre.LNG_QRH_files/dp0/APDL/ANSYS/file.page	0
03.Ansys FEA/Local/QRH Updated/QRH_Workbench/10114238_Woodfibre.LNG_QRH_files/dp0/APDL/ANSYS/file.r001	293994496
03.Ansys FEA/Local/QRH Updated/QRH_Workbench/10114238_Woodfibre.LNG_QRH_files/dp0/APDL/ANSYS/file.rdb	105906176
03.Ansys FEA/Local/QRH Updated/QRH_Workbench/10114238_Woodfibre.LNG_QRH_files/dp0/APDL/ANSYS/file.rst	216268800
03.Ansys FEA/Local/QRH Updated/QRH_Workbench/10114238_Woodfibre.LNG_QRH_files/dp0/APDL/ANSYS/file.stat	160
03.Ansys FEA/Local/QRH Updated/QRH_Workbench/10114238_Woodfibre.LNG_QRH_files/dp0/APDL/ANSYS/file0.r001	66781184
03.Ansys FEA/Local/QRH Updated/QRH_Workbench/10114238_Woodfibre.LNG_QRH_files/dp0/APDL/ANSYS/file0.r002	68747264
03.Ansys FEA/Local/QRH Updated/QRH_Workbench/10114238_Woodfibre.LNG_QRH_files/dp0/APDL/ANSYS/file0.r003	68747264
03.Ansys FEA/Local/QRH Updated/QRH_Workbench/10114238_Woodfibre.LNG_QRH_files/dp0/APDL/ANSYS/file1.r001	29884416
03.Ansys FEA/Local/QRH Updated/QRH_Workbench/10114238_Woodfibre.LNG_QRH_files/dp0/APDL/ANSYS/file1.r002	31850496
03.Ansys FEA/Local/QRH Updated/QRH_Workbench/10114238_Woodfibre.LNG_QRH_files/dp0/APDL/ANSYS/file1.r003	31850496
03.Ansys FEA/Local/QRH Updated/QRH_Workbench/10114238_Woodfibre.LNG_QRH_files/dp0/APDL/ANSYS/file2.r001	29884416
03.Ansys FEA/Local/QRH Updated/QRH_Workbench/10114238_Woodfibre.LNG_QRH_files/dp0/APDL/ANSYS/file2.r002	31850496
03.Ansys FEA/Local/QRH Updated/QRH_Workbench/10114238_Woodfibre.LNG_QRH_files/dp0/APDL/ANSYS/file2.r003	31850496
03.Ansys FEA/Local/QRH Updated/QRH_Workbench/10114238_Woodfibre.LNG_QRH_files/dp0/APDL/ANSYS/file3.r001	29949952
03.Ansys FEA/Local/QRH Updated/QRH_Workbench/10114238_Woodfibre.LNG_QRH_files/dp0/APDL/ANSYS/file3.r002	31916032
03.Ansys FEA/Local/QRH Updated/QRH_Workbench/10114238_Woodfibre.LNG_QRH_files/dp0/APDL/ANSYS/file3.r003	31916032
03.Ansys FEA/Local/QRH Updated/QRH_Workbench/10114238_Woodfibre.LNG_QRH_files/dp0/APDL/ANSYS/file4.r001	30015488
03.Ansys FEA/Local/QRH Updated/QRH_Workbench/10114238_Woodfibre.LNG_QRH_files/dp0/APDL/ANSYS/file4.r002	31981568
03.Ansys FEA/Local/QRH Updated/QRH_Workbench/10114238_Woodfibre.LNG_QRH_files/dp0/APDL/ANSYS/file4.r003	31981568
03.Ansys FEA/Local/QRH Updated/QRH_Workbench/10114238_Woodfibre.LNG_QRH_files/dp0/APDL/ANSYS/file5.r001	30932992
03.Ansys FEA/Local/QRH Updated/QRH_Workbench/10114238_Woodfibre.LNG_QRH_files/dp0/APDL/ANSYS/file5.r002	32964608
03.Ansys FEA/Local/QRH Updated/QRH_Workbench/10114238_Woodfibre.LNG_QRH_files/dp0/APDL/ANSYS/file5.r003	32964608
03.Ansys FEA/Local/QRH Updated/QRH_Workbench/10114238_Woodfibre.LNG_QRH_files/dp0/APDL/ANSYS/file6.r001	30015488
03.Ansys FEA/Local/QRH Updated/QRH_Workbench/10114238_Woodfibre.LNG_QRH_files/dp0/APDL/ANSYS/file6.r002	31981568
03.Ansys FEA/Local/QRH Updated/QRH_Workbench/10114238_Woodfibre.LNG_QRH_files/dp0/APDL/ANSYS/file6.r003	31981568
03.Ansys FEA/Local/QRH Updated/QRH_Workbench/10114238_Woodfibre.LNG_QRH_files/dp0/APDL/ANSYS/file7.r001	29949952
03.Ansys FEA/Local/QRH Updated/QRH_Workbench/10114238_Woodfibre.LNG_QRH_files/dp0/APDL/ANSYS/file7.r002	31916032
03.Ansys FEA/Local/QRH Updated/QRH_Workbench/10114238_Woodfibre.LNG_QRH_files/dp0/APDL/ANSYS/file7.r003	31916032
03.Ansys FEA/Local/QRH Updated/QRH_Workbench/10114238_Woodfibre.LNG_QRH_files/dp0/APDL/ANSYS/file8.r001	29949952
03.Ansys FEA/Local/QRH Updated/QRH_Workbench/10114238_Woodfibre.LNG_QRH_files/dp0/APDL/ANSYS/file8.r002	31916032
03.Ansys FEA/Local/QRH Updated/QRH_Workbench/10114238_Woodfibre.LNG_QRH_files/dp0/APDL/ANSYS/file8.r003	31916032
03.Ansys FEA/Local/QRH Updated/QRH_Workbench/10114238_Woodfibre.LNG_QRH_files/dp0/APDL/ANSYS/file9.r001	30015488
03.Ansys FEA/Local/QRH Updated/QRH_Workbench/10114238_Woodfibre.LNG_QRH_files/dp0/APDL/ANSYS/file9.r002	31981568
03.Ansys FEA/Local/QRH Updated/QRH_Workbench/10114238_Woodfibre.LNG_QRH_files/dp0/APDL/ANSYS/file9.r003	31981568
03.Ansys FEA/Local/QRH Updated/QRH_Workbench/10114238_Woodfibre.LNG_QRH_files/dp0/APDL/ANSYS/fileWBINFO.xml	317
03.Ansys FEA/Local/QRH Updated/QRH_Workbench/10114238_Woodfibre.LNG_QRH_files/dp0/APDL/ANSYS/menust.tmp	72
03.Ansys FEA/Local/QRH Updated/QRH_Workbench/10114238_Woodfibre.LNG_QRH_files/dp0/APDL/ANSYS/parm.xml	2982
03.Ansys FEA/Local/QRH Updated/QRH_Workbench/10114238_Woodfibre.LNG_QRH_files/dp0/APDL/ANSYS/workbench_main.inp	226
03.Ansys FEA/Local/QRH Updated/QRH_Workbench/10114238_Woodfibre.LNG_QRH_files/dp0/APDL/ANSYS/workbench_main.out	144533
03.Ansys FEA/Local/QRH Updated/QRH_Workbench/10114238_Woodfibre.LNG_QRH_files/dp0/APDL/ANSYS/write_verify_update.inp	284
03.Ansys FEA/Local/QRH Updated/QRH_Workbench/10114238_Woodfibre.LNG_QRH_files/dp0/ENGD-1/ENGD/EngineeringData.xml	62994
03.Ansys FEA/Local/QRH Updated/QRH_Workbench/10114238_Woodfibre.LNG_QRH_files/dp0/ENGD-1/ENGD/material.engd	59262
03.Ansys FEA/Local/QRH Updated/QRH_Workbench/10114238_Woodfibre.LNG_QRH_files/dp0/ENGD/ENGD/EngineeringData.xml	63891
03.Ansys FEA/Local/QRH Updated/QRH_Workbench/10114238_Woodfibre.LNG_QRH_files/dp0/ENGD/ENGD/material.engd	59262
03.Ansys FEA/Local/QRH Updated/QRH_Workbench/10114238_Woodfibre.LNG_QRH_files/dp0/SYS-53/DM/SYS-53.agdb	18373928
03.Ansys FEA/Local/QRH Updated/QRH_Workbench/10114238_Woodfibre.LNG_QRH_files/dp0/SYS-53/ENGD/EngineeringData.xml	64803
03.Ansys FEA/Local/QRH Updated/QRH_Workbench/10114238_Woodfibre.LNG_QRH_files/dp0/SYS-53/ENGD/material.engd	59262
03.Ansys FEA/Local/QRH Updated/QRH_Workbench/10114238_Woodfibre.LNG_QRH_files/dp0/SYS-53/MECH/CAERep.xml	524488
03.Ansys FEA/Local/QRH Updated/QRH_Workbench/10114238_Woodfibre.LNG_QRH_files/dp0/SYS-53/MECH/CAERepOutput.xml	789
03.Ansys FEA/Local/QRH Updated/QRH_Workbench/10114238_Woodfibre.LNG_QRH_files/dp0/SYS-53/MECH/MatML.xml	33127
03.Ansys FEA/Local/QRH Updated/QRH_Workbench/10114238_Woodfibre.LNG_QRH_files/dp0/SYS-53/MECH/ds.dat	51688634
03.Ansys FEA/Local/QRH Updated/QRH_Workbench/10114238_Woodfibre.LNG_QRH_files/dp0/SYS-53/MECH/file.DSP	12045
03.Ansys FEA/Local/QRH Updated/QRH_Workbench/10114238_Woodfibre.LNG_QRH_files/dp0/SYS-53/MECH/file.aapresults	171
03.Ansys FEA/Local/QRH Updated/QRH_Workbench/10114238_Woodfibre.LNG_QRH_files/dp0/SYS-53/MECH/file.cnd	3356
03.Ansys FEA/Local/QRH Updated/QRH_Workbench/10114238_Woodfibre.LNG_QRH_files/dp0/SYS-53/MECH/file.ldhi	1616547
03.Ansys FEA/Local/QRH Updated/QRH_Workbench/10114238_Woodfibre.LNG_QRH_files/dp0/SYS-53/MECH/file.mntr	1046
03.Ansys FEA/Local/QRH Updated/QRH_Workbench/10114238_Woodfibre.LNG_QRH_files/dp0/SYS-53/MECH/file.rdb	105906176
03.Ansys FEA/Local/QRH Updated/QRH_Workbench/10114238_Woodfibre.LNG_QRH_files/dp0/SYS-53/MECH/file0.err	917
03.Ansys FEA/Local/QRH Updated/QRH_Workbench/10114238_Woodfibre.LNG_QRH_files/dp0/SYS-53/MECH/file0.r001	66781184
03.Ansys FEA/Local/QRH Updated/QRH_Workbench/10114238_Woodfibre.LNG_QRH_files/dp0/SYS-53/MECH/file0.r002	68747264
03.Ansys FEA/Local/QRH Updated/QRH_Workbench/10114238_Woodfibre.LNG_QRH_files/dp0/SYS-53/MECH/file0.r003	68747264
03.Ansys FEA/Local/QRH Updated/QRH_Workbench/10114238_Woodfibre.LNG_QRH_files/dp0/SYS-53/MECH/file0.rst	61603840
03.Ansys FEA/Local/QRH Updated/QRH_Workbench/10114238_Woodfibre.LNG_QRH_files/dp0/SYS-53/MECH/file1.r001	29884416
03.Ansys FEA/Local/QRH Updated/QRH_Workbench/10114238_Woodfibre.LNG_QRH_files/dp0/SYS-53/MECH/file1.r002	31850496
03.Ansys FEA/Local/QRH Updated/QRH_Workbench/10114238_Woodfibre.LNG_QRH_files/dp0/SYS-53/MECH/file1.r003	31850496
03.Ansys FEA/Local/QRH Updated/QRH_Workbench/10114238_Woodfibre.LNG_QRH_files/dp0/SYS-53/MECH/file1.rst	58785792
03.Ansys FEA/Local/QRH Updated/QRH_Workbench/10114238_Woodfibre.LNG_QRH_files/dp0/SYS-53/MECH/file2.r001	29884416
03.Ansys FEA/Local/QRH Updated/QRH_Workbench/10114238_Woodfibre.LNG_QRH_files/dp0/SYS-53/MECH/file2.r002	31850496
03.Ansys FEA/Local/QRH Updated/QRH_Workbench/10114238_Woodfibre.LNG_QRH_files/dp0/SYS-53/MECH/file2.r003	31850496
03.Ansys FEA/Local/QRH Updated/QRH_Workbench/10114238_Woodfibre.LNG_QRH_files/dp0/SYS-53/MECH/file2.rst	58851328
03.Ansys FEA/Local/QRH Updated/QRH_Workbench/10114238_Woodfibre.LNG_QRH_files/dp0/SYS-53/MECH/file3.r001	29949952
03.Ansys FEA/Local/QRH Updated/QRH_Workbench/10114238_Woodfibre.LNG_QRH_files/dp0/SYS-53/MECH/file3.r002	31916032
03.Ansys FEA/Local/QRH Updated/QRH_Workbench/10114238_Woodfibre.LNG_QRH_files/dp0/SYS-53/MECH/file3.r003	31916032
03.Ansys FEA/Local/QRH Updated/QRH_Workbench/10114238_Woodfibre.LNG_QRH_files/dp0/SYS-53/MECH/file3.rst	58851328
03.Ansys FEA/Local/QRH Updated/QRH_Workbench/10114238_Woodfibre.LNG_QRH_files/dp0/SYS-53/MECH/file4.r001	30015488
03.Ansys FEA/Local/QRH Updated/QRH_Workbench/10114238_Woodfibre.LNG_QRH_files/dp0/SYS-53/MECH/file4.r002	31981568
03.Ansys FEA/Local/QRH Updated/QRH_Workbench/10114238_Woodfibre.LNG_QRH_files/dp0/SYS-53/MECH/file4.r003	31981568
03.Ansys FEA/Local/QRH Updated/QRH_Workbench/10114238_Woodfibre.LNG_QRH_files/dp0/SYS-53/MECH/file4.rst	58916864
03.Ansys FEA/Local/QRH Updated/QRH_Workbench/10114238_Woodfibre.LNG_QRH_files/dp0/SYS-53/MECH/file5.r001	30932992
03.Ansys FEA/Local/QRH Updated/QRH_Workbench/10114238_Woodfibre.LNG_QRH_files/dp0/SYS-53/MECH/file5.r002	32964608
03.Ansys FEA/Local/QRH Updated/QRH_Workbench/10114238_Woodfibre.LNG_QRH_files/dp0/SYS-53/MECH/file5.r003	32964608
03.Ansys FEA/Local/QRH Updated/QRH_Workbench/10114238_Woodfibre.LNG_QRH_files/dp0/SYS-53/MECH/file5.rst	60751872
03.Ansys FEA/Local/QRH Updated/QRH_Workbench/10114238_Woodfibre.LNG_QRH_files/dp0/SYS-53/MECH/file6.r001	30015488
03.Ansys FEA/Local/QRH Updated/QRH_Workbench/10114238_Woodfibre.LNG_QRH_files/dp0/SYS-53/MECH/file6.r002	31981568
03.Ansys FEA/Local/QRH Updated/QRH_Workbench/10114238_Woodfibre.LNG_QRH_files/dp0/SYS-53/MECH/file6.r003	31981568
03.Ansys FEA/Local/QRH Updated/QRH_Workbench/10114238_Woodfibre.LNG_QRH_files/dp0/SYS-53/MECH/file6.rst	58916864
03.Ansys FEA/Local/QRH Updated/QRH_Workbench/10114238_Woodfibre.LNG_QRH_files/dp0/SYS-53/MECH/file7.r001	29949952
03.Ansys FEA/Local/QRH Updated/QRH_Workbench/10114238_Woodfibre.LNG_QRH_files/dp0/SYS-53/MECH/file7.r002	31916032
03.Ansys FEA/Local/QRH Updated/QRH_Workbench/10114238_Woodfibre.LNG_QRH_files/dp0/SYS-53/MECH/file7.r003	31916032
03.Ansys FEA/Local/QRH Updated/QRH_Workbench/10114238_Woodfibre.LNG_QRH_files/dp0/SYS-53/MECH/file7.rst	58851328
03.Ansys FEA/Local/QRH Updated/QRH_Workbench/10114238_Woodfibre.LNG_QRH_files/dp0/SYS-53/MECH/file8.r001	29949952
03.Ansys FEA/Local/QRH Updated/QRH_Workbench/10114238_Woodfibre.LNG_QRH_files/dp0/SYS-53/MECH/file8.r002	31916032
03.Ansys FEA/Local/QRH Updated/QRH_Workbench/10114238_Woodfibre.LNG_QRH_files/dp0/SYS-53/MECH/file8.r003	31916032
03.Ansys FEA/Local/QRH Updated/QRH_Workbench/10114238_Woodfibre.LNG_QRH_files/dp0/SYS-53/MECH/file8.rst	58785792
03.Ansys FEA/Local/QRH Updated/QRH_Workbench/10114238_Woodfibre.LNG_QRH_files/dp0/SYS-53/MECH/file9.r001	30015488
03.Ansys FEA/Local/QRH Updated/QRH_Workbench/10114238_Woodfibre.LNG_QRH_files/dp0/SYS-53/MECH/file9.r002	31981568
03.Ansys FEA/Local/QRH Updated/QRH_Workbench/10114238_Woodfibre.LNG_QRH_files/dp0/SYS-53/MECH/file9.r003	31981568
03.Ansys FEA/Local/QRH Updated/QRH_Workbench/10114238_Woodfibre.LNG_QRH_files/dp0/SYS-53/MECH/file9.rst	58916864
03.Ansys FEA/Local/QRH Updated/QRH_Workbench/10114238_Woodfibre.LNG_QRH_files/dp0/SYS-53/MECH/solve.out	157027
03.Ansys FEA/Local/QRH Updated/QRH_Workbench/10114238_Woodfibre.LNG_QRH_files/dp0/act.dat	265640
03.Ansys FEA/Local/QRH Updated/QRH_Workbench/10114238_Woodfibre.LNG_QRH_files/dp0/designPoint.wbdp	173844
03.Ansys FEA/Local/QRH Updated/QRH_Workbench/10114238_Woodfibre.LNG_QRH_files/dp0/global/MECH/SYS-53.engd	59262
03.Ansys FEA/Local/QRH Updated/QRH_Workbench/10114238_Woodfibre.LNG_QRH_files/dp0/global/MECH/SYS-53.mechdb	30214680
03.Ansys FEA/Local/QRH Updated/QRH_Workbench/10114238_Woodfibre.LNG_QRH_files/session_files/journal1.wbjn	2021
03.Ansys FEA/Local/QRH Updated/QRH_Workbench/10114238_Woodfibre.LNG_QRH_files/session_files/journal10.wbjn	2326
03.Ansys FEA/Local/QRH Updated/QRH_Workbench/10114238_Woodfibre.LNG_QRH_files/session_files/journal11.wbjn	1395
03.Ansys FEA/Local/QRH Updated/QRH_Workbench/10114238_Woodfibre.LNG_QRH_files/session_files/journal12.wbjn	410
03.Ansys FEA/Local/QRH Updated/QRH_Workbench/10114238_Woodfibre.LNG_QRH_files/session_files/journal13.wbjn	231
03.Ansys FEA/Local/QRH Updated/QRH_Workbench/10114238_Woodfibre.LNG_QRH_files/session_files/journal14.wbjn	291
03.Ansys FEA/Local/QRH Updated/QRH_Workbench/10114238_Woodfibre.LNG_QRH_files/session_files/journal15.wbjn	1342
03.Ansys FEA/Local/QRH Updated/QRH_Workbench/10114238_Woodfibre.LNG_QRH_files/session_files/journal16.wbjn	310
03.Ansys FEA/Local/QRH Updated/QRH_Workbench/10114238_Woodfibre.LNG_QRH_files/session_files/journal17.wbjn	987
03.Ansys FEA/Local/QRH Updated/QRH_Workbench/10114238_Woodfibre.LNG_QRH_files/session_files/journal18.wbjn	1484
03.Ansys FEA/Local/QRH Updated/QRH_Workbench/10114238_Woodfibre.LNG_QRH_files/session_files/journal19.wbjn	1086
03.Ansys FEA/Local/QRH Updated/QRH_Workbench/10114238_Woodfibre.LNG_QRH_files/session_files/journal2.wbjn	944
03.Ansys FEA/Local/QRH Updated/QRH_Workbench/10114238_Woodfibre.LNG_QRH_files/session_files/journal20.wbjn	231
03.Ansys FEA/Local/QRH Updated/QRH_Workbench/10114238_Woodfibre.LNG_QRH_files/session_files/journal21.wbjn	2127
03.Ansys FEA/Local/QRH Updated/QRH_Workbench/10114238_Woodfibre.LNG_QRH_files/session_files/journal22.wbjn	819
03.Ansys FEA/Local/QRH Updated/QRH_Workbench/10114238_Woodfibre.LNG_QRH_files/session_files/journal23.wbjn	209
03.Ansys FEA/Local/QRH Updated/QRH_Workbench/10114238_Woodfibre.LNG_QRH_files/session_files/journal24.wbjn	1206
03.Ansys FEA/Local/QRH Updated/QRH_Workbench/10114238_Woodfibre.LNG_QRH_files/session_files/journal25.wbjn	198
03.Ansys FEA/Local/QRH Updated/QRH_Workbench/10114238_Woodfibre.LNG_QRH_files/session_files/journal26.wbjn	711
03.Ansys FEA/Local/QRH Updated/QRH_Workbench/10114238_Woodfibre.LNG_QRH_files/session_files/journal27.wbjn	734
03.Ansys FEA/Local/QRH Updated/QRH_Workbench/10114238_Woodfibre.LNG_QRH_files/session_files/journal28.wbjn	827
03.Ansys FEA/Local/QRH Updated/QRH_Workbench/10114238_Woodfibre.LNG_QRH_files/session_files/journal29.wbjn	8148
03.Ansys FEA/Local/QRH Updated/QRH_Workbench/10114238_Woodfibre.LNG_QRH_files/session_files/journal3.wbjn	4782
03.Ansys FEA/Local/QRH Updated/QRH_Workbench/10114238_Woodfibre.LNG_QRH_files/session_files/journal30.wbjn	223
03.Ansys FEA/Local/QRH Updated/QRH_Workbench/10114238_Woodfibre.LNG_QRH_files/session_files/journal31.wbjn	905
03.Ansys FEA/Local/QRH Updated/QRH_Workbench/10114238_Woodfibre.LNG_QRH_files/session_files/journal32.wbjn	805
03.Ansys FEA/Local/QRH Updated/QRH_Workbench/10114238_Woodfibre.LNG_QRH_files/session_files/journal33.wbjn	217
03.Ansys FEA/Local/QRH Updated/QRH_Workbench/10114238_Woodfibre.LNG_QRH_files/session_files/journal34.wbjn	303
03.Ansys FEA/Local/QRH Updated/QRH_Workbench/10114238_Woodfibre.LNG_QRH_files/session_files/journal35.wbjn	612
03.Ansys FEA/Local/QRH Updated/QRH_Workbench/10114238_Woodfibre.LNG_QRH_files/session_files/journal36.wbjn	491
03.Ansys FEA/Local/QRH Updated/QRH_Workbench/10114238_Woodfibre.LNG_QRH_files/session_files/journal37.wbjn	2741
03.Ansys FEA/Local/QRH Updated/QRH_Workbench/10114238_Woodfibre.LNG_QRH_files/session_files/journal38.wbjn	495
03.Ansys FEA/Local/QRH Updated/QRH_Workbench/10114238_Woodfibre.LNG_QRH_files/session_files/journal39.wbjn	480
03.Ansys FEA/Local/QRH Updated/QRH_Workbench/10114238_Woodfibre.LNG_QRH_files/session_files/journal4.wbjn	3104
03.Ansys FEA/Local/QRH Updated/QRH_Workbench/10114238_Woodfibre.LNG_QRH_files/session_files/journal40.wbjn	384
03.Ansys FEA/Local/QRH Updated/QRH_Workbench/10114238_Woodfibre.LNG_QRH_files/session_files/journal41.wbjn	1490
03.Ansys FEA/Local/QRH Updated/QRH_Workbench/10114238_Woodfibre.LNG_QRH_files/session_files/journal42.wbjn	351
03.Ansys FEA/Local/QRH Updated/QRH_Workbench/10114238_Woodfibre.LNG_QRH_files/session_files/journal43.wbjn	364
03.Ansys FEA/Local/QRH Updated/QRH_Workbench/10114238_Woodfibre.LNG_QRH_files/session_files/journal44.wbjn	639
03.Ansys FEA/Local/QRH Updated/QRH_Workbench/10114238_Woodfibre.LNG_QRH_files/session_files/journal45.wbjn	734
03.Ansys FEA/Local/QRH Updated/QRH_Workbench/10114238_Woodfibre.LNG_QRH_files/session_files/journal46.wbjn	891
03.Ansys FEA/Local/QRH Updated/QRH_Workbench/10114238_Woodfibre.LNG_QRH_files/session_files/journal47.wbjn	178
03.Ansys FEA/Local/QRH Updated/QRH_Workbench/10114238_Woodfibre.LNG_QRH_files/session_files/journal48.wbjn	6783
03.Ansys FEA/Local/QRH Updated/QRH_Workbench/10114238_Woodfibre.LNG_QRH_files/session_files/journal49.wbjn	301
03.Ansys FEA/Local/QRH Updated/QRH_Workbench/10114238_Woodfibre.LNG_QRH_files/session_files/journal5.wbjn	1953
03.Ansys FEA/Local/QRH Updated/QRH_Workbench/10114238_Woodfibre.LNG_QRH_files/session_files/journal50.wbjn	178
03.Ansys FEA/Local/QRH Updated/QRH_Workbench/10114238_Woodfibre.LNG_QRH_files/session_files/journal51.wbjn	318
03.Ansys FEA/Local/QRH Updated/QRH_Workbench/10114238_Woodfibre.LNG_QRH_files/session_files/journal52.wbjn	1079
03.Ansys FEA/Local/QRH Updated/QRH_Workbench/10114238_Woodfibre.LNG_QRH_files/session_files/journal53.wbjn	798
03.Ansys FEA/Local/QRH Updated/QRH_Workbench/10114238_Woodfibre.LNG_QRH_files/session_files/journal54.wbjn	486
03.Ansys FEA/Local/QRH Updated/QRH_Workbench/10114238_Woodfibre.LNG_QRH_files/session_files/journal55.wbjn	827
03.Ansys FEA/Local/QRH Updated/QRH_Workbench/10114238_Woodfibre.LNG_QRH_files/session_files/journal56.wbjn	1276
03.Ansys FEA/Local/QRH Updated/QRH_Workbench/10114238_Woodfibre.LNG_QRH_files/session_files/journal57.wbjn	106
03.Ansys FEA/Local/QRH Updated/QRH_Workbench/10114238_Woodfibre.LNG_QRH_files/session_files/journal58.wbjn	318
03.Ansys FEA/Local/QRH Updated/QRH_Workbench/10114238_Woodfibre.LNG_QRH_files/session_files/journal59.wbjn	915
03.Ansys FEA/Local/QRH Updated/QRH_Workbench/10114238_Woodfibre.LNG_QRH_files/session_files/journal6.wbjn	299
03.Ansys FEA/Local/QRH Updated/QRH_Workbench/10114238_Woodfibre.LNG_QRH_files/session_files/journal60.wbjn	991
03.Ansys FEA/Local/QRH Updated/QRH_Workbench/10114238_Woodfibre.LNG_QRH_files/session_files/journal60_crashed.wbjn	991
03.Ansys FEA/Local/QRH Updated/QRH_Workbench/10114238_Woodfibre.LNG_QRH_files/session_files/journal7.wbjn	333
03.Ansys FEA/Local/QRH Updated/QRH_Workbench/10114238_Woodfibre.LNG_QRH_files/session_files/journal8.wbjn	353
03.Ansys FEA/Local/QRH Updated/QRH_Workbench/10114238_Woodfibre.LNG_QRH_files/session_files/journal9.wbjn	231
03.Ansys FEA/Local/QRH Updated/QRH_Workbench/10114238_Woodfibre.LNG_analysis_QRHdata.xlsx	99136
03.Ansys FEA/Local/QRH Updated/QRH_Workbench/APDL/SYS-53_ds.dat	51688634
03.Ansys FEA/Local/QRH Updated/QRH_Workbench/APDL/workbench_main.inp	226
03.Ansys FEA/Local/QRH Updated/QRH_Workbench/APDL/write_verify_update.inp	284
03.Ansys FEA/Local/QRH Updated/QRH_Workbench/QRH Support Web Frame 1503.txt	15354
03.Ansys FEA/Local/QRH Updated/QRH_Workbench/QRH Support Web Frame FLS 2104.txt	14989
03.Ansys FEA/Local/QRH Updated/QRH_Workbench/QRH Support Web Frame Holes 2003.txt	17275
04.Model Test Correlation/01. Hyd/01-Individual/AL_FST1F.LIS	9411907
04.Model Test Correlation/01. Hyd/01-Individual/AL_FST1F.dat	1430021
04.Model Test Correlation/01. Hyd/01-Individual/AL_FST1L.LIS	5511111
04.Model Test Correlation/01. Hyd/01-Individual/AL_FST1L.dat	1316662
04.Model Test Correlation/01. Hyd/01-Individual/AL_FST2F.LIS	9357471
04.Model Test Correlation/01. Hyd/01-Individual/AL_FST2F.dat	1421744
04.Model Test Correlation/01. Hyd/01-Individual/AL_FST2L.LIS	8791436
04.Model Test Correlation/01. Hyd/01-Individual/AL_FST2L.dat	1336182
04.Model Test Correlation/01. Hyd/01-Individual/AL_LNGCEB.LIS	3836451
04.Model Test Correlation/01. Hyd/01-Individual/AL_LNGCEB.dat	1389589
04.Model Test Correlation/01. Hyd/01-Individual/AL_LNGCEF.LIS	3718009
04.Model Test Correlation/01. Hyd/01-Individual/AL_LNGCEF.dat	1346216
04.Model Test Correlation/01. Hyd/01-Individual/AL_LNGCPB.LIS	3696273
04.Model Test Correlation/01. Hyd/01-Individual/AL_LNGCPB.dat	1337169
04.Model Test Correlation/01. Hyd/01-Individual/AL_LNGCPF.LIS	3862951
04.Model Test Correlation/01. Hyd/01-Individual/AL_LNGCPF.dat	1398949
04.Model Test Correlation/01. Hyd/02-Multibody/AL_FST2F_FST1F.LIS	12871951
04.Model Test Correlation/01. Hyd/02-Multibody/AL_FST2F_FST1F.dat	2848196
04.Model Test Correlation/01. Hyd/02-Multibody/AL_FST2F_FST1F_LNGCEB.LIS	19593909
04.Model Test Correlation/01. Hyd/02-Multibody/AL_FST2F_FST1F_LNGCEB.dat	4234447
04.Model Test Correlation/01. Hyd/02-Multibody/AL_FST2F_FST1F_LNGCPB.LIS	19453698
04.Model Test Correlation/01. Hyd/02-Multibody/AL_FST2F_FST1F_LNGCPB.dat	4182065
04.Model Test Correlation/01. Hyd/02-Multibody/AL_FST2L_FST1L.LIS	13413029
04.Model Test Correlation/01. Hyd/02-Multibody/AL_FST2L_FST1L.dat	2649887
04.Model Test Correlation/01. Hyd/02-Multibody/AL_FST2L_FST1L_LNGCEF.LIS	19268066
04.Model Test Correlation/01. Hyd/02-Multibody/AL_FST2L_FST1L_LNGCEF.dat	3992336
04.Model Test Correlation/01. Hyd/02-Multibody/AL_FST2L_FST1L_LNGCPF.LIS	18734046
04.Model Test Correlation/01. Hyd/02-Multibody/AL_FST2L_FST1L_LNGCPF.dat	4044792
04.Model Test Correlation/02. Orcaflex/00-Common/Curr_Ext_FST1F.yml	3673
04.Model Test Correlation/02. Orcaflex/00-Common/Curr_Ext_FST1L.yml	3696
04.Model Test Correlation/02. Orcaflex/00-Common/Curr_Ext_FST2F.yml	3622
04.Model Test Correlation/02. Orcaflex/00-Common/Curr_Ext_FST2L.yml	3666
04.Model Test Correlation/02. Orcaflex/00-Common/Curr_Oper_FST1F.yml	3417
04.Model Test Correlation/02. Orcaflex/00-Common/Curr_Oper_FST1L.yml	3436
04.Model Test Correlation/02. Orcaflex/00-Common/Curr_Oper_FST2F.yml	3426
04.Model Test Correlation/02. Orcaflex/00-Common/Curr_Oper_FST2L.yml	3454
04.Model Test Correlation/02. Orcaflex/00-Common/Curr_Oper_LNGCEB.yml	3505
04.Model Test Correlation/02. Orcaflex/00-Common/Curr_Oper_LNGCEF.yml	3508
04.Model Test Correlation/02. Orcaflex/00-Common/Curr_Oper_LNGCPB.yml	3443
04.Model Test Correlation/02. Orcaflex/00-Common/Curr_Oper_LNGCPF.yml	3446
04.Model Test Correlation/02. Orcaflex/00-Common/FST_Drawing.dat	6771910
04.Model Test Correlation/02. Orcaflex/00-Common/Mooring_stiffness.yml	9350
04.Model Test Correlation/02. Orcaflex/00-Common/Mooring_stiffness_Fenders.yml	5207
04.Model Test Correlation/02. Orcaflex/00-Common/Wind_Ext_FST1F.yml	3316
04.Model Test Correlation/02. Orcaflex/00-Common/Wind_Ext_FST1L.yml	3302
04.Model Test Correlation/02. Orcaflex/00-Common/Wind_Ext_FST1L_OB.yml	3314
04.Model Test Correlation/02. Orcaflex/00-Common/Wind_Ext_FST2F.yml	3318
04.Model Test Correlation/02. Orcaflex/00-Common/Wind_Ext_FST2L.yml	3304
04.Model Test Correlation/02. Orcaflex/00-Common/Wind_Ext_FST2L_OB.yml	3316
04.Model Test Correlation/02. Orcaflex/00-Common/Wind_Oper_FST1F.yml	3332
04.Model Test Correlation/02. Orcaflex/00-Common/Wind_Oper_FST1L.yml	3321
04.Model Test Correlation/02. Orcaflex/00-Common/Wind_Oper_FST2F.yml	3349
04.Model Test Correlation/02. Orcaflex/00-Common/Wind_Oper_FST2L.yml	3323
04.Model Test Correlation/02. Orcaflex/00-Common/Wind_Oper_LNGCEB.yml	3397
04.Model Test Correlation/02. Orcaflex/00-Common/Wind_Oper_LNGCEF.yml	3395
04.Model Test Correlation/02. Orcaflex/00-Common/Wind_Oper_LNGCPB.yml	3337
04.Model Test Correlation/02. Orcaflex/00-Common/Wind_Oper_LNGCPF.yml	3343
04.Model Test Correlation/02. Orcaflex/01-Bases/Model_Test_Ext_FST2F_FST1F_r01_MWL.dat	29173668
04.Model Test Correlation/02. Orcaflex/01-Bases/Model_Test_Ext_FST2L_FST1L_r01_MWL.dat	42102938
04.Model Test Correlation/02. Orcaflex/01-Bases/Model_Test_Ext_FST_Nuterual_r01.dat	42102811
04.Model Test Correlation/02. Orcaflex/01-Bases/Model_Test_Opr_FST2F_FST1F_LNGCEB_r01_MWL.dat	42976359
04.Model Test Correlation/02. Orcaflex/01-Bases/Model_Test_Opr_FST2F_FST1F_LNGCPB_r01_MWL.dat	43541324
04.Model Test Correlation/02. Orcaflex/01-Bases/Model_Test_Opr_FST2L_FST1L_LNGCEF_r01_MWL.dat	46573106
04.Model Test Correlation/02. Orcaflex/01-Bases/Model_Test_Opr_FST2L_FST1L_LNGCPF_r01_MWL.dat	40140907
04.Model Test Correlation/02. Orcaflex/02-FST2L_FST1L/01-Decay/FST1L_Roll.sim	63026443
04.Model Test Correlation/02. Orcaflex/02-FST2L_FST1L/01-Decay/FST1L_Roll.yml	1483
04.Model Test Correlation/02. Orcaflex/02-FST2L_FST1L/01-Decay/FST2L_Roll.sim	63025301
04.Model Test Correlation/02. Orcaflex/02-FST2L_FST1L/01-Decay/FST2L_Roll.yml	1483
04.Model Test Correlation/02. Orcaflex/02-FST2L_FST1L/01-Decay/decay.xlsx	201657
04.Model Test Correlation/02. Orcaflex/02-FST2L_FST1L/02-Ext/01_CFD_Wind/01-const/Test_06_006_003_01.sim	42883767
04.Model Test Correlation/02. Orcaflex/02-FST2L_FST1L/02-Ext/01_CFD_Wind/01-const/Test_06_006_003_01.yml	1543
04.Model Test Correlation/02. Orcaflex/02-FST2L_FST1L/02-Ext/01_CFD_Wind/01-const/Test_06_006_004_01.sim	42885038
04.Model Test Correlation/02. Orcaflex/02-FST2L_FST1L/02-Ext/01_CFD_Wind/01-const/Test_06_006_004_01.yml	1543
04.Model Test Correlation/02. Orcaflex/02-FST2L_FST1L/02-Ext/01_CFD_Wind/01-const/Test_06_008_003_01.sim	42884129
04.Model Test Correlation/02. Orcaflex/02-FST2L_FST1L/02-Ext/01_CFD_Wind/01-const/Test_06_008_003_01.yml	1543
04.Model Test Correlation/02. Orcaflex/02-FST2L_FST1L/02-Ext/01_CFD_Wind/01-const/Test_06_008_004_01.sim	42883413
04.Model Test Correlation/02. Orcaflex/02-FST2L_FST1L/02-Ext/01_CFD_Wind/01-const/Test_06_008_004_01.yml	1543
04.Model Test Correlation/02. Orcaflex/02-FST2L_FST1L/02-Ext/01_CFD_Wind/01-const/Test_06_010_001_01.sim	42883080
04.Model Test Correlation/02. Orcaflex/02-FST2L_FST1L/02-Ext/01_CFD_Wind/01-const/Test_06_010_001_01.yml	1543
04.Model Test Correlation/02. Orcaflex/02-FST2L_FST1L/02-Ext/01_CFD_Wind/01-const/Test_06_010_002_01.sim	42883264
04.Model Test Correlation/02. Orcaflex/02-FST2L_FST1L/02-Ext/01_CFD_Wind/01-const/Test_06_010_002_01.yml	1542
04.Model Test Correlation/02. Orcaflex/02-FST2L_FST1L/02-Ext/01_CFD_Wind/01-const/Test_06_010_005_01.sim	42883810
04.Model Test Correlation/02. Orcaflex/02-FST2L_FST1L/02-Ext/01_CFD_Wind/01-const/Test_06_010_005_01.yml	1543
04.Model Test Correlation/02. Orcaflex/02-FST2L_FST1L/02-Ext/01_CFD_Wind/01-const/Test_06_012_001_01.sim	42883458
04.Model Test Correlation/02. Orcaflex/02-FST2L_FST1L/02-Ext/01_CFD_Wind/01-const/Test_06_012_001_01.yml	1543
04.Model Test Correlation/02. Orcaflex/02-FST2L_FST1L/02-Ext/01_CFD_Wind/01-const/Test_06_014_001_01.sim	42883849
04.Model Test Correlation/02. Orcaflex/02-FST2L_FST1L/02-Ext/01_CFD_Wind/01-const/Test_06_014_001_01.yml	1543
04.Model Test Correlation/02. Orcaflex/02-FST2L_FST1L/02-Ext/01_CFD_Wind/01-const/Test_06_016_001_01.sim	42882767
04.Model Test Correlation/02. Orcaflex/02-FST2L_FST1L/02-Ext/01_CFD_Wind/01-const/Test_06_016_001_01.yml	1543
04.Model Test Correlation/02. Orcaflex/02-FST2L_FST1L/02-Ext/01_CFD_Wind/01-const/Thumbs.db	1226240
04.Model Test Correlation/02. Orcaflex/02-FST2L_FST1L/02-Ext/01_CFD_Wind/02-wave/34456_01OB_06_006_001_01_wave.txt	23762074
04.Model Test Correlation/02. Orcaflex/02-FST2L_FST1L/02-Ext/01_CFD_Wind/02-wave/34456_01OB_06_006_002_01_wave.txt	23762022
04.Model Test Correlation/02. Orcaflex/02-FST2L_FST1L/02-Ext/01_CFD_Wind/02-wave/34456_01OB_06_008_001_01_wave.txt	23759340
04.Model Test Correlation/02. Orcaflex/02-FST2L_FST1L/02-Ext/01_CFD_Wind/02-wave/34456_01OB_06_008_002_01_wave.txt	23758144
04.Model Test Correlation/02. Orcaflex/02-FST2L_FST1L/02-Ext/01_CFD_Wind/02-wave/34456_01OB_06_010_003_01_wave.txt	23748881
04.Model Test Correlation/02. Orcaflex/02-FST2L_FST1L/02-Ext/01_CFD_Wind/02-wave/34456_01OB_06_010_004_01_wave.txt	23748653
04.Model Test Correlation/02. Orcaflex/02-FST2L_FST1L/02-Ext/01_CFD_Wind/02-wave/Test_06_006_001_01.sim	1102138877
04.Model Test Correlation/02. Orcaflex/02-FST2L_FST1L/02-Ext/01_CFD_Wind/02-wave/Test_06_006_001_01.yml	1629
04.Model Test Correlation/02. Orcaflex/02-FST2L_FST1L/02-Ext/01_CFD_Wind/02-wave/Test_06_006_002_01.sim	1102138195
04.Model Test Correlation/02. Orcaflex/02-FST2L_FST1L/02-Ext/01_CFD_Wind/02-wave/Test_06_006_002_01.yml	1629
04.Model Test Correlation/02. Orcaflex/02-FST2L_FST1L/02-Ext/01_CFD_Wind/02-wave/Test_06_008_001_01.sim	1102136516
04.Model Test Correlation/02. Orcaflex/02-FST2L_FST1L/02-Ext/01_CFD_Wind/02-wave/Test_06_008_001_01.yml	1629
04.Model Test Correlation/02. Orcaflex/02-FST2L_FST1L/02-Ext/01_CFD_Wind/02-wave/Test_06_008_002_01.sim	1102137050
04.Model Test Correlation/02. Orcaflex/02-FST2L_FST1L/02-Ext/01_CFD_Wind/02-wave/Test_06_008_002_01.yml	1629
04.Model Test Correlation/02. Orcaflex/02-FST2L_FST1L/02-Ext/01_CFD_Wind/02-wave/Test_06_010_003_01.sim	1102136251
04.Model Test Correlation/02. Orcaflex/02-FST2L_FST1L/02-Ext/01_CFD_Wind/02-wave/Test_06_010_003_01.yml	1629
04.Model Test Correlation/02. Orcaflex/02-FST2L_FST1L/02-Ext/01_CFD_Wind/02-wave/Test_06_010_004_01.sim	1102136426
04.Model Test Correlation/02. Orcaflex/02-FST2L_FST1L/02-Ext/01_CFD_Wind/02-wave/Test_06_010_004_01.yml	1629
04.Model Test Correlation/02. Orcaflex/02-FST2L_FST1L/02-Ext/01_CFD_Wind/02-wave/Thumbs.db	613888
04.Model Test Correlation/02. Orcaflex/02-FST2L_FST1L/02-Ext/02_OB_Wind/01-Const/Test_06_006_003_01.sim	42884186
04.Model Test Correlation/02. Orcaflex/02-FST2L_FST1L/02-Ext/02_OB_Wind/01-Const/Test_06_006_003_01.yml	1749
04.Model Test Correlation/02. Orcaflex/02-FST2L_FST1L/02-Ext/02_OB_Wind/01-Const/Test_06_006_004_01.sim	42884997
04.Model Test Correlation/02. Orcaflex/02-FST2L_FST1L/02-Ext/02_OB_Wind/01-Const/Test_06_006_004_01.yml	1749
04.Model Test Correlation/02. Orcaflex/02-FST2L_FST1L/02-Ext/02_OB_Wind/01-Const/Test_06_008_003_01.sim	42884141
04.Model Test Correlation/02. Orcaflex/02-FST2L_FST1L/02-Ext/02_OB_Wind/01-Const/Test_06_008_003_01.yml	1749
04.Model Test Correlation/02. Orcaflex/02-FST2L_FST1L/02-Ext/02_OB_Wind/01-Const/Test_06_008_004_01.sim	42882961
04.Model Test Correlation/02. Orcaflex/02-FST2L_FST1L/02-Ext/02_OB_Wind/01-Const/Test_06_008_004_01.yml	1749
04.Model Test Correlation/02. Orcaflex/02-FST2L_FST1L/02-Ext/02_OB_Wind/01-Const/Test_06_010_001_01.sim	42882845
04.Model Test Correlation/02. Orcaflex/02-FST2L_FST1L/02-Ext/02_OB_Wind/01-Const/Test_06_010_001_01.yml	1749
04.Model Test Correlation/02. Orcaflex/02-FST2L_FST1L/02-Ext/02_OB_Wind/01-Const/Test_06_010_002_01.sim	42883840
04.Model Test Correlation/02. Orcaflex/02-FST2L_FST1L/02-Ext/02_OB_Wind/01-Const/Test_06_010_002_01.yml	1748
04.Model Test Correlation/02. Orcaflex/02-FST2L_FST1L/02-Ext/02_OB_Wind/01-Const/Test_06_010_005_01.sim	42884166
04.Model Test Correlation/02. Orcaflex/02-FST2L_FST1L/02-Ext/02_OB_Wind/01-Const/Test_06_010_005_01.yml	1749
04.Model Test Correlation/02. Orcaflex/02-FST2L_FST1L/02-Ext/02_OB_Wind/01-Const/Test_06_012_001_01.sim	42883857
04.Model Test Correlation/02. Orcaflex/02-FST2L_FST1L/02-Ext/02_OB_Wind/01-Const/Test_06_012_001_01.yml	1749
04.Model Test Correlation/02. Orcaflex/02-FST2L_FST1L/02-Ext/02_OB_Wind/01-Const/Test_06_014_001_01.sim	42883707
04.Model Test Correlation/02. Orcaflex/02-FST2L_FST1L/02-Ext/02_OB_Wind/01-Const/Test_06_014_001_01.yml	1749
04.Model Test Correlation/02. Orcaflex/02-FST2L_FST1L/02-Ext/02_OB_Wind/01-Const/Test_06_016_001_01.sim	42883099
04.Model Test Correlation/02. Orcaflex/02-FST2L_FST1L/02-Ext/02_OB_Wind/01-Const/Test_06_016_001_01.yml	1749
04.Model Test Correlation/02. Orcaflex/02-FST2L_FST1L/02-Ext/02_OB_Wind/01-Const/Thumbs.db	849920
04.Model Test Correlation/02. Orcaflex/02-FST2L_FST1L/02-Ext/02_OB_Wind/02-Wave/34456_01OB_06_006_001_01_wave.txt	23762074
04.Model Test Correlation/02. Orcaflex/02-FST2L_FST1L/02-Ext/02_OB_Wind/02-Wave/34456_01OB_06_006_002_01_wave.txt	23762022
04.Model Test Correlation/02. Orcaflex/02-FST2L_FST1L/02-Ext/02_OB_Wind/02-Wave/34456_01OB_06_008_001_01_wave.txt	23759340
04.Model Test Correlation/02. Orcaflex/02-FST2L_FST1L/02-Ext/02_OB_Wind/02-Wave/34456_01OB_06_008_002_01_wave.txt	23758144
04.Model Test Correlation/02. Orcaflex/02-FST2L_FST1L/02-Ext/02_OB_Wind/02-Wave/34456_01OB_06_010_003_01_wave.txt	23748881
04.Model Test Correlation/02. Orcaflex/02-FST2L_FST1L/02-Ext/02_OB_Wind/02-Wave/34456_01OB_06_010_004_01_wave.txt	23748653
04.Model Test Correlation/02. Orcaflex/02-FST2L_FST1L/02-Ext/02_OB_Wind/02-Wave/Test_06_006_001_01.sim	1102137993
04.Model Test Correlation/02. Orcaflex/02-FST2L_FST1L/02-Ext/02_OB_Wind/02-Wave/Test_06_006_001_01.yml	1857
04.Model Test Correlation/02. Orcaflex/02-FST2L_FST1L/02-Ext/02_OB_Wind/02-Wave/Test_06_006_001_01/FST1_1st_order_wave_forces.csv	15132847
04.Model Test Correlation/02. Orcaflex/02-FST2L_FST1L/02-Ext/02_OB_Wind/02-Wave/Test_06_006_001_01/FST1_2nd_order_wave_forces.csv	15167461
04.Model Test Correlation/02. Orcaflex/02-FST2L_FST1L/02-Ext/02_OB_Wind/02-Wave/Test_06_006_001_01/FST1_current_forces.csv	15228388
04.Model Test Correlation/02. Orcaflex/02-FST2L_FST1L/02-Ext/02_OB_Wind/02-Wave/Test_06_006_001_01/FST1_motions.csv	15647837
04.Model Test Correlation/02. Orcaflex/02-FST2L_FST1L/02-Ext/02_OB_Wind/02-Wave/Test_06_006_001_01/FST1_radiation_forces.csv	15161917
04.Model Test Correlation/02. Orcaflex/02-FST2L_FST1L/02-Ext/02_OB_Wind/02-Wave/Test_06_006_001_01/FST1_wind_forces.csv	15417957
04.Model Test Correlation/02. Orcaflex/02-FST2L_FST1L/02-Ext/02_OB_Wind/02-Wave/Test_06_006_001_01/FST2_1st_order_wave_forces.csv	15123549
04.Model Test Correlation/02. Orcaflex/02-FST2L_FST1L/02-Ext/02_OB_Wind/02-Wave/Test_06_006_001_01/FST2_2nd_order_wave_forces.csv	15215874
04.Model Test Correlation/02. Orcaflex/02-FST2L_FST1L/02-Ext/02_OB_Wind/02-Wave/Test_06_006_001_01/FST2_current_forces.csv	15206967
04.Model Test Correlation/02. Orcaflex/02-FST2L_FST1L/02-Ext/02_OB_Wind/02-Wave/Test_06_006_001_01/FST2_motions.csv	16088737
04.Model Test Correlation/02. Orcaflex/02-FST2L_FST1L/02-Ext/02_OB_Wind/02-Wave/Test_06_006_001_01/FST2_radiation_forces.csv	15137542
04.Model Test Correlation/02. Orcaflex/02-FST2L_FST1L/02-Ext/02_OB_Wind/02-Wave/Test_06_006_001_01/FST2_wind_forces.csv	15016178
04.Model Test Correlation/02. Orcaflex/02-FST2L_FST1L/02-Ext/02_OB_Wind/02-Wave/Test_06_006_001_01/Jacket1.csv	17985874
04.Model Test Correlation/02. Orcaflex/02-FST2L_FST1L/02-Ext/02_OB_Wind/02-Wave/Test_06_006_001_01/Jacket2.csv	18019335
04.Model Test Correlation/02. Orcaflex/02-FST2L_FST1L/02-Ext/02_OB_Wind/02-Wave/Test_06_006_001_01/Jacket3.csv	18058044
04.Model Test Correlation/02. Orcaflex/02-FST2L_FST1L/02-Ext/02_OB_Wind/02-Wave/Test_06_006_001_01/Jacket4.csv	18108013
04.Model Test Correlation/02. Orcaflex/02-FST2L_FST1L/02-Ext/02_OB_Wind/02-Wave/Test_06_006_001_01/Strut1.csv	53859270
04.Model Test Correlation/02. Orcaflex/02-FST2L_FST1L/02-Ext/02_OB_Wind/02-Wave/Test_06_006_001_01/Strut2.csv	53624306
04.Model Test Correlation/02. Orcaflex/02-FST2L_FST1L/02-Ext/02_OB_Wind/02-Wave/Test_06_006_001_01/Strut3.csv	53760706
04.Model Test Correlation/02. Orcaflex/02-FST2L_FST1L/02-Ext/02_OB_Wind/02-Wave/Test_06_006_001_01/Strut4.csv	53883799
04.Model Test Correlation/02. Orcaflex/02-FST2L_FST1L/02-Ext/02_OB_Wind/02-Wave/Test_06_006_001_01/Strut5.csv	53296628
04.Model Test Correlation/02. Orcaflex/02-FST2L_FST1L/02-Ext/02_OB_Wind/02-Wave/Test_06_006_001_01/Strut6.csv	53254569
04.Model Test Correlation/02. Orcaflex/02-FST2L_FST1L/02-Ext/02_OB_Wind/02-Wave/Test_06_006_001_01/Strut7.csv	53606594
04.Model Test Correlation/02. Orcaflex/02-FST2L_FST1L/02-Ext/02_OB_Wind/02-Wave/Test_06_006_001_01/Strut8.csv	53676406
04.Model Test Correlation/02. Orcaflex/02-FST2L_FST1L/02-Ext/02_OB_Wind/02-Wave/Test_06_006_001_01/readme.txt	163
04.Model Test Correlation/02. Orcaflex/02-FST2L_FST1L/02-Ext/02_OB_Wind/02-Wave/Test_06_006_002_01.sim	1102137106
04.Model Test Correlation/02. Orcaflex/02-FST2L_FST1L/02-Ext/02_OB_Wind/02-Wave/Test_06_006_002_01.yml	1857
04.Model Test Correlation/02. Orcaflex/02-FST2L_FST1L/02-Ext/02_OB_Wind/02-Wave/Test_06_006_002_01/FST1_1st_order_wave_forces.csv	15149041
04.Model Test Correlation/02. Orcaflex/02-FST2L_FST1L/02-Ext/02_OB_Wind/02-Wave/Test_06_006_002_01/FST1_2nd_order_wave_forces.csv	15168992
04.Model Test Correlation/02. Orcaflex/02-FST2L_FST1L/02-Ext/02_OB_Wind/02-Wave/Test_06_006_002_01/FST1_current_forces.csv	15228911
04.Model Test Correlation/02. Orcaflex/02-FST2L_FST1L/02-Ext/02_OB_Wind/02-Wave/Test_06_006_002_01/FST1_motions.csv	15785730
04.Model Test Correlation/02. Orcaflex/02-FST2L_FST1L/02-Ext/02_OB_Wind/02-Wave/Test_06_006_002_01/FST1_radiation_forces.csv	15162557
04.Model Test Correlation/02. Orcaflex/02-FST2L_FST1L/02-Ext/02_OB_Wind/02-Wave/Test_06_006_002_01/FST1_wind_forces.csv	15149608
04.Model Test Correlation/02. Orcaflex/02-FST2L_FST1L/02-Ext/02_OB_Wind/02-Wave/Test_06_006_002_01/FST2_1st_order_wave_forces.csv	15136899
04.Model Test Correlation/02. Orcaflex/02-FST2L_FST1L/02-Ext/02_OB_Wind/02-Wave/Test_06_006_002_01/FST2_2nd_order_wave_forces.csv	15214786
04.Model Test Correlation/02. Orcaflex/02-FST2L_FST1L/02-Ext/02_OB_Wind/02-Wave/Test_06_006_002_01/FST2_current_forces.csv	15205295
04.Model Test Correlation/02. Orcaflex/02-FST2L_FST1L/02-Ext/02_OB_Wind/02-Wave/Test_06_006_002_01/FST2_motions.csv	16068834
04.Model Test Correlation/02. Orcaflex/02-FST2L_FST1L/02-Ext/02_OB_Wind/02-Wave/Test_06_006_002_01/FST2_radiation_forces.csv	15136736
04.Model Test Correlation/02. Orcaflex/02-FST2L_FST1L/02-Ext/02_OB_Wind/02-Wave/Test_06_006_002_01/FST2_wind_forces.csv	14863297
04.Model Test Correlation/02. Orcaflex/02-FST2L_FST1L/02-Ext/02_OB_Wind/02-Wave/Test_06_006_002_01/Jacket1.csv	18021038
04.Model Test Correlation/02. Orcaflex/02-FST2L_FST1L/02-Ext/02_OB_Wind/02-Wave/Test_06_006_002_01/Jacket2.csv	18023561
04.Model Test Correlation/02. Orcaflex/02-FST2L_FST1L/02-Ext/02_OB_Wind/02-Wave/Test_06_006_002_01/Jacket3.csv	18091450
04.Model Test Correlation/02. Orcaflex/02-FST2L_FST1L/02-Ext/02_OB_Wind/02-Wave/Test_06_006_002_01/Jacket4.csv	18219938
04.Model Test Correlation/02. Orcaflex/02-FST2L_FST1L/02-Ext/02_OB_Wind/02-Wave/Test_06_006_002_01/Strut1.csv	53864232
04.Model Test Correlation/02. Orcaflex/02-FST2L_FST1L/02-Ext/02_OB_Wind/02-Wave/Test_06_006_002_01/Strut2.csv	53647383
04.Model Test Correlation/02. Orcaflex/02-FST2L_FST1L/02-Ext/02_OB_Wind/02-Wave/Test_06_006_002_01/Strut3.csv	53800469
04.Model Test Correlation/02. Orcaflex/02-FST2L_FST1L/02-Ext/02_OB_Wind/02-Wave/Test_06_006_002_01/Strut4.csv	53692627
04.Model Test Correlation/02. Orcaflex/02-FST2L_FST1L/02-Ext/02_OB_Wind/02-Wave/Test_06_006_002_01/Strut5.csv	53523851
04.Model Test Correlation/02. Orcaflex/02-FST2L_FST1L/02-Ext/02_OB_Wind/02-Wave/Test_06_006_002_01/Strut6.csv	53159095
04.Model Test Correlation/02. Orcaflex/02-FST2L_FST1L/02-Ext/02_OB_Wind/02-Wave/Test_06_006_002_01/Strut7.csv	53605928
04.Model Test Correlation/02. Orcaflex/02-FST2L_FST1L/02-Ext/02_OB_Wind/02-Wave/Test_06_006_002_01/Strut8.csv	53710303
04.Model Test Correlation/02. Orcaflex/02-FST2L_FST1L/02-Ext/02_OB_Wind/02-Wave/Test_06_006_002_01/readme.txt	163
04.Model Test Correlation/02. Orcaflex/02-FST2L_FST1L/02-Ext/02_OB_Wind/02-Wave/Test_06_008_001_01.sim	1102137059
04.Model Test Correlation/02. Orcaflex/02-FST2L_FST1L/02-Ext/02_OB_Wind/02-Wave/Test_06_008_001_01.yml	1857
04.Model Test Correlation/02. Orcaflex/02-FST2L_FST1L/02-Ext/02_OB_Wind/02-Wave/Test_06_008_001_01/FST1_1st_order_wave_forces.csv	15107514
04.Model Test Correlation/02. Orcaflex/02-FST2L_FST1L/02-Ext/02_OB_Wind/02-Wave/Test_06_008_001_01/FST1_2nd_order_wave_forces.csv	15316592
04.Model Test Correlation/02. Orcaflex/02-FST2L_FST1L/02-Ext/02_OB_Wind/02-Wave/Test_06_008_001_01/FST1_current_forces.csv	15244314
04.Model Test Correlation/02. Orcaflex/02-FST2L_FST1L/02-Ext/02_OB_Wind/02-Wave/Test_06_008_001_01/FST1_motions.csv	15815842
04.Model Test Correlation/02. Orcaflex/02-FST2L_FST1L/02-Ext/02_OB_Wind/02-Wave/Test_06_008_001_01/FST1_radiation_forces.csv	15101772
04.Model Test Correlation/02. Orcaflex/02-FST2L_FST1L/02-Ext/02_OB_Wind/02-Wave/Test_06_008_001_01/FST1_wind_forces.csv	15244284
04.Model Test Correlation/02. Orcaflex/02-FST2L_FST1L/02-Ext/02_OB_Wind/02-Wave/Test_06_008_001_01/FST2_1st_order_wave_forces.csv	15101697
04.Model Test Correlation/02. Orcaflex/02-FST2L_FST1L/02-Ext/02_OB_Wind/02-Wave/Test_06_008_001_01/FST2_2nd_order_wave_forces.csv	14948848
04.Model Test Correlation/02. Orcaflex/02-FST2L_FST1L/02-Ext/02_OB_Wind/02-Wave/Test_06_008_001_01/FST2_current_forces.csv	15206269
04.Model Test Correlation/02. Orcaflex/02-FST2L_FST1L/02-Ext/02_OB_Wind/02-Wave/Test_06_008_001_01/FST2_motions.csv	15977369
04.Model Test Correlation/02. Orcaflex/02-FST2L_FST1L/02-Ext/02_OB_Wind/02-Wave/Test_06_008_001_01/FST2_radiation_forces.csv	15091904
04.Model Test Correlation/02. Orcaflex/02-FST2L_FST1L/02-Ext/02_OB_Wind/02-Wave/Test_06_008_001_01/FST2_wind_forces.csv	14991070
04.Model Test Correlation/02. Orcaflex/02-FST2L_FST1L/02-Ext/02_OB_Wind/02-Wave/Test_06_008_001_01/Jacket1.csv	18056636
04.Model Test Correlation/02. Orcaflex/02-FST2L_FST1L/02-Ext/02_OB_Wind/02-Wave/Test_06_008_001_01/Jacket2.csv	18029009
04.Model Test Correlation/02. Orcaflex/02-FST2L_FST1L/02-Ext/02_OB_Wind/02-Wave/Test_06_008_001_01/Jacket3.csv	18082869
04.Model Test Correlation/02. Orcaflex/02-FST2L_FST1L/02-Ext/02_OB_Wind/02-Wave/Test_06_008_001_01/Jacket4.csv	18160157
04.Model Test Correlation/02. Orcaflex/02-FST2L_FST1L/02-Ext/02_OB_Wind/02-Wave/Test_06_008_001_01/Strut1.csv	53677506
04.Model Test Correlation/02. Orcaflex/02-FST2L_FST1L/02-Ext/02_OB_Wind/02-Wave/Test_06_008_001_01/Strut2.csv	53877608
04.Model Test Correlation/02. Orcaflex/02-FST2L_FST1L/02-Ext/02_OB_Wind/02-Wave/Test_06_008_001_01/Strut3.csv	53606529
04.Model Test Correlation/02. Orcaflex/02-FST2L_FST1L/02-Ext/02_OB_Wind/02-Wave/Test_06_008_001_01/Strut4.csv	53819792
04.Model Test Correlation/02. Orcaflex/02-FST2L_FST1L/02-Ext/02_OB_Wind/02-Wave/Test_06_008_001_01/Strut5.csv	53355316
04.Model Test Correlation/02. Orcaflex/02-FST2L_FST1L/02-Ext/02_OB_Wind/02-Wave/Test_06_008_001_01/Strut6.csv	53639328
04.Model Test Correlation/02. Orcaflex/02-FST2L_FST1L/02-Ext/02_OB_Wind/02-Wave/Test_06_008_001_01/Strut7.csv	53487828
04.Model Test Correlation/02. Orcaflex/02-FST2L_FST1L/02-Ext/02_OB_Wind/02-Wave/Test_06_008_001_01/Strut8.csv	53813206
04.Model Test Correlation/02. Orcaflex/02-FST2L_FST1L/02-Ext/02_OB_Wind/02-Wave/Test_06_008_001_01/readme.txt	163
04.Model Test Correlation/02. Orcaflex/02-FST2L_FST1L/02-Ext/02_OB_Wind/02-Wave/Test_06_008_002_01.sim	1102136881
04.Model Test Correlation/02. Orcaflex/02-FST2L_FST1L/02-Ext/02_OB_Wind/02-Wave/Test_06_008_002_01.yml	1857
04.Model Test Correlation/02. Orcaflex/02-FST2L_FST1L/02-Ext/02_OB_Wind/02-Wave/Test_06_008_002_01/FST1_1st_order_wave_forces.csv	15107244
04.Model Test Correlation/02. Orcaflex/02-FST2L_FST1L/02-Ext/02_OB_Wind/02-Wave/Test_06_008_002_01/FST1_2nd_order_wave_forces.csv	15316746
04.Model Test Correlation/02. Orcaflex/02-FST2L_FST1L/02-Ext/02_OB_Wind/02-Wave/Test_06_008_002_01/FST1_current_forces.csv	15266447
04.Model Test Correlation/02. Orcaflex/02-FST2L_FST1L/02-Ext/02_OB_Wind/02-Wave/Test_06_008_002_01/FST1_motions.csv	15753052
04.Model Test Correlation/02. Orcaflex/02-FST2L_FST1L/02-Ext/02_OB_Wind/02-Wave/Test_06_008_002_01/FST1_radiation_forces.csv	15102069
04.Model Test Correlation/02. Orcaflex/02-FST2L_FST1L/02-Ext/02_OB_Wind/02-Wave/Test_06_008_002_01/FST1_wind_forces.csv	15417738
04.Model Test Correlation/02. Orcaflex/02-FST2L_FST1L/02-Ext/02_OB_Wind/02-Wave/Test_06_008_002_01/FST2_1st_order_wave_forces.csv	15101227
04.Model Test Correlation/02. Orcaflex/02-FST2L_FST1L/02-Ext/02_OB_Wind/02-Wave/Test_06_008_002_01/FST2_2nd_order_wave_forces.csv	14946983
04.Model Test Correlation/02. Orcaflex/02-FST2L_FST1L/02-Ext/02_OB_Wind/02-Wave/Test_06_008_002_01/FST2_current_forces.csv	15205888
04.Model Test Correlation/02. Orcaflex/02-FST2L_FST1L/02-Ext/02_OB_Wind/02-Wave/Test_06_008_002_01/FST2_motions.csv	15999652
04.Model Test Correlation/02. Orcaflex/02-FST2L_FST1L/02-Ext/02_OB_Wind/02-Wave/Test_06_008_002_01/FST2_radiation_forces.csv	15093523
04.Model Test Correlation/02. Orcaflex/02-FST2L_FST1L/02-Ext/02_OB_Wind/02-Wave/Test_06_008_002_01/FST2_wind_forces.csv	15147499
04.Model Test Correlation/02. Orcaflex/02-FST2L_FST1L/02-Ext/02_OB_Wind/02-Wave/Test_06_008_002_01/Jacket1.csv	17953183
04.Model Test Correlation/02. Orcaflex/02-FST2L_FST1L/02-Ext/02_OB_Wind/02-Wave/Test_06_008_002_01/Jacket2.csv	17961749
04.Model Test Correlation/02. Orcaflex/02-FST2L_FST1L/02-Ext/02_OB_Wind/02-Wave/Test_06_008_002_01/Jacket3.csv	17947854
04.Model Test Correlation/02. Orcaflex/02-FST2L_FST1L/02-Ext/02_OB_Wind/02-Wave/Test_06_008_002_01/Jacket4.csv	18056832
04.Model Test Correlation/02. Orcaflex/02-FST2L_FST1L/02-Ext/02_OB_Wind/02-Wave/Test_06_008_002_01/Strut1.csv	53717247
04.Model Test Correlation/02. Orcaflex/02-FST2L_FST1L/02-Ext/02_OB_Wind/02-Wave/Test_06_008_002_01/Strut2.csv	53529602
04.Model Test Correlation/02. Orcaflex/02-FST2L_FST1L/02-Ext/02_OB_Wind/02-Wave/Test_06_008_002_01/Strut3.csv	53581780
04.Model Test Correlation/02. Orcaflex/02-FST2L_FST1L/02-Ext/02_OB_Wind/02-Wave/Test_06_008_002_01/Strut4.csv	53895739
04.Model Test Correlation/02. Orcaflex/02-FST2L_FST1L/02-Ext/02_OB_Wind/02-Wave/Test_06_008_002_01/Strut5.csv	53257105
04.Model Test Correlation/02. Orcaflex/02-FST2L_FST1L/02-Ext/02_OB_Wind/02-Wave/Test_06_008_002_01/Strut6.csv	53257381
04.Model Test Correlation/02. Orcaflex/02-FST2L_FST1L/02-Ext/02_OB_Wind/02-Wave/Test_06_008_002_01/Strut7.csv	53481809
04.Model Test Correlation/02. Orcaflex/02-FST2L_FST1L/02-Ext/02_OB_Wind/02-Wave/Test_06_008_002_01/Strut8.csv	53800154
04.Model Test Correlation/02. Orcaflex/02-FST2L_FST1L/02-Ext/02_OB_Wind/02-Wave/Test_06_008_002_01/readme.txt	163
04.Model Test Correlation/02. Orcaflex/02-FST2L_FST1L/02-Ext/02_OB_Wind/02-Wave/Test_06_010_003_01.sim	1102135663
04.Model Test Correlation/02. Orcaflex/02-FST2L_FST1L/02-Ext/02_OB_Wind/02-Wave/Test_06_010_003_01.yml	1857
04.Model Test Correlation/02. Orcaflex/02-FST2L_FST1L/02-Ext/02_OB_Wind/02-Wave/Test_06_010_003_01/FST1_1st_order_wave_forces.csv	15109346
04.Model Test Correlation/02. Orcaflex/02-FST2L_FST1L/02-Ext/02_OB_Wind/02-Wave/Test_06_010_003_01/FST1_2nd_order_wave_forces.csv	15133806
04.Model Test Correlation/02. Orcaflex/02-FST2L_FST1L/02-Ext/02_OB_Wind/02-Wave/Test_06_010_003_01/FST1_current_forces.csv	15261002
04.Model Test Correlation/02. Orcaflex/02-FST2L_FST1L/02-Ext/02_OB_Wind/02-Wave/Test_06_010_003_01/FST1_motions.csv	15803419
04.Model Test Correlation/02. Orcaflex/02-FST2L_FST1L/02-Ext/02_OB_Wind/02-Wave/Test_06_010_003_01/FST1_radiation_forces.csv	15119120
04.Model Test Correlation/02. Orcaflex/02-FST2L_FST1L/02-Ext/02_OB_Wind/02-Wave/Test_06_010_003_01/FST1_wind_forces.csv	15303136
04.Model Test Correlation/02. Orcaflex/02-FST2L_FST1L/02-Ext/02_OB_Wind/02-Wave/Test_06_010_003_01/FST2_1st_order_wave_forces.csv	15111308
04.Model Test Correlation/02. Orcaflex/02-FST2L_FST1L/02-Ext/02_OB_Wind/02-Wave/Test_06_010_003_01/FST2_2nd_order_wave_forces.csv	15174970
04.Model Test Correlation/02. Orcaflex/02-FST2L_FST1L/02-Ext/02_OB_Wind/02-Wave/Test_06_010_003_01/FST2_current_forces.csv	15204975
04.Model Test Correlation/02. Orcaflex/02-FST2L_FST1L/02-Ext/02_OB_Wind/02-Wave/Test_06_010_003_01/FST2_motions.csv	16123258
04.Model Test Correlation/02. Orcaflex/02-FST2L_FST1L/02-Ext/02_OB_Wind/02-Wave/Test_06_010_003_01/FST2_radiation_forces.csv	15115893
04.Model Test Correlation/02. Orcaflex/02-FST2L_FST1L/02-Ext/02_OB_Wind/02-Wave/Test_06_010_003_01/FST2_wind_forces.csv	15152248
04.Model Test Correlation/02. Orcaflex/02-FST2L_FST1L/02-Ext/02_OB_Wind/02-Wave/Test_06_010_003_01/Jacket1.csv	17850676
04.Model Test Correlation/02. Orcaflex/02-FST2L_FST1L/02-Ext/02_OB_Wind/02-Wave/Test_06_010_003_01/Jacket2.csv	18036874
04.Model Test Correlation/02. Orcaflex/02-FST2L_FST1L/02-Ext/02_OB_Wind/02-Wave/Test_06_010_003_01/Jacket3.csv	18013826
04.Model Test Correlation/02. Orcaflex/02-FST2L_FST1L/02-Ext/02_OB_Wind/02-Wave/Test_06_010_003_01/Jacket4.csv	18079874
04.Model Test Correlation/02. Orcaflex/02-FST2L_FST1L/02-Ext/02_OB_Wind/02-Wave/Test_06_010_003_01/Strut1.csv	53616585
04.Model Test Correlation/02. Orcaflex/02-FST2L_FST1L/02-Ext/02_OB_Wind/02-Wave/Test_06_010_003_01/Strut2.csv	53823332
04.Model Test Correlation/02. Orcaflex/02-FST2L_FST1L/02-Ext/02_OB_Wind/02-Wave/Test_06_010_003_01/Strut3.csv	53405543
04.Model Test Correlation/02. Orcaflex/02-FST2L_FST1L/02-Ext/02_OB_Wind/02-Wave/Test_06_010_003_01/Strut4.csv	53679016
04.Model Test Correlation/02. Orcaflex/02-FST2L_FST1L/02-Ext/02_OB_Wind/02-Wave/Test_06_010_003_01/Strut5.csv	53223654
04.Model Test Correlation/02. Orcaflex/02-FST2L_FST1L/02-Ext/02_OB_Wind/02-Wave/Test_06_010_003_01/Strut6.csv	53394346
04.Model Test Correlation/02. Orcaflex/02-FST2L_FST1L/02-Ext/02_OB_Wind/02-Wave/Test_06_010_003_01/Strut7.csv	53331626
04.Model Test Correlation/02. Orcaflex/02-FST2L_FST1L/02-Ext/02_OB_Wind/02-Wave/Test_06_010_003_01/Strut8.csv	53604720
04.Model Test Correlation/02. Orcaflex/02-FST2L_FST1L/02-Ext/02_OB_Wind/02-Wave/Test_06_010_003_01/readme.txt	163
04.Model Test Correlation/02. Orcaflex/02-FST2L_FST1L/02-Ext/02_OB_Wind/02-Wave/Test_06_010_004_01.sim	1102136044
04.Model Test Correlation/02. Orcaflex/02-FST2L_FST1L/02-Ext/02_OB_Wind/02-Wave/Test_06_010_004_01.yml	1857
04.Model Test Correlation/02. Orcaflex/02-FST2L_FST1L/02-Ext/02_OB_Wind/02-Wave/Test_06_010_004_01/FST1_1st_order_wave_forces.csv	15109702
04.Model Test Correlation/02. Orcaflex/02-FST2L_FST1L/02-Ext/02_OB_Wind/02-Wave/Test_06_010_004_01/FST1_2nd_order_wave_forces.csv	15133744
04.Model Test Correlation/02. Orcaflex/02-FST2L_FST1L/02-Ext/02_OB_Wind/02-Wave/Test_06_010_004_01/FST1_current_forces.csv	15285278
04.Model Test Correlation/02. Orcaflex/02-FST2L_FST1L/02-Ext/02_OB_Wind/02-Wave/Test_06_010_004_01/FST1_motions.csv	15791358
04.Model Test Correlation/02. Orcaflex/02-FST2L_FST1L/02-Ext/02_OB_Wind/02-Wave/Test_06_010_004_01/FST1_radiation_forces.csv	15119557
04.Model Test Correlation/02. Orcaflex/02-FST2L_FST1L/02-Ext/02_OB_Wind/02-Wave/Test_06_010_004_01/FST1_wind_forces.csv	15283008
04.Model Test Correlation/02. Orcaflex/02-FST2L_FST1L/02-Ext/02_OB_Wind/02-Wave/Test_06_010_004_01/FST2_1st_order_wave_forces.csv	15111802
04.Model Test Correlation/02. Orcaflex/02-FST2L_FST1L/02-Ext/02_OB_Wind/02-Wave/Test_06_010_004_01/FST2_2nd_order_wave_forces.csv	15177474
04.Model Test Correlation/02. Orcaflex/02-FST2L_FST1L/02-Ext/02_OB_Wind/02-Wave/Test_06_010_004_01/FST2_current_forces.csv	15205469
04.Model Test Correlation/02. Orcaflex/02-FST2L_FST1L/02-Ext/02_OB_Wind/02-Wave/Test_06_010_004_01/FST2_motions.csv	16004396
04.Model Test Correlation/02. Orcaflex/02-FST2L_FST1L/02-Ext/02_OB_Wind/02-Wave/Test_06_010_004_01/FST2_radiation_forces.csv	15114480
04.Model Test Correlation/02. Orcaflex/02-FST2L_FST1L/02-Ext/02_OB_Wind/02-Wave/Test_06_010_004_01/FST2_wind_forces.csv	15035601
04.Model Test Correlation/02. Orcaflex/02-FST2L_FST1L/02-Ext/02_OB_Wind/02-Wave/Test_06_010_004_01/Jacket1.csv	17867328
04.Model Test Correlation/02. Orcaflex/02-FST2L_FST1L/02-Ext/02_OB_Wind/02-Wave/Test_06_010_004_01/Jacket2.csv	17871325
04.Model Test Correlation/02. Orcaflex/02-FST2L_FST1L/02-Ext/02_OB_Wind/02-Wave/Test_06_010_004_01/Jacket3.csv	17980639
04.Model Test Correlation/02. Orcaflex/02-FST2L_FST1L/02-Ext/02_OB_Wind/02-Wave/Test_06_010_004_01/Jacket4.csv	18051374
04.Model Test Correlation/02. Orcaflex/02-FST2L_FST1L/02-Ext/02_OB_Wind/02-Wave/Test_06_010_004_01/Strut1.csv	53598219
04.Model Test Correlation/02. Orcaflex/02-FST2L_FST1L/02-Ext/02_OB_Wind/02-Wave/Test_06_010_004_01/Strut2.csv	53572629
04.Model Test Correlation/02. Orcaflex/02-FST2L_FST1L/02-Ext/02_OB_Wind/02-Wave/Test_06_010_004_01/Strut3.csv	53368254
04.Model Test Correlation/02. Orcaflex/02-FST2L_FST1L/02-Ext/02_OB_Wind/02-Wave/Test_06_010_004_01/Strut4.csv	53657372
04.Model Test Correlation/02. Orcaflex/02-FST2L_FST1L/02-Ext/02_OB_Wind/02-Wave/Test_06_010_004_01/Strut5.csv	53222817
04.Model Test Correlation/02. Orcaflex/02-FST2L_FST1L/02-Ext/02_OB_Wind/02-Wave/Test_06_010_004_01/Strut6.csv	53326788
04.Model Test Correlation/02. Orcaflex/02-FST2L_FST1L/02-Ext/02_OB_Wind/02-Wave/Test_06_010_004_01/Strut7.csv	53333567
04.Model Test Correlation/02. Orcaflex/02-FST2L_FST1L/02-Ext/02_OB_Wind/02-Wave/Test_06_010_004_01/Strut8.csv	53620016
04.Model Test Correlation/02. Orcaflex/02-FST2L_FST1L/02-Ext/02_OB_Wind/02-Wave/Test_06_010_004_01/readme.txt	163
04.Model Test Correlation/02. Orcaflex/02-FST2L_FST1L/02-Ext/02_OB_Wind/02-Wave/Thumbs.db	1933824
04.Model Test Correlation/02. Orcaflex/02-FST2L_FST1L/03-ftg/34456_01OB_06_013_001_01_wave.txt	10169664
04.Model Test Correlation/02. Orcaflex/02-FST2L_FST1L/03-ftg/34456_01OB_06_014_002_01_wave.txt	10156359
04.Model Test Correlation/02. Orcaflex/02-FST2L_FST1L/03-ftg/34456_01OB_06_015_001_01_wave.txt	10167392
04.Model Test Correlation/02. Orcaflex/02-FST2L_FST1L/03-ftg/34456_01OB_06_016_002_01_wave.txt	10168392
04.Model Test Correlation/02. Orcaflex/02-FST2L_FST1L/03-ftg/34456_01OB_06_017_001_01_wave.txt	10169574
04.Model Test Correlation/02. Orcaflex/02-FST2L_FST1L/03-ftg/Test_06_013_001_01.sim	498791803
04.Model Test Correlation/02. Orcaflex/02-FST2L_FST1L/03-ftg/Test_06_013_001_01.yml	1856
04.Model Test Correlation/02. Orcaflex/02-FST2L_FST1L/03-ftg/Test_06_014_002_01.sim	498790484
04.Model Test Correlation/02. Orcaflex/02-FST2L_FST1L/03-ftg/Test_06_014_002_01.yml	1856
04.Model Test Correlation/02. Orcaflex/02-FST2L_FST1L/03-ftg/Test_06_015_001_01.sim	498789166
04.Model Test Correlation/02. Orcaflex/02-FST2L_FST1L/03-ftg/Test_06_015_001_01.yml	1856
04.Model Test Correlation/02. Orcaflex/02-FST2L_FST1L/03-ftg/Test_06_016_002_01.sim	498790157
04.Model Test Correlation/02. Orcaflex/02-FST2L_FST1L/03-ftg/Test_06_016_002_01.yml	1856
04.Model Test Correlation/02. Orcaflex/02-FST2L_FST1L/03-ftg/Test_06_017_001_01.sim	498789200
04.Model Test Correlation/02. Orcaflex/02-FST2L_FST1L/03-ftg/Test_06_017_001_01.yml	1856
04.Model Test Correlation/02. Orcaflex/03-FST2L_FST1L_LNGCEF/01-Decay/LNGC_Roll.sim	190938459
04.Model Test Correlation/02. Orcaflex/03-FST2L_FST1L_LNGCEF/01-Decay/LNGC_Roll.yml	1901
04.Model Test Correlation/02. Orcaflex/03-FST2L_FST1L_LNGCEF/01-Decay/decay.xlsx	333280
04.Model Test Correlation/02. Orcaflex/03-FST2L_FST1L_LNGCEF/02-Ext/01-Const/Test_08_003_001_01.sim	47810632
04.Model Test Correlation/02. Orcaflex/03-FST2L_FST1L_LNGCEF/02-Ext/01-Const/Test_08_003_001_01.yml	2065
04.Model Test Correlation/02. Orcaflex/03-FST2L_FST1L_LNGCEF/02-Ext/01-Const/Test_08_007_001_01.sim	47812271
04.Model Test Correlation/02. Orcaflex/03-FST2L_FST1L_LNGCEF/02-Ext/01-Const/Test_08_007_001_01.yml	2065
04.Model Test Correlation/02. Orcaflex/03-FST2L_FST1L_LNGCEF/02-Ext/01-Const/Test_08_007_002_01.sim	47813693
04.Model Test Correlation/02. Orcaflex/03-FST2L_FST1L_LNGCEF/02-Ext/01-Const/Test_08_007_002_01.yml	2065
04.Model Test Correlation/02. Orcaflex/03-FST2L_FST1L_LNGCEF/02-Ext/01-Const/Test_08_007_003_01.sim	47803690
04.Model Test Correlation/02. Orcaflex/03-FST2L_FST1L_LNGCEF/02-Ext/01-Const/Test_08_007_003_01.yml	2064
04.Model Test Correlation/02. Orcaflex/03-FST2L_FST1L_LNGCEF/02-Ext/01-Const/Test_08_009_001_01.sim	47812424
04.Model Test Correlation/02. Orcaflex/03-FST2L_FST1L_LNGCEF/02-Ext/01-Const/Test_08_009_001_01.yml	2065
04.Model Test Correlation/02. Orcaflex/03-FST2L_FST1L_LNGCEF/02-Ext/01-Const/Test_08_011_001_01.sim	47815270
04.Model Test Correlation/02. Orcaflex/03-FST2L_FST1L_LNGCEF/02-Ext/01-Const/Test_08_011_001_01.yml	2065
04.Model Test Correlation/02. Orcaflex/03-FST2L_FST1L_LNGCEF/02-Ext/01-Const/Test_08_011_002_01.sim	47812734
04.Model Test Correlation/02. Orcaflex/03-FST2L_FST1L_LNGCEF/02-Ext/01-Const/Test_08_011_002_01.yml	2065
04.Model Test Correlation/02. Orcaflex/03-FST2L_FST1L_LNGCEF/02-Ext/01-Const/Test_08_012_002_01.sim	47808743
04.Model Test Correlation/02. Orcaflex/03-FST2L_FST1L_LNGCEF/02-Ext/01-Const/Test_08_012_002_01.yml	2065
04.Model Test Correlation/02. Orcaflex/03-FST2L_FST1L_LNGCEF/02-Ext/01-Const/Test_08_014_001_01.sim	47812716
04.Model Test Correlation/02. Orcaflex/03-FST2L_FST1L_LNGCEF/02-Ext/01-Const/Test_08_014_001_01.yml	2065
04.Model Test Correlation/02. Orcaflex/03-FST2L_FST1L_LNGCEF/02-Ext/01-Const/Test_08_014_003_01.sim	47814033
04.Model Test Correlation/02. Orcaflex/03-FST2L_FST1L_LNGCEF/02-Ext/01-Const/Test_08_014_003_01.yml	2065
04.Model Test Correlation/02. Orcaflex/03-FST2L_FST1L_LNGCEF/02-Ext/01-Const/Test_08_016_002_01.sim	47814963
04.Model Test Correlation/02. Orcaflex/03-FST2L_FST1L_LNGCEF/02-Ext/01-Const/Test_08_016_002_01.yml	2065
04.Model Test Correlation/02. Orcaflex/03-FST2L_FST1L_LNGCEF/02-Ext/01-Const/Test_08_016_003_01.sim	47814962
04.Model Test Correlation/02. Orcaflex/03-FST2L_FST1L_LNGCEF/02-Ext/01-Const/Test_08_016_003_01.yml	2065
04.Model Test Correlation/02. Orcaflex/03-FST2L_FST1L_LNGCEF/02-Ext/01-Const/Test_08_018_001_01.sim	47811125
04.Model Test Correlation/02. Orcaflex/03-FST2L_FST1L_LNGCEF/02-Ext/01-Const/Test_08_018_001_01.yml	2066
04.Model Test Correlation/02. Orcaflex/03-FST2L_FST1L_LNGCEF/02-Ext/01-Const/Test_08_018_002_01.sim	47811097
04.Model Test Correlation/02. Orcaflex/03-FST2L_FST1L_LNGCEF/02-Ext/01-Const/Test_08_018_002_01.yml	2066
04.Model Test Correlation/02. Orcaflex/03-FST2L_FST1L_LNGCEF/02-Ext/01-Const/Thumbs.db	1146880
04.Model Test Correlation/02. Orcaflex/03-FST2L_FST1L_LNGCEF/02-Ext/02-Wave/34456_01OB_08_007_004_01_wave.txt	23757641
04.Model Test Correlation/02. Orcaflex/03-FST2L_FST1L_LNGCEF/02-Ext/02-Wave/34456_01OB_08_007_005_01_wave.txt	23757864
04.Model Test Correlation/02. Orcaflex/03-FST2L_FST1L_LNGCEF/02-Ext/02-Wave/34456_01OB_08_009_002_01_wave.txt	23764007
04.Model Test Correlation/02. Orcaflex/03-FST2L_FST1L_LNGCEF/02-Ext/02-Wave/34456_01OB_08_011_003_01_wave.txt	23750540
04.Model Test Correlation/02. Orcaflex/03-FST2L_FST1L_LNGCEF/02-Ext/02-Wave/34456_01OB_08_011_004_01_wave.txt	23750649
04.Model Test Correlation/02. Orcaflex/03-FST2L_FST1L_LNGCEF/02-Ext/02-Wave/Test_08_007_004_01.sim	1730040892
04.Model Test Correlation/02. Orcaflex/03-FST2L_FST1L_LNGCEF/02-Ext/02-Wave/Test_08_007_004_01.yml	2052
04.Model Test Correlation/02. Orcaflex/03-FST2L_FST1L_LNGCEF/02-Ext/02-Wave/Test_08_007_005_01.sim	1730039421
04.Model Test Correlation/02. Orcaflex/03-FST2L_FST1L_LNGCEF/02-Ext/02-Wave/Test_08_007_005_01.yml	2052
04.Model Test Correlation/02. Orcaflex/03-FST2L_FST1L_LNGCEF/02-Ext/02-Wave/Test_08_009_002_01.sim	1730040018
04.Model Test Correlation/02. Orcaflex/03-FST2L_FST1L_LNGCEF/02-Ext/02-Wave/Test_08_009_002_01.yml	2052
04.Model Test Correlation/02. Orcaflex/03-FST2L_FST1L_LNGCEF/02-Ext/02-Wave/Test_08_011_003_01.sim	1730039331
04.Model Test Correlation/02. Orcaflex/03-FST2L_FST1L_LNGCEF/02-Ext/02-Wave/Test_08_011_003_01.yml	2052
04.Model Test Correlation/02. Orcaflex/03-FST2L_FST1L_LNGCEF/02-Ext/02-Wave/Test_08_011_004_01.sim	1730041984
04.Model Test Correlation/02. Orcaflex/03-FST2L_FST1L_LNGCEF/02-Ext/02-Wave/Test_08_011_004_01.yml	2052
04.Model Test Correlation/02. Orcaflex/03-FST2L_FST1L_LNGCEF/02-Ext/02-Wave/Thumbs.db	718848
04.Model Test Correlation/02. Orcaflex/03-FST2L_FST1L_LNGCEF/03-Ftg/34456_01OB_08_012_001_01_wave.txt	10170705
04.Model Test Correlation/02. Orcaflex/03-FST2L_FST1L_LNGCEF/03-Ftg/34456_01OB_08_013_001_01_wave.txt	10171602
04.Model Test Correlation/02. Orcaflex/03-FST2L_FST1L_LNGCEF/03-Ftg/34456_01OB_08_014_002_02_wave.txt	10158352
04.Model Test Correlation/02. Orcaflex/03-FST2L_FST1L_LNGCEF/03-Ftg/34456_01OB_08_015_001_01_wave.txt	10169371
04.Model Test Correlation/02. Orcaflex/03-FST2L_FST1L_LNGCEF/03-Ftg/34456_01OB_08_016_001_01_wave.txt	10167321
04.Model Test Correlation/02. Orcaflex/03-FST2L_FST1L_LNGCEF/03-Ftg/34456_01OB_08_017_001_01_wave.txt	10169115
04.Model Test Correlation/02. Orcaflex/03-FST2L_FST1L_LNGCEF/03-Ftg/Test_08_012_001_01.sim	774739482
04.Model Test Correlation/02. Orcaflex/03-FST2L_FST1L_LNGCEF/03-Ftg/Test_08_012_001_01.yml	2172
04.Model Test Correlation/02. Orcaflex/03-FST2L_FST1L_LNGCEF/03-Ftg/Test_08_013_001_01.sim	774740373
04.Model Test Correlation/02. Orcaflex/03-FST2L_FST1L_LNGCEF/03-Ftg/Test_08_013_001_01.yml	2172
04.Model Test Correlation/02. Orcaflex/03-FST2L_FST1L_LNGCEF/03-Ftg/Test_08_014_002_02.sim	774746225
04.Model Test Correlation/02. Orcaflex/03-FST2L_FST1L_LNGCEF/03-Ftg/Test_08_014_002_02.yml	2172
04.Model Test Correlation/02. Orcaflex/03-FST2L_FST1L_LNGCEF/03-Ftg/Test_08_015_001_01.sim	774746240
04.Model Test Correlation/02. Orcaflex/03-FST2L_FST1L_LNGCEF/03-Ftg/Test_08_015_001_01.yml	2172
04.Model Test Correlation/02. Orcaflex/03-FST2L_FST1L_LNGCEF/03-Ftg/Test_08_016_001_01.sim	774745219
04.Model Test Correlation/02. Orcaflex/03-FST2L_FST1L_LNGCEF/03-Ftg/Test_08_016_001_01.yml	2172
04.Model Test Correlation/02. Orcaflex/03-FST2L_FST1L_LNGCEF/03-Ftg/Test_08_017_001_01.sim	774744295
04.Model Test Correlation/02. Orcaflex/03-FST2L_FST1L_LNGCEF/03-Ftg/Test_08_017_001_01.yml	2172
04.Model Test Correlation/02. Orcaflex/04-FST2L_FST1L_LNGCPF/01-Decay/LNGC_Roll.sim	185338695
04.Model Test Correlation/02. Orcaflex/04-FST2L_FST1L_LNGCPF/01-Decay/LNGC_Roll.yml	1899
04.Model Test Correlation/02. Orcaflex/04-FST2L_FST1L_LNGCPF/01-Decay/decay.xlsx	301149
04.Model Test Correlation/02. Orcaflex/04-FST2L_FST1L_LNGCPF/02-Ext/01-Const/Test_09_012_001_01.sim	41358771
04.Model Test Correlation/02. Orcaflex/04-FST2L_FST1L_LNGCPF/02-Ext/01-Const/Test_09_012_001_01.yml	2063
04.Model Test Correlation/02. Orcaflex/04-FST2L_FST1L_LNGCPF/02-Ext/01-Const/Test_09_012_002_01.sim	41358762
04.Model Test Correlation/02. Orcaflex/04-FST2L_FST1L_LNGCPF/02-Ext/01-Const/Test_09_012_002_01.yml	2063
04.Model Test Correlation/02. Orcaflex/04-FST2L_FST1L_LNGCPF/02-Ext/01-Const/Test_09_014_001_01.sim	41356942
04.Model Test Correlation/02. Orcaflex/04-FST2L_FST1L_LNGCPF/02-Ext/01-Const/Test_09_014_001_01.yml	2063
04.Model Test Correlation/02. Orcaflex/04-FST2L_FST1L_LNGCPF/02-Ext/01-Const/Test_09_015_002_01.sim	41356953
04.Model Test Correlation/02. Orcaflex/04-FST2L_FST1L_LNGCPF/02-Ext/01-Const/Test_09_015_002_01.yml	2063
04.Model Test Correlation/02. Orcaflex/04-FST2L_FST1L_LNGCPF/02-Ext/01-Const/Test_09_016_001_01.sim	41365122
04.Model Test Correlation/02. Orcaflex/04-FST2L_FST1L_LNGCPF/02-Ext/01-Const/Test_09_016_001_01.yml	2063
04.Model Test Correlation/02. Orcaflex/04-FST2L_FST1L_LNGCPF/02-Ext/01-Const/Test_09_016_003_01.sim	41365305
04.Model Test Correlation/02. Orcaflex/04-FST2L_FST1L_LNGCPF/02-Ext/01-Const/Test_09_016_003_01.yml	2063
04.Model Test Correlation/02. Orcaflex/04-FST2L_FST1L_LNGCPF/02-Ext/01-Const/Thumbs.db	446976
04.Model Test Correlation/02. Orcaflex/04-FST2L_FST1L_LNGCPF/03-ftg/34456_01OB_09_012_003_01_wave.txt	10168920
04.Model Test Correlation/02. Orcaflex/04-FST2L_FST1L_LNGCPF/03-ftg/34456_01OB_09_013_003_01_wave.txt	10171551
04.Model Test Correlation/02. Orcaflex/04-FST2L_FST1L_LNGCPF/03-ftg/34456_01OB_09_014_002_01_wave.txt	10158360
04.Model Test Correlation/02. Orcaflex/04-FST2L_FST1L_LNGCPF/03-ftg/34456_01OB_09_015_001_01_wave.txt	10169277
04.Model Test Correlation/02. Orcaflex/04-FST2L_FST1L_LNGCPF/03-ftg/34456_01OB_09_016_002_01_wave.txt	10170371
04.Model Test Correlation/02. Orcaflex/04-FST2L_FST1L_LNGCPF/03-ftg/34456_01OB_09_017_001_01_wave.txt	10171920
04.Model Test Correlation/02. Orcaflex/04-FST2L_FST1L_LNGCPF/03-ftg/Test_09_012_003_01.sim	772658862
04.Model Test Correlation/02. Orcaflex/04-FST2L_FST1L_LNGCPF/03-ftg/Test_09_012_003_01.yml	2170
04.Model Test Correlation/02. Orcaflex/04-FST2L_FST1L_LNGCPF/03-ftg/Test_09_013_003_01.sim	772659543
04.Model Test Correlation/02. Orcaflex/04-FST2L_FST1L_LNGCPF/03-ftg/Test_09_013_003_01.yml	2170
04.Model Test Correlation/02. Orcaflex/04-FST2L_FST1L_LNGCPF/03-ftg/Test_09_014_002_01.sim	772663650
04.Model Test Correlation/02. Orcaflex/04-FST2L_FST1L_LNGCPF/03-ftg/Test_09_014_002_01.yml	2170
04.Model Test Correlation/02. Orcaflex/04-FST2L_FST1L_LNGCPF/03-ftg/Test_09_015_001_01.sim	772663649
04.Model Test Correlation/02. Orcaflex/04-FST2L_FST1L_LNGCPF/03-ftg/Test_09_015_001_01.yml	2170
04.Model Test Correlation/02. Orcaflex/04-FST2L_FST1L_LNGCPF/03-ftg/Test_09_016_002_01.sim	772666883
04.Model Test Correlation/02. Orcaflex/04-FST2L_FST1L_LNGCPF/03-ftg/Test_09_016_002_01.yml	2170
04.Model Test Correlation/02. Orcaflex/04-FST2L_FST1L_LNGCPF/03-ftg/Test_09_017_001_01.sim	772667248
04.Model Test Correlation/02. Orcaflex/04-FST2L_FST1L_LNGCPF/03-ftg/Test_09_017_001_01.yml	2170
04.Model Test Correlation/02. Orcaflex/05-FST2F_FST1F/01-Decay/FST1F_Roll.sim	115344780
04.Model Test Correlation/02. Orcaflex/05-FST2F_FST1F/01-Decay/FST1F_Roll.yml	1522
04.Model Test Correlation/02. Orcaflex/05-FST2F_FST1F/01-Decay/FST2F_Roll.sim	115344605
04.Model Test Correlation/02. Orcaflex/05-FST2F_FST1F/01-Decay/FST2F_Roll.yml	1522
04.Model Test Correlation/02. Orcaflex/05-FST2F_FST1F/01-Decay/decay.xlsx	665971
04.Model Test Correlation/02. Orcaflex/05-FST2F_FST1F/02-Ext/01-Const/Test_10_006_001_01.sim	29909290
04.Model Test Correlation/02. Orcaflex/05-FST2F_FST1F/02-Ext/01-Const/Test_10_006_001_01.yml	1723
04.Model Test Correlation/02. Orcaflex/05-FST2F_FST1F/02-Ext/01-Const/Test_10_006_003_01.sim	29909683
04.Model Test Correlation/02. Orcaflex/05-FST2F_FST1F/02-Ext/01-Const/Test_10_006_003_01.yml	1722
04.Model Test Correlation/02. Orcaflex/05-FST2F_FST1F/02-Ext/01-Const/Test_10_008_001_01.sim	29914147
04.Model Test Correlation/02. Orcaflex/05-FST2F_FST1F/02-Ext/01-Const/Test_10_008_001_01.yml	1723
04.Model Test Correlation/02. Orcaflex/05-FST2F_FST1F/02-Ext/01-Const/Test_10_010_001_01.sim	29913319
04.Model Test Correlation/02. Orcaflex/05-FST2F_FST1F/02-Ext/01-Const/Test_10_010_001_01.yml	1723
04.Model Test Correlation/02. Orcaflex/05-FST2F_FST1F/02-Ext/01-Const/Test_10_012_001_01.sim	29909771
04.Model Test Correlation/02. Orcaflex/05-FST2F_FST1F/02-Ext/01-Const/Test_10_012_001_01.yml	1723
04.Model Test Correlation/02. Orcaflex/05-FST2F_FST1F/02-Ext/01-Const/Test_10_014_001_01.sim	29913736
04.Model Test Correlation/02. Orcaflex/05-FST2F_FST1F/02-Ext/01-Const/Test_10_014_001_01.yml	1723
04.Model Test Correlation/02. Orcaflex/05-FST2F_FST1F/02-Ext/01-Const/Test_10_016_001_01.sim	29913299
04.Model Test Correlation/02. Orcaflex/05-FST2F_FST1F/02-Ext/01-Const/Test_10_016_001_01.yml	1723
04.Model Test Correlation/02. Orcaflex/05-FST2F_FST1F/02-Ext/01-Const/Thumbs.db	472576
04.Model Test Correlation/02. Orcaflex/05-FST2F_FST1F/02-Ext/02-Wave/34456_01OB_10_006_002_01_wave.txt	23764258
04.Model Test Correlation/02. Orcaflex/05-FST2F_FST1F/02-Ext/02-Wave/34456_01OB_10_008_002_01_wave.txt	23761267
04.Model Test Correlation/02. Orcaflex/05-FST2F_FST1F/02-Ext/02-Wave/34456_01OB_10_010_002_01_wave.txt	23751070
04.Model Test Correlation/02. Orcaflex/05-FST2F_FST1F/02-Ext/02-Wave/Test_10_006_002_01.sim	1087417152
04.Model Test Correlation/02. Orcaflex/05-FST2F_FST1F/02-Ext/02-Wave/Test_10_006_002_01.yml	1831
04.Model Test Correlation/02. Orcaflex/05-FST2F_FST1F/02-Ext/02-Wave/Test_10_008_002_01.sim	1087419344
04.Model Test Correlation/02. Orcaflex/05-FST2F_FST1F/02-Ext/02-Wave/Test_10_008_002_01.yml	1831
04.Model Test Correlation/02. Orcaflex/05-FST2F_FST1F/02-Ext/02-Wave/Test_10_010_002_01.sim	1087417448
04.Model Test Correlation/02. Orcaflex/05-FST2F_FST1F/02-Ext/02-Wave/Test_10_010_002_01.yml	1831
04.Model Test Correlation/02. Orcaflex/05-FST2F_FST1F/02-Ext/02-Wave/Thumbs.db	245760
04.Model Test Correlation/02. Orcaflex/05-FST2F_FST1F/03-Ftg/34456_01OB_10_012_002_01_wave.txt	10170501
04.Model Test Correlation/02. Orcaflex/05-FST2F_FST1F/03-Ftg/34456_01OB_10_013_001_01_wave.txt	10171449
04.Model Test Correlation/02. Orcaflex/05-FST2F_FST1F/03-Ftg/34456_01OB_10_014_002_01_wave.txt	10158229
04.Model Test Correlation/02. Orcaflex/05-FST2F_FST1F/03-Ftg/34456_01OB_10_015_001_01_wave.txt	10168516
04.Model Test Correlation/02. Orcaflex/05-FST2F_FST1F/03-Ftg/34456_01OB_10_016_002_01_wave.txt	10170360
04.Model Test Correlation/02. Orcaflex/05-FST2F_FST1F/03-Ftg/34456_01OB_10_017_001_01_wave.txt	10171716
04.Model Test Correlation/02. Orcaflex/05-FST2F_FST1F/03-Ftg/Test_10_012_002_01.sim	484069202
04.Model Test Correlation/02. Orcaflex/05-FST2F_FST1F/03-Ftg/Test_10_012_002_01.yml	1808
04.Model Test Correlation/02. Orcaflex/05-FST2F_FST1F/03-Ftg/Test_10_013_001_01.sim	484069777
04.Model Test Correlation/02. Orcaflex/05-FST2F_FST1F/03-Ftg/Test_10_013_001_01.yml	1808
04.Model Test Correlation/02. Orcaflex/05-FST2F_FST1F/03-Ftg/Test_10_014_002_01.sim	484072666
04.Model Test Correlation/02. Orcaflex/05-FST2F_FST1F/03-Ftg/Test_10_014_002_01.yml	1808
04.Model Test Correlation/02. Orcaflex/05-FST2F_FST1F/03-Ftg/Test_10_015_001_01.sim	484072429
04.Model Test Correlation/02. Orcaflex/05-FST2F_FST1F/03-Ftg/Test_10_015_001_01.yml	1808
04.Model Test Correlation/02. Orcaflex/05-FST2F_FST1F/03-Ftg/Test_10_016_002_01.sim	484072376
04.Model Test Correlation/02. Orcaflex/05-FST2F_FST1F/03-Ftg/Test_10_016_002_01.yml	1808
04.Model Test Correlation/02. Orcaflex/05-FST2F_FST1F/03-Ftg/Test_10_017_001_01.sim	484071893
04.Model Test Correlation/02. Orcaflex/05-FST2F_FST1F/03-Ftg/Test_10_017_001_01.yml	1808
04.Model Test Correlation/02. Orcaflex/06-FST2F_FST1F_LNGCEB/01-Decay/LNGC_Roll.sim	192149426
04.Model Test Correlation/02. Orcaflex/06-FST2F_FST1F_LNGCEB/01-Decay/LNGC_Roll.yml	1901
04.Model Test Correlation/02. Orcaflex/06-FST2F_FST1F_LNGCEB/01-Decay/decay.xlsx	335731
04.Model Test Correlation/02. Orcaflex/06-FST2F_FST1F_LNGCEB/02-Ext/01-Const/Test_11_007_001_01.sim	44206222
04.Model Test Correlation/02. Orcaflex/06-FST2F_FST1F_LNGCEB/02-Ext/01-Const/Test_11_007_001_01.yml	2065
04.Model Test Correlation/02. Orcaflex/06-FST2F_FST1F_LNGCEB/02-Ext/01-Const/Test_11_007_002_01.sim	44202547
04.Model Test Correlation/02. Orcaflex/06-FST2F_FST1F_LNGCEB/02-Ext/01-Const/Test_11_007_002_01.yml	2065
04.Model Test Correlation/02. Orcaflex/06-FST2F_FST1F_LNGCEB/02-Ext/01-Const/Test_11_011_002_01.sim	44213592
04.Model Test Correlation/02. Orcaflex/06-FST2F_FST1F_LNGCEB/02-Ext/01-Const/Test_11_011_002_01.yml	2065
04.Model Test Correlation/02. Orcaflex/06-FST2F_FST1F_LNGCEB/02-Ext/01-Const/Test_11_012_001_01.sim	44205147
04.Model Test Correlation/02. Orcaflex/06-FST2F_FST1F_LNGCEB/02-Ext/01-Const/Test_11_012_001_01.yml	2065
04.Model Test Correlation/02. Orcaflex/06-FST2F_FST1F_LNGCEB/02-Ext/01-Const/Test_11_012_003_01.sim	44205116
04.Model Test Correlation/02. Orcaflex/06-FST2F_FST1F_LNGCEB/02-Ext/01-Const/Test_11_012_003_01.yml	2065
04.Model Test Correlation/02. Orcaflex/06-FST2F_FST1F_LNGCEB/02-Ext/01-Const/Test_11_014_001_01.sim	44210914
04.Model Test Correlation/02. Orcaflex/06-FST2F_FST1F_LNGCEB/02-Ext/01-Const/Test_11_014_001_01.yml	2065
04.Model Test Correlation/02. Orcaflex/06-FST2F_FST1F_LNGCEB/02-Ext/01-Const/Test_11_014_003_01.sim	44210944
04.Model Test Correlation/02. Orcaflex/06-FST2F_FST1F_LNGCEB/02-Ext/01-Const/Test_11_014_003_01.yml	2065
04.Model Test Correlation/02. Orcaflex/06-FST2F_FST1F_LNGCEB/02-Ext/01-Const/Test_11_016_001_01.sim	44212773
04.Model Test Correlation/02. Orcaflex/06-FST2F_FST1F_LNGCEB/02-Ext/01-Const/Test_11_016_001_01.yml	2065
04.Model Test Correlation/02. Orcaflex/06-FST2F_FST1F_LNGCEB/02-Ext/01-Const/Test_11_016_001_03.sim	44212953
04.Model Test Correlation/02. Orcaflex/06-FST2F_FST1F_LNGCEB/02-Ext/01-Const/Test_11_016_001_03.yml	2065
04.Model Test Correlation/02. Orcaflex/06-FST2F_FST1F_LNGCEB/02-Ext/01-Const/Test_11_018_001_03.sim	44210399
04.Model Test Correlation/02. Orcaflex/06-FST2F_FST1F_LNGCEB/02-Ext/01-Const/Test_11_018_001_03.yml	2066
04.Model Test Correlation/02. Orcaflex/06-FST2F_FST1F_LNGCEB/02-Ext/01-Const/Test_11_018_002_02.sim	44210681
04.Model Test Correlation/02. Orcaflex/06-FST2F_FST1F_LNGCEB/02-Ext/01-Const/Test_11_018_002_02.yml	2067
04.Model Test Correlation/02. Orcaflex/06-FST2F_FST1F_LNGCEB/02-Ext/01-Const/Thumbs.db	565760
04.Model Test Correlation/02. Orcaflex/06-FST2F_FST1F_LNGCEB/02-Ext/02-Wave/34456_01OB_11_007_003_01_wave.txt	23757616
04.Model Test Correlation/02. Orcaflex/06-FST2F_FST1F_LNGCEB/02-Ext/02-Wave/34456_01OB_11_011_001_01_wave.txt	23750810
04.Model Test Correlation/02. Orcaflex/06-FST2F_FST1F_LNGCEB/02-Ext/02-Wave/Test_11_007_003_01.sim	1731235553
04.Model Test Correlation/02. Orcaflex/06-FST2F_FST1F_LNGCEB/02-Ext/02-Wave/Test_11_007_003_01.yml	2052
04.Model Test Correlation/02. Orcaflex/06-FST2F_FST1F_LNGCEB/02-Ext/02-Wave/Test_11_011_001_01.sim	1731236618
04.Model Test Correlation/02. Orcaflex/06-FST2F_FST1F_LNGCEB/02-Ext/02-Wave/Test_11_011_001_01.yml	2080
04.Model Test Correlation/02. Orcaflex/06-FST2F_FST1F_LNGCEB/02-Ext/02-Wave/Thumbs.db	152064
04.Model Test Correlation/02. Orcaflex/06-FST2F_FST1F_LNGCEB/03-ftg/34456_01OB_11_012_002_01_wave.txt	10171215
04.Model Test Correlation/02. Orcaflex/06-FST2F_FST1F_LNGCEB/03-ftg/34456_01OB_11_013_001_01_wave.txt	10171500
04.Model Test Correlation/02. Orcaflex/06-FST2F_FST1F_LNGCEB/03-ftg/34456_01OB_11_014_002_01_wave.txt	10158331
04.Model Test Correlation/02. Orcaflex/06-FST2F_FST1F_LNGCEB/03-ftg/34456_01OB_11_015_001_01_wave.txt	10169377
04.Model Test Correlation/02. Orcaflex/06-FST2F_FST1F_LNGCEB/03-ftg/34456_01OB_11_016_003_01_wave.txt	10171248
04.Model Test Correlation/02. Orcaflex/06-FST2F_FST1F_LNGCEB/03-ftg/34456_01OB_11_017_001_01_wave.txt	10171869
04.Model Test Correlation/02. Orcaflex/06-FST2F_FST1F_LNGCEB/03-ftg/Test_11_012_002_01.sim	775935050
04.Model Test Correlation/02. Orcaflex/06-FST2F_FST1F_LNGCEB/03-ftg/Test_11_012_002_01.yml	2050
04.Model Test Correlation/02. Orcaflex/06-FST2F_FST1F_LNGCEB/03-ftg/Test_11_013_001_01.sim	775937148
04.Model Test Correlation/02. Orcaflex/06-FST2F_FST1F_LNGCEB/03-ftg/Test_11_013_001_01.yml	2050
04.Model Test Correlation/02. Orcaflex/06-FST2F_FST1F_LNGCEB/03-ftg/Test_11_014_002_01.sim	775937172
04.Model Test Correlation/02. Orcaflex/06-FST2F_FST1F_LNGCEB/03-ftg/Test_11_014_002_01.yml	2050
04.Model Test Correlation/02. Orcaflex/06-FST2F_FST1F_LNGCEB/03-ftg/Test_11_015_001_01.sim	775937408
04.Model Test Correlation/02. Orcaflex/06-FST2F_FST1F_LNGCEB/03-ftg/Test_11_015_001_01.yml	2050
04.Model Test Correlation/02. Orcaflex/06-FST2F_FST1F_LNGCEB/03-ftg/Test_11_016_003_01.sim	775941084
04.Model Test Correlation/02. Orcaflex/06-FST2F_FST1F_LNGCEB/03-ftg/Test_11_016_003_01.yml	2050
04.Model Test Correlation/02. Orcaflex/06-FST2F_FST1F_LNGCEB/03-ftg/Test_11_017_001_01.sim	775941570
04.Model Test Correlation/02. Orcaflex/06-FST2F_FST1F_LNGCEB/03-ftg/Test_11_017_001_01.yml	2050
04.Model Test Correlation/02. Orcaflex/07-FST2F_FST1F_LNGCPB/01-Decay/LNGC_Roll.sim	192069634
04.Model Test Correlation/02. Orcaflex/07-FST2F_FST1F_LNGCPB/01-Decay/LNGC_Roll.yml	1899
04.Model Test Correlation/02. Orcaflex/07-FST2F_FST1F_LNGCPB/01-Decay/decay.xlsx	337786
04.Model Test Correlation/02. Orcaflex/07-FST2F_FST1F_LNGCPB/02-Ext/01-Const/Test_12_012_001_01.sim	44777966
04.Model Test Correlation/02. Orcaflex/07-FST2F_FST1F_LNGCPB/02-Ext/01-Const/Test_12_012_001_01.yml	2063
04.Model Test Correlation/02. Orcaflex/07-FST2F_FST1F_LNGCPB/02-Ext/01-Const/Test_12_012_003_02.sim	44777983
04.Model Test Correlation/02. Orcaflex/07-FST2F_FST1F_LNGCPB/02-Ext/01-Const/Test_12_012_003_02.yml	2063
04.Model Test Correlation/02. Orcaflex/07-FST2F_FST1F_LNGCPB/02-Ext/01-Const/Test_12_014_001_01.sim	44782796
04.Model Test Correlation/02. Orcaflex/07-FST2F_FST1F_LNGCPB/02-Ext/01-Const/Test_12_014_001_01.yml	2063
04.Model Test Correlation/02. Orcaflex/07-FST2F_FST1F_LNGCPB/02-Ext/01-Const/Test_12_014_003_01.sim	44782767
04.Model Test Correlation/02. Orcaflex/07-FST2F_FST1F_LNGCPB/02-Ext/01-Const/Test_12_014_003_01.yml	2063
04.Model Test Correlation/02. Orcaflex/07-FST2F_FST1F_LNGCPB/02-Ext/01-Const/Test_12_016_001_01.sim	44785853
04.Model Test Correlation/02. Orcaflex/07-FST2F_FST1F_LNGCPB/02-Ext/01-Const/Test_12_016_001_01.yml	2063
04.Model Test Correlation/02. Orcaflex/07-FST2F_FST1F_LNGCPB/02-Ext/01-Const/Test_12_016_003_01.sim	44785864
04.Model Test Correlation/02. Orcaflex/07-FST2F_FST1F_LNGCPB/02-Ext/01-Const/Test_12_016_003_01.yml	2063
04.Model Test Correlation/02. Orcaflex/07-FST2F_FST1F_LNGCPB/02-Ext/01-Const/Thumbs.db	315904
04.Model Test Correlation/02. Orcaflex/07-FST2F_FST1F_LNGCPB/03-Ftg/34456_01OB_12_012_002_02_wave.txt	10170501
04.Model Test Correlation/02. Orcaflex/07-FST2F_FST1F_LNGCPB/03-Ftg/34456_01OB_12_013_001_01_wave.txt	10171551
04.Model Test Correlation/02. Orcaflex/07-FST2F_FST1F_LNGCPB/03-Ftg/34456_01OB_12_014_002_01_wave.txt	10158295
04.Model Test Correlation/02. Orcaflex/07-FST2F_FST1F_LNGCPB/03-Ftg/34456_01OB_12_015_001_01_wave.txt	10169316
04.Model Test Correlation/02. Orcaflex/07-FST2F_FST1F_LNGCPB/03-Ftg/34456_01OB_12_016_002_01_wave.txt	10156917
04.Model Test Correlation/02. Orcaflex/07-FST2F_FST1F_LNGCPB/03-Ftg/34456_01OB_12_017_001_01_wave.txt	10171767
04.Model Test Correlation/02. Orcaflex/07-FST2F_FST1F_LNGCPB/03-Ftg/Test_12_012_002_02.sim	779372321
04.Model Test Correlation/02. Orcaflex/07-FST2F_FST1F_LNGCPB/03-Ftg/Test_12_012_002_02.yml	2148
04.Model Test Correlation/02. Orcaflex/07-FST2F_FST1F_LNGCPB/03-Ftg/Test_12_013_001_01.sim	779373839
04.Model Test Correlation/02. Orcaflex/07-FST2F_FST1F_LNGCPB/03-Ftg/Test_12_013_001_01.yml	2148
04.Model Test Correlation/02. Orcaflex/07-FST2F_FST1F_LNGCPB/03-Ftg/Test_12_014_002_01.sim	779375993
04.Model Test Correlation/02. Orcaflex/07-FST2F_FST1F_LNGCPB/03-Ftg/Test_12_014_002_01.yml	2148
04.Model Test Correlation/02. Orcaflex/07-FST2F_FST1F_LNGCPB/03-Ftg/Test_12_015_001_01.sim	779374684
04.Model Test Correlation/02. Orcaflex/07-FST2F_FST1F_LNGCPB/03-Ftg/Test_12_015_001_01.yml	2148
04.Model Test Correlation/02. Orcaflex/07-FST2F_FST1F_LNGCPB/03-Ftg/Test_12_016_002_01.sim	778046277
04.Model Test Correlation/02. Orcaflex/07-FST2F_FST1F_LNGCPB/03-Ftg/Test_12_016_002_01.yml	2148
04.Model Test Correlation/02. Orcaflex/07-FST2F_FST1F_LNGCPB/03-Ftg/Test_12_017_001_01.sim	779379631
04.Model Test Correlation/02. Orcaflex/07-FST2F_FST1F_LNGCPB/03-Ftg/Test_12_017_001_01.yml	2148
04.Model Test Correlation/350106-SC-EN-003-SD-000114 Model Test Correlation Report Rev B.docx	19773374
04.Model Test Correlation/350106-SC-EN-003-SD-000114 Model Test Correlation Report Rev B.pdf	13033642
05.Deliverables/350106-SC-EN-003-SD-000001.xlsx	284489
05.Deliverables/CA_Analysis/350106-SC-EN-003-SD-000040_C1.docx	2705966
05.Deliverables/CA_Analysis/350106-SC-EN-003-SD-000040_C1.pdf	969596
05.Deliverables/CA_Analysis/350106-SC-EN-003-SD-000041_C.docx	11485782
05.Deliverables/CA_Analysis/350106-SC-EN-003-SD-000041_C.pdf	12508981
05.Deliverables/CA_Analysis/350106-SC-EN-003-SD-000042_B.docx	10770117
05.Deliverables/CA_Analysis/350106-SC-EN-003-SD-000042_B.pdf	7448172
05.Deliverables/CA_Analysis/350106-SC-EN-003-SD-000043_B.docx	5216831
05.Deliverables/CA_Analysis/350106-SC-EN-003-SD-000043_B.pdf	4928282
05.Deliverables/CA_Analysis/350106-SC-EN-003-SD-000045_C.docx	7849528
05.Deliverables/CA_Analysis/350106-SC-EN-003-SD-000045_C.pdf	8839727
05.Deliverables/CA_Analysis/350106-SC-EN-003-SD-000046_B.docx	1920529
05.Deliverables/CA_Analysis/350106-SC-EN-003-SD-000046_B.pdf	3750793
05.Deliverables/CA_Analysis/350106-SC-EN-003-SD-000047_C.docx	25313718
05.Deliverables/CA_Analysis/350106-SC-EN-003-SD-000047_C.pdf	24584416
05.Deliverables/CA_Analysis/350106-SC-EN-003-SD-000049_B.docx	2193724
05.Deliverables/CA_Analysis/350106-SC-EN-003-SD-000049_B.pdf	1588296
05.Deliverables/CA_Analysis/350106-SC-EN-003-SD-000064_C1.docx	2705199
05.Deliverables/CA_Analysis/350106-SC-EN-003-SD-000064_C1.pdf	3412551
05.Deliverables/CA_Analysis/350106-SC-EN-003-SD-000065_B.docx	11516259
05.Deliverables/CA_Analysis/350106-SC-EN-003-SD-000065_B.pdf	7559258
05.Deliverables/CA_Analysis/350106-SC-EN-003-SD-000066_B.docx	10071465
05.Deliverables/CA_Analysis/350106-SC-EN-003-SD-000066_B.pdf	7374628
05.Deliverables/CA_Analysis/350106-SC-EN-003-SD-000067_B.docx	5190964
05.Deliverables/CA_Analysis/350106-SC-EN-003-SD-000067_B.pdf	4911648
05.Deliverables/CA_Analysis/350106-SC-EN-003-SD-000068_A.docx	24234063
05.Deliverables/CA_Analysis/350106-SC-EN-003-SD-000068_A.pdf	10074972
05.Deliverables/CA_Analysis/350106-SC-EN-003-SD-000069_A.docx	6450627
05.Deliverables/CA_Analysis/350106-SC-EN-003-SD-000069_A.pdf	5939869
05.Deliverables/CA_Analysis/350106-SC-EN-003-SD-000070_A.docx	28962787
05.Deliverables/CA_Analysis/350106-SC-EN-003-SD-000070_A.pdf	15022837
05.Deliverables/CA_Analysis/350106-SC-EN-003-SD-000072_C.docx	12470164
05.Deliverables/CA_Analysis/350106-SC-EN-003-SD-000072_C.pdf	11126950
05.Deliverables/CA_Analysis/350106-SC-EN-003-SD-000073_C.docx	2191826
05.Deliverables/CA_Analysis/350106-SC-EN-003-SD-000074_C.docx	22350366
05.Deliverables/CA_Analysis/350106-SC-EN-003-SD-000074_C.pdf	21618480
05.Deliverables/CA_Analysis/350106-SC-EN-003-SD-000075_A.docx	1643325
05.Deliverables/CA_Analysis/350106-SC-EN-003-SD-000076_B.docx	2237728
05.Deliverables/CA_Analysis/350106-SC-EN-003-SD-000076_B.pdf	1467038
05.Deliverables/CA_Analysis/350106-SC-EN-003-SD-000100_C.docx	3894007
05.Deliverables/CA_Analysis/350106-SC-EN-003-SD-000100_C.pdf	6533732
05.Deliverables/CA_Analysis/350106-SC-EN-003-SD-000101_C.docx	4672453
05.Deliverables/CA_Analysis/350106-SC-EN-003-SD-000101_C.pdf	6832663
05.Deliverables/CA_Analysis/350106-SC-EN-003-SD-000160_A.docx	1025188
05.Deliverables/CA_Analysis/350106-SC-EN-003-SD-000160_A.pdf	1330605
05.Deliverables/CA_Analysis/350106-SC-EN-003-SD-000166_B.docx	4055030
05.Deliverables/CA_Analysis/350106-SC-EN-003-SD-000166_B.pdf	6287260
05.Deliverables/CA_Analysis/350106-SC-EN-003-SD-000167_B.docx	4053575
05.Deliverables/CA_Analysis/350106-SC-EN-003-SD-000167_B.pdf	6291961
05.Deliverables/CA_Analysis/_exportlog.rtf	7333
05.Deliverables/DB_Design Briefs/350106-SC-EN-003-000009 FST Detailed Design Structural Design Basis Rev B.DOCX	2707008
05.Deliverables/DB_Design Briefs/350106-SC-EN-003-000009 FST Detailed Design Structural Design Basis Rev B.pdf	2104540
05.Deliverables/DB_Design Briefs/350106-SC-EN-003-000009 FST Detailed Design Structural Design Brief Rev C.DOCX	4438341
05.Deliverables/DB_Design Briefs/350106-SC-EN-003-000009 FST Detailed Design Structural Design Brief Rev C.pdf	1784169
05.Deliverables/DB_Design Briefs/350106-SC-EN-003-SD-000104 Naval Architecture Design Brief Rev B.DOCX	2240626
05.Deliverables/DB_Design Briefs/350106-SC-EN-003-SD-000104 Naval Architecture Design Brief Rev B.pdf	1261255
05.Deliverables/DB_Design Briefs/350106-SC-EN-003-SD-000104 Naval Architecture Design Brief Rev B1 (IFR).docx	3741533
05.Deliverables/DB_Design Briefs/350106-SC-EN-003-SD-000104 Naval Architecture Design Brief Rev B1 (IFR).pdf	1933255
05.Deliverables/DB_Design Briefs/350106-SC-EN-003-SD-000104 Naval Architecture Design Brief Rev C (IFA).docx	4396766
05.Deliverables/DB_Design Briefs/350106-SC-EN-003-SD-000104 Naval Architecture Design Brief Rev C (IFA).pdf	2195733
05.Deliverables/DB_Design Briefs/350106-SC-EN-003-SD-000104 Naval Architecture Design Brief Rev C1 (IFA).docx	4397647
05.Deliverables/DB_Design Briefs/350106-SC-EN-003-SD-000104 Naval Architecture Design Brief Rev C1 (IFA).pdf	2190281
05.Deliverables/DB_Design Briefs/350106-SC-EN-003-SD-000104 Naval Architecture Design Brief Rev C2 (IFA).docx	3599580
05.Deliverables/DB_Design Briefs/350106-SC-EN-003-SD-000104 Naval Architecture Design Brief Rev C2 (IFA).pdf	1757785
05.Deliverables/DEMOLITION/CAPRICORN/350106-SC-EN-003-SD-100005_A1.pdf	5760980
05.Deliverables/DEMOLITION/CAPRICORN/350106-SC-EN-003-SD-100006_A1.pdf	9890697
05.Deliverables/DEMOLITION/CAPRICORN/350106-SC-EN-003-SD-100007_A1.pdf	43068367
05.Deliverables/DEMOLITION/CAPRICORN/350106-SC-EN-003-SD-100008_A1.pdf	78420589
05.Deliverables/DEMOLITION/CAPRICORN/350106-SC-EN-003-SD-100009_A.pdf	1643838
05.Deliverables/DEMOLITION/CAPRICORN/350106-SC-EN-003-SD-100010_A.pdf	1784141
05.Deliverables/DEMOLITION/CAPRICORN/350106-SC-EN-003-SD-100011_A.PDF	1607850
05.Deliverables/DEMOLITION/CAPRICORN/350106-SC-EN-003-SD-100012_A.pdf	1725099
05.Deliverables/DEMOLITION/CAPRICORN/350106-SC-EN-003-SD-100013_A.pdf	1810549
05.Deliverables/DEMOLITION/CAPRICORN/350106-SC-EN-003-SD-100015_A.pdf	1734604
05.Deliverables/DEMOLITION/CAPRICORN/350106-SC-EN-003-SD-100016_A.pdf	1660872
05.Deliverables/DEMOLITION/CAPRICORN/350106-SC-EN-003-SD-100017_A.PDF	1819594
05.Deliverables/DEMOLITION/CAPRICORN/350106-SC-EN-003-SD-100018_A.pdf	1609274
05.Deliverables/DEMOLITION/CAPRICORN/350106-SC-EN-003-SD-100019_A.pdf	1693550
05.Deliverables/DEMOLITION/CAPRICORN/350106-SC-EN-003-SD-100020_A.pdf	14857120
05.Deliverables/DEMOLITION/CAPRICORN/350106-SC-EN-003-SD-100021_A.pdf	14232472
05.Deliverables/DEMOLITION/CAPRICORN/350106-SC-EN-003-SD-100022_A.pdf	43394412
05.Deliverables/DEMOLITION/CAPRICORN/350106-SC-EN-003-SD-100023_A.pdf	1780997
05.Deliverables/DEMOLITION/CAPRICORN/350106-SC-EN-003-SD-100024_A.pdf	1580977
05.Deliverables/DEMOLITION/CAPRICORN/350106-SC-EN-003-SD-100025_A.pdf	1619624
05.Deliverables/DEMOLITION/CAPRICORN/350106-SC-EN-003-SD-100026_A.pdf	1624676
05.Deliverables/DEMOLITION/CAPRICORN/350106-SC-EN-003-SD-100027_A.pdf	1633238
05.Deliverables/DEMOLITION/CAPRICORN/350106-SC-EN-003-SD-100028_A.pdf	3785756
05.Deliverables/DEMOLITION/CAPRICORN/350106-SC-EN-003-SD-100029_A.pdf	1574936
05.Deliverables/DEMOLITION/CAPRICORN/350106-SC-EN-003-SD-100030_A.pdf	1618484
05.Deliverables/DEMOLITION/CAPRICORN/350106-SC-EN-003-SD-100031_A.pdf	1596204
05.Deliverables/DEMOLITION/CAPRICORN/350106-SC-EN-003-SD-100032_A.pdf	1612349
05.Deliverables/DEMOLITION/CAPRICORN/350106-SC-EN-003-SD-100033_A.pdf	1603334
05.Deliverables/DEMOLITION/CAPRICORN/350106-SC-EN-003-SD-100034_A.pdf	22337826
05.Deliverables/DEMOLITION/CAPRICORN/350106-SC-EN-003-SD-100035_A.pdf	22930736
05.Deliverables/DEMOLITION/CAPRICORN/350106-SC-EN-003-SD-100036_A.pdf	13691932
05.Deliverables/DEMOLITION/CAPRICORN/350106-SC-EN-003-SD-100037_A.pdf	9454845
05.Deliverables/DEMOLITION/CAPRICORN/350106-SC-EN-003-SD-100038_A.pdf	17098815
05.Deliverables/DEMOLITION/CAPRICORN/350106-SC-EN-003-SD-100039_A.pdf	10468867
05.Deliverables/DEMOLITION/CAPRICORN/350106-SC-EN-003-SD-100042_A.pdf	7575495
05.Deliverables/DEMOLITION/CAPRICORN/350106-SC-EN-003-SD-100043_A.pdf	6983902
05.Deliverables/DEMOLITION/CAPRICORN/350106-SC-EN-003-SD-100044_A.PDF	1837070
05.Deliverables/DEMOLITION/CAPRICORN/350106-SC-EN-003-SD-100045_A.PDF	6575776
05.Deliverables/DEMOLITION/CAPRICORN/350106-SC-EN-003-SD-100047_A.PDF	9755409
05.Deliverables/DEMOLITION/CAPRICORN/350106-SC-EN-003-SD-100048_A.pdf	4420343
05.Deliverables/DEMOLITION/CAPRICORN/350106-SC-EN-003-SD-100049_A.PDF	3916410
05.Deliverables/DEMOLITION/CAPRICORN/350106-SC-EN-003-SD-100050_A.PDF	21698255
05.Deliverables/DEMOLITION/CAPRICORN/350106-SC-EN-003-SD-100052_A.PDF	23474483
05.Deliverables/DEMOLITION/CAPRICORN/350106-SC-EN-003-SD-100053_A.PDF	2729604
05.Deliverables/DEMOLITION/CAPRICORN/350106-SC-EN-003-SD-100054_A.PDF	5085430
05.Deliverables/DEMOLITION/CAPRICORN/350106-SC-EN-003-SD-100055_A.PDF	2016997
05.Deliverables/DEMOLITION/CAPRICORN/350106-SC-EN-003-SD-100057_A.PDF	31230835
05.Deliverables/DEMOLITION/CAPRICORN/350106-SC-EN-003-SD-100058_A.pdf	49978555
05.Deliverables/DEMOLITION/CAPRICORN/350106-SC-EN-003-SD-100059_A.PDF	26766864
05.Deliverables/DEMOLITION/CAPRICORN/350106-SC-EN-003-SD-100060_A.PDF	7104049
05.Deliverables/DEMOLITION/CAPRICORN/350106-SC-EN-003-SD-100061_A.PDF	15046730
05.Deliverables/DEMOLITION/CAPRICORN/350106-SC-EN-003-SD-100064_A.PDF	13606694
05.Deliverables/DEMOLITION/CAPRICORN/350106-SC-EN-003-SD-100065_A.PDF	2327508
05.Deliverables/DEMOLITION/CAPRICORN/350106-SC-EN-003-SD-100066_A.pdf	43316731
05.Deliverables/DEMOLITION/CAPRICORN/350106-SC-EN-003-SD-100067_A.PDF	11359760
05.Deliverables/DEMOLITION/CAPRICORN/350106-SC-EN-003-SD-100068_A.PDF	5634176
05.Deliverables/DEMOLITION/CAPRICORN/350106-SC-EN-003-SD-100069_A.pdf	21801257
05.Deliverables/DEMOLITION/CAPRICORN/350106-SC-EN-003-SD-100070_A.pdf	1598008
05.Deliverables/DEMOLITION/CAPRICORN/350106-SC-EN-003-SD-100071_A.pdf	1693889
05.Deliverables/DEMOLITION/CAPRICORN/350106-SC-EN-003-SD-100072_A.pdf	1573681
05.Deliverables/DEMOLITION/CAPRICORN/350106-SC-EN-003-SD-100073_A.pdf	1589551
05.Deliverables/DEMOLITION/CAPRICORN/350106-SC-EN-003-SD-100074_A.pdf	1586794
05.Deliverables/DEMOLITION/CAPRICORN/350106-SC-EN-003-SD-100076_A.pdf	1610918
05.Deliverables/DEMOLITION/CAPRICORN/350106-SC-EN-003-SD-100081_A.pdf	2515911
05.Deliverables/DEMOLITION/CAPRICORN/350106-SC-EN-003-SD-100088_A.PDF	7102412
05.Deliverables/DEMOLITION/CAPRICORN/350106-SC-EN-003-SD-100094_A.PDF	5497973
05.Deliverables/DEMOLITION/CAPRICORN/350106-SC-EN-003-SD-100113_A.PDF	20571594
05.Deliverables/DEMOLITION/CAPRICORN/350106-SC-EN-003-SD-100119_A.PDF	13120934
05.Deliverables/DEMOLITION/CAPRICORN/350106-SC-EN-003-SD-100120_A.pdf	14423265
05.Deliverables/DEMOLITION/CAPRICORN/350106-SC-EN-003-SD-100121_A.PDF	60961337
05.Deliverables/DEMOLITION/CAPRICORN/350106-SC-EN-003-SD-100122_A.PDF	71110279
05.Deliverables/DEMOLITION/CAPRICORN/350106-SC-EN-003-SD-100128_A.pdf	8021636
05.Deliverables/DEMOLITION/CAPRICORN/350106-SC-EN-003-SD-100129_A.pdf	12507871
05.Deliverables/DEMOLITION/CAPRICORN/350106-SC-EN-003-SD-100130_A.pdf	6996422
05.Deliverables/DEMOLITION/CAPRICORN/350106-SC-EN-003-SD-100131_A.pdf	7287717
05.Deliverables/DEMOLITION/CAPRICORN/350106-SC-EN-003-SD-100132_A.PDF	9968172
05.Deliverables/DEMOLITION/CAPRICORN/350106-SC-EN-003-SD-100296_A.pdf	13980585
05.Deliverables/DEMOLITION/CAPRICORN/350106-SC-EN-003-SD-100297_A.PDF	38687453
05.Deliverables/DEMOLITION/CAPRICORN/_exportlog.rtf	12415
05.Deliverables/DEMOLITION/TAURUS/350106-FST-2-DEMO-402-813-02_2_A.PDF	9385648
05.Deliverables/DEMOLITION/TAURUS/350106-FST-2-DEMO-402-813-02_A.PDF	9385648
05.Deliverables/DEMOLITION/TAURUS/350106-SC-EN-003-SB-100169_A1.pdf	14867040
05.Deliverables/DEMOLITION/TAURUS/350106-SC-EN-003-SD-100155_A1.pdf	5757731
05.Deliverables/DEMOLITION/TAURUS/350106-SC-EN-003-SD-100156_A1.pdf	9887391
05.Deliverables/DEMOLITION/TAURUS/350106-SC-EN-003-SD-100157_A1.pdf	43065503
05.Deliverables/DEMOLITION/TAURUS/350106-SC-EN-003-SD-100158_A1.pdf	78422136
05.Deliverables/DEMOLITION/TAURUS/350106-SC-EN-003-SD-100159_A.pdf	1643106
05.Deliverables/DEMOLITION/TAURUS/350106-SC-EN-003-SD-100160_A.pdf	1783408
05.Deliverables/DEMOLITION/TAURUS/350106-SC-EN-003-SD-100161_A.PDF	1607130
05.Deliverables/DEMOLITION/TAURUS/350106-SC-EN-003-SD-100162_A.pdf	1724370
05.Deliverables/DEMOLITION/TAURUS/350106-SC-EN-003-SD-100163_A.pdf	1809819
05.Deliverables/DEMOLITION/TAURUS/350106-SC-EN-003-SD-100164_A.pdf	1733872
05.Deliverables/DEMOLITION/TAURUS/350106-SC-EN-003-SD-100165_A.pdf	1660142
05.Deliverables/DEMOLITION/TAURUS/350106-SC-EN-003-SD-100166_A1.pdf	13989333
05.Deliverables/DEMOLITION/TAURUS/350106-SC-EN-003-SD-100167_A.PDF	1818859
05.Deliverables/DEMOLITION/TAURUS/350106-SC-EN-003-SD-100168_A.pdf	1608543
05.Deliverables/DEMOLITION/TAURUS/350106-SC-EN-003-SD-100170_A1.pdf	14240794
05.Deliverables/DEMOLITION/TAURUS/350106-SC-EN-003-SD-100171_A1.pdf	43403166
05.Deliverables/DEMOLITION/TAURUS/350106-SC-EN-003-SD-100172_A.pdf	1691349
05.Deliverables/DEMOLITION/TAURUS/350106-SC-EN-003-SD-100173_A.pdf	1780261
05.Deliverables/DEMOLITION/TAURUS/350106-SC-EN-003-SD-100174_A.pdf	1580246
05.Deliverables/DEMOLITION/TAURUS/350106-SC-EN-003-SD-100175_A.pdf	1617414
05.Deliverables/DEMOLITION/TAURUS/350106-SC-EN-003-SD-100176_A.pdf	1622463
05.Deliverables/DEMOLITION/TAURUS/350106-SC-EN-003-SD-100177_A1.pdf	3794327
05.Deliverables/DEMOLITION/TAURUS/350106-SC-EN-003-SD-100178_A.pdf	1631016
05.Deliverables/DEMOLITION/TAURUS/350106-SC-EN-003-SD-100179_A.pdf	1572739
05.Deliverables/DEMOLITION/TAURUS/350106-SC-EN-003-SD-100180_A.pdf	1616284
05.Deliverables/DEMOLITION/TAURUS/350106-SC-EN-003-SD-100181_A.pdf	1594001
05.Deliverables/DEMOLITION/TAURUS/350106-SC-EN-003-SD-100182_A.pdf	1610146
05.Deliverables/DEMOLITION/TAURUS/350106-SC-EN-003-SD-100183_A1.pdf	22340952
05.Deliverables/DEMOLITION/TAURUS/350106-SC-EN-003-SD-100185_A1.pdf	22933793
05.Deliverables/DEMOLITION/TAURUS/350106-SC-EN-003-SD-100186_A1.pdf	13700685
05.Deliverables/DEMOLITION/TAURUS/350106-SC-EN-003-SD-100187_A1.pdf	9457921
05.Deliverables/DEMOLITION/TAURUS/350106-SC-EN-003-SD-100188_A1.pdf	17102070
05.Deliverables/DEMOLITION/TAURUS/350106-SC-EN-003-SD-100189_A1.pdf	10476209
05.Deliverables/DEMOLITION/TAURUS/350106-SC-EN-003-SD-100190_A1.pdf	7578998
05.Deliverables/DEMOLITION/TAURUS/350106-SC-EN-003-SD-100191_A.pdf	1601126
05.Deliverables/DEMOLITION/TAURUS/350106-SC-EN-003-SD-100192_A.pdf	6983170
05.Deliverables/DEMOLITION/TAURUS/350106-SC-EN-003-SD-100193_A.PDF	5090195
05.Deliverables/DEMOLITION/TAURUS/350106-SC-EN-003-SD-100194_A1.PDF	9758300
05.Deliverables/DEMOLITION/TAURUS/350106-SC-EN-003-SD-100195_A1.pdf	4428888
05.Deliverables/DEMOLITION/TAURUS/350106-SC-EN-003-SD-100196_A1.PDF	3924704
05.Deliverables/DEMOLITION/TAURUS/350106-SC-EN-003-SD-100197_A1.PDF	21701708
05.Deliverables/DEMOLITION/TAURUS/350106-SC-EN-003-SD-100198_A.PDF	15402573
05.Deliverables/DEMOLITION/TAURUS/350106-SC-EN-003-SD-100201_A.PDF	103744421
05.Deliverables/DEMOLITION/TAURUS/350106-SC-EN-003-SD-100202_A.PDF	9430571
05.Deliverables/DEMOLITION/TAURUS/350106-SC-EN-003-SD-100204_A.PDF	19170868
05.Deliverables/DEMOLITION/TAURUS/350106-SC-EN-003-SD-100205_A.PDF	6810111
05.Deliverables/DEMOLITION/TAURUS/350106-SC-EN-003-SD-100206_A.PDF	32577918
05.Deliverables/DEMOLITION/TAURUS/350106-SC-EN-003-SD-100207_A.pdf	51303870
05.Deliverables/DEMOLITION/TAURUS/350106-SC-EN-003-SD-100208_A.PDF	60638507
05.Deliverables/DEMOLITION/TAURUS/350106-SC-EN-003-SD-100211_A.PDF	23209777
05.Deliverables/DEMOLITION/TAURUS/350106-SC-EN-003-SD-100212_A.PDF	53516964
05.Deliverables/DEMOLITION/TAURUS/350106-SC-EN-003-SD-100213_A.PDF	43064047
05.Deliverables/DEMOLITION/TAURUS/350106-SC-EN-003-SD-100214_A.PDF	2819874
05.Deliverables/DEMOLITION/TAURUS/350106-SC-EN-003-SD-100215_A.pdf	44692187
05.Deliverables/DEMOLITION/TAURUS/350106-SC-EN-003-SD-100216_A1.pdf	21811081
05.Deliverables/DEMOLITION/TAURUS/350106-SC-EN-003-SD-100217_A.PDF	38683009
05.Deliverables/DEMOLITION/TAURUS/350106-SC-EN-003-SD-100218_A.PDF	19128052
05.Deliverables/DEMOLITION/TAURUS/350106-SC-EN-003-SD-100219_A.pdf	1597379
05.Deliverables/DEMOLITION/TAURUS/350106-SC-EN-003-SD-100220_A.pdf	1693170
05.Deliverables/DEMOLITION/TAURUS/350106-SC-EN-003-SD-100221_A.pdf	1573057
05.Deliverables/DEMOLITION/TAURUS/350106-SC-EN-003-SD-100223_A.pdf	1588927
05.Deliverables/DEMOLITION/TAURUS/350106-SC-EN-003-SD-100224_A.pdf	1586178
05.Deliverables/DEMOLITION/TAURUS/350106-SC-EN-003-SD-100225_A.pdf	1610294
05.Deliverables/DEMOLITION/TAURUS/350106-SC-EN-003-SD-100228_A1.pdf	2518762
05.Deliverables/DEMOLITION/TAURUS/350106-SC-EN-003-SD-100235_A.PDF	8212291
05.Deliverables/DEMOLITION/TAURUS/350106-SC-EN-003-SD-100241_A1.PDF	5500882
05.Deliverables/DEMOLITION/TAURUS/350106-SC-EN-003-SD-100259_A1.PDF	38695966
05.Deliverables/DEMOLITION/TAURUS/350106-SC-EN-003-SD-100260_A.PDF	28812121
05.Deliverables/DEMOLITION/TAURUS/350106-SC-EN-003-SD-100265_A1.PDF	13123913
05.Deliverables/DEMOLITION/TAURUS/350106-SC-EN-003-SD-100266_A1.pdf	14431814
05.Deliverables/DEMOLITION/TAURUS/350106-SC-EN-003-SD-100267_A1.PDF	60969882
05.Deliverables/DEMOLITION/TAURUS/350106-SC-EN-003-SD-100268_A1.PDF	71118799
05.Deliverables/DEMOLITION/TAURUS/350106-SC-EN-003-SD-100274_A1.pdf	8029863
05.Deliverables/DEMOLITION/TAURUS/350106-SC-EN-003-SD-100275_A1.pdf	12516338
05.Deliverables/DEMOLITION/TAURUS/350106-SC-EN-003-SD-100276_A2.pdf	7012146
05.Deliverables/DEMOLITION/TAURUS/350106-SC-EN-003-SD-100277_A1.pdf	7296113
05.Deliverables/DEMOLITION/TAURUS/350106-SC-EN-003-SD-100278_A1.PDF	9976430
05.Deliverables/DEMOLITION/TAURUS/350106-SC-EN-003-SD-100296_A.pdf	13980585
05.Deliverables/DEMOLITION/TAURUS/350106-SC-EN-003-SD-100297_A.PDF	38687453
05.Deliverables/DEMOLITION/TAURUS/_exportlog.rtf	12301
05.Deliverables/DS_Data sheets/350106-SC-EN-003-SD-000200_X.pdf	122810
05.Deliverables/DS_Data sheets/350106-SC-EN-003-SD-000200_X.xlsx	42209
05.Deliverables/DS_Data sheets/350106-SC-EN-003-SD-000201_X.pdf	131221
05.Deliverables/DS_Data sheets/350106-SC-EN-003-SD-000201_X.xlsx	46317
05.Deliverables/DS_Data sheets/350106-SC-EN-003-SD-000202_C.XLSX	68888
05.Deliverables/DS_Data sheets/350106-SC-EN-003-SD-000202_C.pdf	130969
05.Deliverables/DS_Data sheets/350106-SC-EN-003-SD-000203_C.pdf	131203
05.Deliverables/DS_Data sheets/350106-SC-EN-003-SD-000203_C.xlsx	69155
05.Deliverables/DS_Data sheets/350106-SC-EN-003-SD-000204_C.pdf	163772
05.Deliverables/DS_Data sheets/350106-SC-EN-003-SD-000204_C.xlsx	50244
05.Deliverables/DS_Data sheets/350106-SC-EN-003-SD-000205_C.pdf	163195
05.Deliverables/DS_Data sheets/350106-SC-EN-003-SD-000205_C.xlsx	50766
05.Deliverables/DS_Data sheets/350106-SC-EN-003-SD-000206_C.pdf	121379
05.Deliverables/DS_Data sheets/350106-SC-EN-003-SD-000206_C.xlsx	56051
05.Deliverables/DS_Data sheets/350106-SC-EN-003-SD-000207_C.pdf	121550
05.Deliverables/DS_Data sheets/350106-SC-EN-003-SD-000207_C.xlsx	55433
05.Deliverables/DS_Data sheets/350106-SC-EN-003-SD-000215_C.XLSX	75592
05.Deliverables/DS_Data sheets/350106-SC-EN-003-SD-000215_C.pdf	114029
05.Deliverables/DS_Data sheets/350106-SC-EN-003-SD-000216_C.XLSX	75602
05.Deliverables/DS_Data sheets/350106-SC-EN-003-SD-000216_C.pdf	114146
05.Deliverables/DS_Data sheets/350106-SC-EN-003-SD-000227_A.pdf	182525
05.Deliverables/DS_Data sheets/350106-SC-EN-003-SD-000227_A.xls	443904
05.Deliverables/DS_Data sheets/350106-SC-EN-003-SD-000228_A.pdf	117660
05.Deliverables/DS_Data sheets/350106-SC-EN-003-SD-000228_A.xlsx	43026
05.Deliverables/DS_Data sheets/_exportlog.rtf	3107
05.Deliverables/FD_Project design criteria and philosophies/350106-SC-EN-003-SD-000060_A.docx	3174660
05.Deliverables/FD_Project design criteria and philosophies/350106-SC-EN-003-SD-000060_A.pdf	2957803
05.Deliverables/FD_Project design criteria and philosophies/350106-SC-EN-003-SD-000104_B.pdf	1378045
05.Deliverables/FD_Project design criteria and philosophies/350106-SC-EN-003-SD-000123_C.docx	3110845
05.Deliverables/FD_Project design criteria and philosophies/350106-SC-EN-003-SD-000123_C.pdf	1003560
05.Deliverables/FD_Project design criteria and philosophies/350106-SC-EN-003-SD-000125_C.docx	1376851
05.Deliverables/FD_Project design criteria and philosophies/350106-SC-EN-003-SD-000125_C.pdf	858570
05.Deliverables/FD_Project design criteria and philosophies/350106-SC-EN-003-SD-000126_C.docx	1445282
05.Deliverables/FD_Project design criteria and philosophies/350106-SC-EN-003-SD-000128_C.docx	44260364
05.Deliverables/FD_Project design criteria and philosophies/350106-SC-EN-003-SD-000128_C.pdf	6863583
05.Deliverables/FD_Project design criteria and philosophies/350106-SC-EN-003-SD-000131_C.docx	2618116
05.Deliverables/FD_Project design criteria and philosophies/350106-SC-EN-003-SD-000131_C.pdf	653776
05.Deliverables/FD_Project design criteria and philosophies/350106-SC-EN-003-SD-000134_C.docx	3111478
05.Deliverables/FD_Project design criteria and philosophies/350106-SC-EN-003-SD-000134_C.pdf	990716
05.Deliverables/FD_Project design criteria and philosophies/350106-SC-EN-003-SD-000136_C.docx	1376796
05.Deliverables/FD_Project design criteria and philosophies/350106-SC-EN-003-SD-000136_C.pdf	862167
05.Deliverables/FD_Project design criteria and philosophies/350106-SC-EN-003-SD-000137_B.docx	1424001
05.Deliverables/FD_Project design criteria and philosophies/350106-SC-EN-003-SD-000137_B.pdf	904948
05.Deliverables/FD_Project design criteria and philosophies/350106-SC-EN-003-SD-000141_C.docx	2120922
05.Deliverables/FD_Project design criteria and philosophies/350106-SC-EN-003-SD-000141_C.pdf	651804
05.Deliverables/FD_Project design criteria and philosophies/350106-SC-EN-003-SD-000151_B1.XLSX	1277133
05.Deliverables/FD_Project design criteria and philosophies/350106-SC-EN-003-SD-000151_B1.pdf	790352
05.Deliverables/FD_Project design criteria and philosophies/350106-SC-EN-003-SD-000168_B1.docx	3144119
05.Deliverables/FD_Project design criteria and philosophies/350106-SC-EN-003-SD-000168_FST-1 and FST-2 Load Monitoring System Philosophy_B1.pdf	1450669
05.Deliverables/FD_Project design criteria and philosophies/350106-SC-EN-003-SD-000173_B.docx	6819275
05.Deliverables/FD_Project design criteria and philosophies/350106-SC-EN-003-SD-000173_B.pdf	6578380
05.Deliverables/FD_Project design criteria and philosophies/350106-SC-EN-003-SD-100144_A.docx	8760648
05.Deliverables/FD_Project design criteria and philosophies/350106-SC-EN-003-SD-100144_A.pdf	8990100
05.Deliverables/FD_Project design criteria and philosophies/350106-SC-EN-003-SD-100290_A.docx	8761251
05.Deliverables/FD_Project design criteria and philosophies/350106-SC-EN-003-SD-100290_A.pdf	8989591
05.Deliverables/FD_Project design criteria and philosophies/_exportlog.rtf	4027
05.Deliverables/LA_List & Registers/350106-SC-EN-003-SD-000121_A.XLSX	1205779
05.Deliverables/LA_List & Registers/350106-SC-EN-003-SD-000121_A.pdf	1214960
05.Deliverables/LA_List & Registers/350106-SC-EN-003-SD-000122_A.XLSX	1193871
05.Deliverables/LA_List & Registers/350106-SC-EN-003-SD-000122_A.pdf	1215336
05.Deliverables/LA_List & Registers/350106-SC-EN-003-SD-000129_B.pdf	102948
05.Deliverables/LA_List & Registers/350106-SC-EN-003-SD-000129_B.xls	159232
05.Deliverables/LA_List & Registers/350106-SC-EN-003-SD-000139_B.pdf	103594
05.Deliverables/LA_List & Registers/350106-SC-EN-003-SD-000139_B.xls	168448
05.Deliverables/LA_List & Registers/_exportlog.rtf	1022
05.Deliverables/RA_Reports/350106-SC-EN-003-SD-000010 FST-1 Initial Scantling Evaluation (ISE) Capricorn Assessment Report Rev B.DOCX	13844821
05.Deliverables/RA_Reports/350106-SC-EN-003-SD-000024 FST-2 Initial Scantling Evaluation (ISE) Taurus Assessment Report Rev B.DOCX	13810226
05.Deliverables/RA_Reports/350106-SC-EN-003-SD-000158_B.pdf	574250
05.Deliverables/RA_Reports/350106-SC-EN-003-SD-000171_B1.docx	1316545
05.Deliverables/RA_Reports/350106-SC-EN-003-SD-000171_B1.pdf	1575805
05.Deliverables/RA_Reports/_exportlog.rtf	588
05.Deliverables/SA_Specifications & Standards/350106-SC-EN-003-SD-000039_B1.docx	1132971
05.Deliverables/SA_Specifications & Standards/350106-SC-EN-003-SD-000050_B.docx	1582031
05.Deliverables/SA_Specifications & Standards/350106-SC-EN-003-SD-000132_C.docx	1459132
05.Deliverables/SA_Specifications & Standards/350106-SC-EN-003-SD-000132_C.pdf	2875560
05.Deliverables/SA_Specifications & Standards/350106-SC-EN-003-SD-000142_C.docx	1068824
05.Deliverables/SA_Specifications & Standards/350106-SC-EN-003-SD-000142_C.pdf	1013860
05.Deliverables/SA_Specifications & Standards/350106-SC-EN-003-SD-000150_B.docx	1455037
05.Deliverables/SA_Specifications & Standards/350106-SC-EN-003-SD-000150_B.pdf	784913
05.Deliverables/SA_Specifications & Standards/_exportlog.rtf	1132
05.Deliverables/STAAD files/Offloading1.std	3909
05.Deliverables/STAAD files/Towing support_1.std	732
05.Deliverables/TN_Technical Notes/FST CP System Design Philosophy/350106-SC-EN-003-SD-000XXX_A_Technical Note - FSTs CP System Design Philosophy.docx	5032651
05.Deliverables/TN_Technical Notes/FST CP System Design Philosophy/350106-SC-EN-003-SD-000XXX_B_Technical Note - FSTs CP System Design Philosophy_QA_combined.pdf	1635429
05.Deliverables/TN_Technical Notes/Loading Arm Motions/350106-SC-EN-003-SD-000157 Technical Note Loading Arm Motions - Rev B.docx	615698
05.Deliverables/TN_Technical Notes/Loading Arm Motions/350106-SC-EN-003-SD-000157 Technical Note Loading Arm Motions - Rev C.docx	613010
05.Deliverables/TN_Technical Notes/Loading Arm Motions/350106-SC-EN-003-SD-000157 Technical Note Loading Arm Motions - Rev C.pdf	1008586
05.Deliverables/TN_Technical Notes/Loading Arm Motions/350106-SC-EN-003-SD-000157 Technical Note Loading Arm Motions - Rev D.docx	904004
05.Deliverables/TN_Technical Notes/Loading Arm Motions/350106-SC-EN-003-SD-000157 Technical Note Loading Arm Motions - Rev D.pdf	1608501
05.Deliverables/TN_Technical Notes/Loading Arm Motions/350106-SC-EN-003-SD-000157 Technical Note Loading Arm Motions - Rev E.docx	902094
05.Deliverables/TN_Technical Notes/Loading Arm Motions/350106-SC-EN-003-SD-000157 Technical Note Loading Arm Motions - Rev E.pdf	1633664
05.Deliverables/TN_Technical Notes/Loading Arm Motions/350106-SC-EN-003-SD-000XXX Technical Note Loading Arm Motions - Rev B.pdf	1027809
05.Deliverables/TN_Technical Notes/Loading Arm Motions/Jumper Arm Motion Clarification 16-Jan-2024.pptx	1748211
05.Deliverables/TN_Technical Notes/Loading Arm Motions/Jumper Arm Motion Clarification 24-Jan-2024.pptx	1887189
05.Deliverables/TN_Technical Notes/Loading Arm Motions/Jumper arm discussion 03-Mar-2023 HH_Wood.pptx	1349490
05.Deliverables/TN_Technical Notes/Loading Arm Motions/Jumper arm discussion 25-July-2023.pptx	1461331
05.Deliverables/TN_Technical Notes/Loading Arm Motions/Loading arm discussion 14-Apr-2023.pptx	1277403
05.Deliverables/TN_Technical Notes/Operational Maintenance and Failure Loadcases/350106-SC-EN-003-SD-000172 - Technical Note - Operational, Maintenance and Failure Critical Loadcases - Rev B.pdf	4621629
05.Deliverables/TN_Technical Notes/Stability and Ballast Requirements/350106-SC-EN-003-SD-000158 Technical Note Stability and Ballast Requirements - Rev C.docx	403349
05.Deliverables/TN_Technical Notes/Stability and Ballast Requirements/350106-SC-EN-003-SD-000158 Technical Note Stability and Ballast Requirements - Rev C.pdf	535582
05.Deliverables/TN_Technical Notes/Stability and Ballast Requirements/350106-SC-EN-003-SD-000XXX Technical Note Stability and Ballast Requirements - Rev B.docx	412374
05.Deliverables/TN_Technical Notes/Stability and Ballast Requirements/350106-SC-EN-003-SD-000XXX Technical Note Stability and Ballast Requirements - Rev B.pdf	579262
05.Deliverables/TN_Technical Notes/WSP Interface loads/350106-SC-EN-003-SD-000163 Permanent Mooring Interface Loads- Rev B.docx	337841
05.Deliverables/TN_Technical Notes/WSP Interface loads/350106-SC-EN-003-SD-000163 Permanent Mooring Interface Loads- Rev B.pdf	458615
05.Deliverables/TN_Technical Notes/WSP Interface loads/350106-SC-EN-003-SD-000163 Permanent Mooring Interface Loads- Rev C.docx	784056
05.Deliverables/TN_Technical Notes/WSP Interface loads/350106-SC-EN-003-SD-000163 Permanent Mooring Interface Loads- Rev C1.docx	14482981
05.Deliverables/TN_Technical Notes/WSP Interface loads/350106-SC-EN-003-SD-000163 Permanent Mooring Interface Loads- Rev C1.pdf	14696632
05.Deliverables/WS_Workshop Sessions/WORKSHOP 2 - FST BALLAST SYSTEM - Prefilling.pptx	3600152
05.Deliverables/WS_Workshop Sessions/WORKSHOP 2 - FST BALLAST SYSTEM ALTERNATIVES MAY 17 2023 Rev 1.pptx	3600859
05.Deliverables/WS_Workshop Sessions/WORKSHOP 2 - FST Operational Loadcase Study Summary MAY 17 2023.pptx	551146
05.Deliverables/WS_Workshop Sessions/WORKSHOP 4 - FST LNGC Berthing Summary MAY 17 2023.pptx	8321036
05.Deliverables/XA_Flow Diagrams/350106-SC-EN-003-SD-000124_4_X.pdf	896731
05.Deliverables/XA_Flow Diagrams/350106-SC-EN-003-SD-000124_X.dwg	3369513
05.Deliverables/XA_Flow Diagrams/350106-SC-EN-003-SD-000127.0001_4_C2.pdf	326993
05.Deliverables/XA_Flow Diagrams/350106-SC-EN-003-SD-000127.0001_C2.dwg	3644761
05.Deliverables/XA_Flow Diagrams/350106-SC-EN-003-SD-000127.0002_3_C2.dwg	2793069
05.Deliverables/XA_Flow Diagrams/350106-SC-EN-003-SD-000127.0002_C2.pdf	252137
05.Deliverables/XA_Flow Diagrams/350106-SC-EN-003-SD-000127_B.dwg	4408390
05.Deliverables/XA_Flow Diagrams/350106-SC-EN-003-SD-000127_B.pdf	457917
05.Deliverables/XA_Flow Diagrams/350106-SC-EN-003-SD-000133_4_X.pdf	756204
05.Deliverables/XA_Flow Diagrams/350106-SC-EN-003-SD-000133_X.dwg	1371169
05.Deliverables/XA_Flow Diagrams/350106-SC-EN-003-SD-000135_3_X.dwg	3393743
05.Deliverables/XA_Flow Diagrams/350106-SC-EN-003-SD-000135_X.pdf	914878
05.Deliverables/XA_Flow Diagrams/350106-SC-EN-003-SD-000138.0001_3_C1.pdf	318991
05.Deliverables/XA_Flow Diagrams/350106-SC-EN-003-SD-000138.0001_4_C1.dwg	2312943
05.Deliverables/XA_Flow Diagrams/350106-SC-EN-003-SD-000138.0002_C1.dwg	2376108
05.Deliverables/XA_Flow Diagrams/350106-SC-EN-003-SD-000138.0002_C1.pdf	258077
05.Deliverables/XA_Flow Diagrams/350106-SC-EN-003-SD-000138_B.dwg	2840304
05.Deliverables/XA_Flow Diagrams/350106-SC-EN-003-SD-000138_B.pdf	458016
05.Deliverables/XA_Flow Diagrams/350106-SC-EN-003-SD-000143_3_X.dwg	1611141
05.Deliverables/XA_Flow Diagrams/350106-SC-EN-003-SD-000143_X.pdf	755731
05.Deliverables/XA_Flow Diagrams/_exportlog.rtf	2986
05.Deliverables/XD_General arrangements/350106-SC-EN-003-SD-000019_B.dwg	13626155
05.Deliverables/XD_General arrangements/350106-SC-EN-003-SD-000019_B.pdf	3401806
05.Deliverables/XD_General arrangements/350106-SC-EN-003-SD-000035_B.dwg	16338877
05.Deliverables/XD_General arrangements/350106-SC-EN-003-SD-000035_B.pdf	3902424
05.Deliverables/XD_General arrangements/350106-SC-EN-003-SD-000096.0001_C.dwg	23162084
05.Deliverables/XD_General arrangements/350106-SC-EN-003-SD-000096.0001_C.pdf	311842
05.Deliverables/XD_General arrangements/350106-SC-EN-003-SD-000096.0002_C.dwg	7234796
05.Deliverables/XD_General arrangements/350106-SC-EN-003-SD-000096.0002_C.pdf	262597
05.Deliverables/XD_General arrangements/350106-SC-EN-003-SD-000097.0001_C.dwg	36482432
05.Deliverables/XD_General arrangements/350106-SC-EN-003-SD-000097.0001_C.pdf	270591
05.Deliverables/XD_General arrangements/350106-SC-EN-003-SD-000097.0002_C.dwg	21692101
05.Deliverables/XD_General arrangements/350106-SC-EN-003-SD-000097.0002_C.pdf	229334
05.Deliverables/XD_General arrangements/350106-SC-EN-003-SD-000098_C.dwg	12712902
05.Deliverables/XD_General arrangements/350106-SC-EN-003-SD-000098_C.pdf	388883
05.Deliverables/XD_General arrangements/350106-SC-EN-003-SD-000099_C.dwg	640085
05.Deliverables/XD_General arrangements/350106-SC-EN-003-SD-000099_C.pdf	388802
05.Deliverables/XD_General arrangements/350106-SC-EN-003-SD-000109.0001_B.dwg	16086644
05.Deliverables/XD_General arrangements/350106-SC-EN-003-SD-000109.0001_B.pdf	3461291
05.Deliverables/XD_General arrangements/350106-SC-EN-003-SD-000109.0002_B.dwg	16920539
05.Deliverables/XD_General arrangements/350106-SC-EN-003-SD-000109.0002_B.pdf	3445035
05.Deliverables/XD_General arrangements/_exportlog.rtf	3943
05.Deliverables/XE_Layout drawings/10114238-0164-XE_B1.dwg	777629
05.Deliverables/XE_Layout drawings/10114238-0164-XE_B1.pdf	537101
05.Deliverables/XE_Layout drawings/10114238-0183-XE_#01_B1.dwg	534025
05.Deliverables/XE_Layout drawings/10114238-0183-XE_#02_B1.dwg	519914
05.Deliverables/XE_Layout drawings/10114238-0183-XE_B1.pdf	544422
05.Deliverables/XE_Layout drawings/_exportlog.rtf	847
05.Deliverables/XG_Structural information/10114238-0187-XG_A.dwg	1279326
05.Deliverables/XG_Structural information/10114238-0187-XG_A.pdf	1059105
05.Deliverables/XG_Structural information/10114238-0188-XG_A.dwg	892210
05.Deliverables/XG_Structural information/10114238-0188-XG_A.pdf	1142497
05.Deliverables/XG_Structural information/10114238-0189-XG_A.dwg	694049
05.Deliverables/XG_Structural information/10114238-0189-XG_A.pdf	1043721
05.Deliverables/XG_Structural information/350106-SC-EN-003-SD-000013_C.dwg	777113
05.Deliverables/XG_Structural information/350106-SC-EN-003-SD-000013_C.pdf	1100573
05.Deliverables/XG_Structural information/350106-SC-EN-003-SD-000014.0001_C.dwg	753400
05.Deliverables/XG_Structural information/350106-SC-EN-003-SD-000014.0001_C.pdf	1053426
05.Deliverables/XG_Structural information/350106-SC-EN-003-SD-000014.0002_C.dwg	818758
05.Deliverables/XG_Structural information/350106-SC-EN-003-SD-000014.0002_C.pdf	1126920
05.Deliverables/XG_Structural information/350106-SC-EN-003-SD-000015_C.DWG	597154
05.Deliverables/XG_Structural information/350106-SC-EN-003-SD-000015_C.pdf	1636020
05.Deliverables/XG_Structural information/350106-SC-EN-003-SD-000017.0001_C.dwg	6186348
05.Deliverables/XG_Structural information/350106-SC-EN-003-SD-000017.0001_C.pdf	1006557
05.Deliverables/XG_Structural information/350106-SC-EN-003-SD-000017.0002_C.dwg	6075652
05.Deliverables/XG_Structural information/350106-SC-EN-003-SD-000017.0002_C.pdf	1141547
05.Deliverables/XG_Structural information/350106-SC-EN-003-SD-000017.0003_C.dwg	6089838
05.Deliverables/XG_Structural information/350106-SC-EN-003-SD-000017.0003_C.pdf	746466
05.Deliverables/XG_Structural information/350106-SC-EN-003-SD-000017.0004_C.dwg	5920123
05.Deliverables/XG_Structural information/350106-SC-EN-003-SD-000017.0004_C.pdf	818420
05.Deliverables/XG_Structural information/350106-SC-EN-003-SD-000017.0005_C.dwg	5939022
05.Deliverables/XG_Structural information/350106-SC-EN-003-SD-000017.0005_C.pdf	713240
05.Deliverables/XG_Structural information/350106-SC-EN-003-SD-000018_C1.dwg	824016
05.Deliverables/XG_Structural information/350106-SC-EN-003-SD-000018_C1.pdf	1464050
05.Deliverables/XG_Structural information/350106-SC-EN-003-SD-000021.0001_B1.dwg	678236
05.Deliverables/XG_Structural information/350106-SC-EN-003-SD-000021.0001_B1.pdf	626978
05.Deliverables/XG_Structural information/350106-SC-EN-003-SD-000022.0001_B.dwg	1326062
05.Deliverables/XG_Structural information/350106-SC-EN-003-SD-000022.0001_B.pdf	683166
05.Deliverables/XG_Structural information/350106-SC-EN-003-SD-000022.0001_B.xlsx	98435
05.Deliverables/XG_Structural information/350106-SC-EN-003-SD-000022.0002_B.dwg	649264
05.Deliverables/XG_Structural information/350106-SC-EN-003-SD-000022.0002_B.pdf	1016443
05.Deliverables/XG_Structural information/350106-SC-EN-003-SD-000022.0002_B.xlsx	105011
05.Deliverables/XG_Structural information/350106-SC-EN-003-SD-000027_C.dwg	756233
05.Deliverables/XG_Structural information/350106-SC-EN-003-SD-000027_C.pdf	1093252
05.Deliverables/XG_Structural information/350106-SC-EN-003-SD-000028.0001_C.dwg	695160
05.Deliverables/XG_Structural information/350106-SC-EN-003-SD-000028.0001_C.pdf	1080244
05.Deliverables/XG_Structural information/350106-SC-EN-003-SD-000028.0002_C.dwg	773277
05.Deliverables/XG_Structural information/350106-SC-EN-003-SD-000028.0002_C.pdf	1106469
05.Deliverables/XG_Structural information/350106-SC-EN-003-SD-000029.0001_B.dwg	600002
05.Deliverables/XG_Structural information/350106-SC-EN-003-SD-000029.0001_B.pdf	685478
05.Deliverables/XG_Structural information/350106-SC-EN-003-SD-000029.0001_B.xlsx	98419
05.Deliverables/XG_Structural information/350106-SC-EN-003-SD-000029.0002_B.dwg	672158
05.Deliverables/XG_Structural information/350106-SC-EN-003-SD-000029.0002_B.pdf	1020909
05.Deliverables/XG_Structural information/350106-SC-EN-003-SD-000029.0002_B.xlsx	104901
05.Deliverables/XG_Structural information/350106-SC-EN-003-SD-000030_C.dwg	589823
05.Deliverables/XG_Structural information/350106-SC-EN-003-SD-000030_C.pdf	1634807
05.Deliverables/XG_Structural information/350106-SC-EN-003-SD-000032.0001_C.dwg	6063275
05.Deliverables/XG_Structural information/350106-SC-EN-003-SD-000032.0001_C.pdf	1018164
05.Deliverables/XG_Structural information/350106-SC-EN-003-SD-000032.0002_C.dwg	6049914
05.Deliverables/XG_Structural information/350106-SC-EN-003-SD-000032.0002_C.pdf	1164104
05.Deliverables/XG_Structural information/350106-SC-EN-003-SD-000032.0003_C.dwg	6076527
05.Deliverables/XG_Structural information/350106-SC-EN-003-SD-000032.0003_C.pdf	718929
05.Deliverables/XG_Structural information/350106-SC-EN-003-SD-000032.0004_C.dwg	5889902
05.Deliverables/XG_Structural information/350106-SC-EN-003-SD-000032.0004_C.pdf	801964
05.Deliverables/XG_Structural information/350106-SC-EN-003-SD-000032.0005_C.dwg	5913013
05.Deliverables/XG_Structural information/350106-SC-EN-003-SD-000032.0005_C.pdf	687879
05.Deliverables/XG_Structural information/350106-SC-EN-003-SD-000033.0001_B1.dwg	6049851
05.Deliverables/XG_Structural information/350106-SC-EN-003-SD-000033.0001_B1.pdf	642307
05.Deliverables/XG_Structural information/350106-SC-EN-003-SD-000034_C1.dwg	1011135
05.Deliverables/XG_Structural information/350106-SC-EN-003-SD-000034_C1.pdf	1450826
05.Deliverables/XG_Structural information/350106-SC-EN-003-SD-000052.0001_C.dwg	1672839
05.Deliverables/XG_Structural information/350106-SC-EN-003-SD-000052.0001_C.pdf	1531700
05.Deliverables/XG_Structural information/350106-SC-EN-003-SD-000052.0002_C.dwg	930113
05.Deliverables/XG_Structural information/350106-SC-EN-003-SD-000052.0002_C.pdf	1506472
05.Deliverables/XG_Structural information/350106-SC-EN-003-SD-000053.0001_C.dwg	905250
05.Deliverables/XG_Structural information/350106-SC-EN-003-SD-000053.0001_C.pdf	1460399
05.Deliverables/XG_Structural information/350106-SC-EN-003-SD-000053.0002_C.dwg	890200
05.Deliverables/XG_Structural information/350106-SC-EN-003-SD-000053.0002_C.pdf	1473164
05.Deliverables/XG_Structural information/350106-SC-EN-003-SD-000054_C.dwg	1317335
05.Deliverables/XG_Structural information/350106-SC-EN-003-SD-000054_C.pdf	1860117
05.Deliverables/XG_Structural information/350106-SC-EN-003-SD-000056_C.dwg	722727
05.Deliverables/XG_Structural information/350106-SC-EN-003-SD-000056_C.pdf	1140952
05.Deliverables/XG_Structural information/350106-SC-EN-003-SD-000057_C.dwg	771973
05.Deliverables/XG_Structural information/350106-SC-EN-003-SD-000057_C.pdf	954007
05.Deliverables/XG_Structural information/350106-SC-EN-003-SD-000059_C.dwg	756942
05.Deliverables/XG_Structural information/350106-SC-EN-003-SD-000059_C.pdf	1093908
05.Deliverables/XG_Structural information/350106-SC-EN-003-SD-000080.0001_C.dwg	798311
05.Deliverables/XG_Structural information/350106-SC-EN-003-SD-000080.0001_C.pdf	1542904
05.Deliverables/XG_Structural information/350106-SC-EN-003-SD-000080.0002_C.dwg	813523
05.Deliverables/XG_Structural information/350106-SC-EN-003-SD-000080.0002_C.pdf	1524164
05.Deliverables/XG_Structural information/350106-SC-EN-003-SD-000081.0001_C.dwg	797528
05.Deliverables/XG_Structural information/350106-SC-EN-003-SD-000081.0001_C.pdf	1478237
05.Deliverables/XG_Structural information/350106-SC-EN-003-SD-000081.0002_C.dwg	790367
05.Deliverables/XG_Structural information/350106-SC-EN-003-SD-000081.0002_C.pdf	1487644
05.Deliverables/XG_Structural information/350106-SC-EN-003-SD-000082_B.dwg	2500845
05.Deliverables/XG_Structural information/350106-SC-EN-003-SD-000082_B.pdf	1883567
05.Deliverables/XG_Structural information/350106-SC-EN-003-SD-000083_B.dwg	1760564
05.Deliverables/XG_Structural information/350106-SC-EN-003-SD-000083_B.pdf	1510391
05.Deliverables/XG_Structural information/350106-SC-EN-003-SD-000084.0001_C.dwg	3973515
05.Deliverables/XG_Structural information/350106-SC-EN-003-SD-000084.0002_C.dwg	1725779
05.Deliverables/XG_Structural information/350106-SC-EN-003-SD-000085.0001_B.dwg	1467190
05.Deliverables/XG_Structural information/350106-SC-EN-003-SD-000085.0001_B.pdf	1244330
05.Deliverables/XG_Structural information/350106-SC-EN-003-SD-000085.0002_B.dwg	1403758
05.Deliverables/XG_Structural information/350106-SC-EN-003-SD-000085.0002_B.pdf	1063214
05.Deliverables/XG_Structural information/350106-SC-EN-003-SD-000085.0003_B.dwg	1552493
05.Deliverables/XG_Structural information/350106-SC-EN-003-SD-000085.0003_B.pdf	1306171
05.Deliverables/XG_Structural information/350106-SC-EN-003-SD-000087_C.dwg	845826
05.Deliverables/XG_Structural information/350106-SC-EN-003-SD-000087_C.pdf	1445729
05.Deliverables/XG_Structural information/350106-SC-EN-003-SD-000088_C.dwg	706599
05.Deliverables/XG_Structural information/350106-SC-EN-003-SD-000088_C.pdf	947725
05.Deliverables/XG_Structural information/350106-SC-EN-003-SD-000090_C.dwg	705679
05.Deliverables/XG_Structural information/350106-SC-EN-003-SD-000090_C.pdf	1084873
05.Deliverables/XG_Structural information/350106-SC-EN-003-SD-000155_C.dwg	1545895
05.Deliverables/XG_Structural information/350106-SC-EN-003-SD-000155_C.pdf	1213191
05.Deliverables/XG_Structural information/350106-SC-EN-003-SD-000156_C.dwg	1465522
05.Deliverables/XG_Structural information/350106-SC-EN-003-SD-000156_C.pdf	1209388
05.Deliverables/XG_Structural information/350106-SC-EN-003-SD-000161_B.dwg	1435673
05.Deliverables/XG_Structural information/350106-SC-EN-003-SD-000161_B.pdf	1201812
05.Deliverables/XG_Structural information/350106-SC-EN-003-SD-000162_B.dwg	779821
05.Deliverables/XG_Structural information/350106-SC-EN-003-SD-000162_B.pdf	1201905
05.Deliverables/XG_Structural information/350106-SC-EN-003-SD-000164_B.dwg	760064
05.Deliverables/XG_Structural information/350106-SC-EN-003-SD-000164_B.pdf	1204727
05.Deliverables/XG_Structural information/_exportlog.rtf	16872
orcaflex_no_sim/00-Common/Curr_Ext_FST1F.yml	3673
orcaflex_no_sim/00-Common/Curr_Ext_FST1L.yml	3696
orcaflex_no_sim/00-Common/Curr_Ext_FST2F.yml	3622
orcaflex_no_sim/00-Common/Curr_Ext_FST2L.yml	3666
orcaflex_no_sim/00-Common/Curr_Oper_FST1F.yml	3417
orcaflex_no_sim/00-Common/Curr_Oper_FST1L.yml	3436
orcaflex_no_sim/00-Common/Curr_Oper_FST2F.yml	3426
orcaflex_no_sim/00-Common/Curr_Oper_FST2L.yml	3454
orcaflex_no_sim/00-Common/Curr_Oper_LNGCEB.yml	3505
orcaflex_no_sim/00-Common/Curr_Oper_LNGCEF.yml	3508
orcaflex_no_sim/00-Common/Curr_Oper_LNGCPB.yml	3443
orcaflex_no_sim/00-Common/Curr_Oper_LNGCPF.yml	3446
orcaflex_no_sim/00-Common/Mooring_stiffness.yml	9350
orcaflex_no_sim/00-Common/Wind_Ext_FST1F.yml	3316
orcaflex_no_sim/00-Common/Wind_Ext_FST1L.yml	3302
orcaflex_no_sim/00-Common/Wind_Ext_FST2F.yml	3318
orcaflex_no_sim/00-Common/Wind_Ext_FST2L.yml	3304
orcaflex_no_sim/00-Common/Wind_Oper_FST1F.yml	3332
orcaflex_no_sim/00-Common/Wind_Oper_FST1L.yml	3321
orcaflex_no_sim/00-Common/Wind_Oper_FST2F.yml	3349
orcaflex_no_sim/00-Common/Wind_Oper_FST2L.yml	3323
orcaflex_no_sim/00-Common/Wind_Oper_LNGCEB.yml	3397
orcaflex_no_sim/00-Common/Wind_Oper_LNGCEF.yml	3395
orcaflex_no_sim/00-Common/Wind_Oper_LNGCPB.yml	3337
orcaflex_no_sim/00-Common/Wind_Oper_LNGCPF.yml	3343
orcaflex_no_sim/01-FST's Only/00-Bases/FST2F_FST1F_universal_HWL_r09.dat	29191733
orcaflex_no_sim/01-FST's Only/00-Bases/FST2F_FST1F_universal_LWL_r09.dat	29191773
orcaflex_no_sim/01-FST's Only/00-Bases/FST2F_FST1F_universal_MWL_r09.dat	29191701
orcaflex_no_sim/01-FST's Only/00-Bases/FST2L_FST1L_universal_HWL_r09.dat	42107964
orcaflex_no_sim/01-FST's Only/00-Bases/FST2L_FST1L_universal_HWL_r09_J1L.dat	42110954
orcaflex_no_sim/01-FST's Only/00-Bases/FST2L_FST1L_universal_HWL_r09_J2L.dat	42110970
orcaflex_no_sim/01-FST's Only/00-Bases/FST2L_FST1L_universal_HWL_r09_J3L.dat	42110962
orcaflex_no_sim/01-FST's Only/00-Bases/FST2L_FST1L_universal_HWL_r09_J4L.dat	42110938
orcaflex_no_sim/01-FST's Only/00-Bases/FST2L_FST1L_universal_LWL_r09.dat	42107871
orcaflex_no_sim/01-FST's Only/00-Bases/FST2L_FST1L_universal_MWL_r09.dat	42107821
orcaflex_no_sim/01-FST's Only/00-Bases/Initial_Pos.yml	111
orcaflex_no_sim/01-FST's Only/00-Bases/Strut_EA.yml	54
orcaflex_no_sim/01-FST's Only/00-Bases/Template_FST2F_FST1F.yml	1972
orcaflex_no_sim/01-FST's Only/00-Bases/Template_FST2F_FST1F_D.yml	2285
orcaflex_no_sim/01-FST's Only/00-Bases/Template_FST2L_FST1L.yml	2256
orcaflex_no_sim/01-FST's Only/00-Bases/Template_FST2L_FST1L_D.yml	2287
orcaflex_no_sim/01-FST's Only/00-Bases/r08/FST2F_FST1F_universal_HWL_r08.dat	29188138
orcaflex_no_sim/01-FST's Only/00-Bases/r08/FST2F_FST1F_universal_LWL_r08.dat	29183936
orcaflex_no_sim/01-FST's Only/00-Bases/r08/FST2F_FST1F_universal_MWL_r08.dat	29175190
orcaflex_no_sim/01-FST's Only/00-Bases/r08/FST2L_FST1L_universal_HWL_r08.dat	42113622
orcaflex_no_sim/01-FST's Only/00-Bases/r08/FST2L_FST1L_universal_LWL_r08.dat	42106626
orcaflex_no_sim/01-FST's Only/00-Bases/r08/FST2L_FST1L_universal_MWL_r08.dat	42106618
orcaflex_no_sim/01-FST's Only/LC_100y_Damaged/D1/FST2L_FST1L_HWL_030deg.yml	2523
orcaflex_no_sim/01-FST's Only/LC_100y_Damaged/_r08/FST2L_FST1L_D1/CL_FST2L_FST1L_HWL_015deg.yml	2167
orcaflex_no_sim/01-FST's Only/LC_100y_Damaged/_r08/FST2L_FST1L_D1/CL_FST2L_FST1L_HWL_030deg.yml	2167
orcaflex_no_sim/01-FST's Only/LC_100y_Damaged/_r08/FST2L_FST1L_D1/CL_FST2L_FST1L_HWL_045deg.yml	2166
orcaflex_no_sim/01-FST's Only/LC_100y_Damaged/_r08/FST2L_FST1L_D1/CL_FST2L_FST1L_HWL_090deg.yml	2166
orcaflex_no_sim/01-FST's Only/LC_100y_Damaged/_r08/FST2L_FST1L_D1/CL_FST2L_FST1L_HWL_180deg.yml	2169
orcaflex_no_sim/01-FST's Only/LC_100y_Damaged/_r08/FST2L_FST1L_D1/CL_FST2L_FST1L_LWL_015deg.yml	2167
orcaflex_no_sim/01-FST's Only/LC_100y_Damaged/_r08/FST2L_FST1L_D1/CL_FST2L_FST1L_LWL_030deg.yml	2167
orcaflex_no_sim/01-FST's Only/LC_100y_Damaged/_r08/FST2L_FST1L_D1/CL_FST2L_FST1L_LWL_045deg.yml	2166
orcaflex_no_sim/01-FST's Only/LC_100y_Damaged/_r08/FST2L_FST1L_D1/CL_FST2L_FST1L_LWL_090deg.yml	2166
orcaflex_no_sim/01-FST's Only/LC_100y_Damaged/_r08/FST2L_FST1L_D1/CL_FST2L_FST1L_LWL_180deg.yml	2169
orcaflex_no_sim/01-FST's Only/LC_100y_Damaged/_r08/FST2L_FST1L_D1/CL_FST2L_FST1L_MWL_015deg.yml	2167
orcaflex_no_sim/01-FST's Only/LC_100y_Damaged/_r08/FST2L_FST1L_D1/CL_FST2L_FST1L_MWL_030deg.yml	2167
orcaflex_no_sim/01-FST's Only/LC_100y_Damaged/_r08/FST2L_FST1L_D1/CL_FST2L_FST1L_MWL_045deg.yml	2166
orcaflex_no_sim/01-FST's Only/LC_100y_Damaged/_r08/FST2L_FST1L_D1/CL_FST2L_FST1L_MWL_090deg.yml	2166
orcaflex_no_sim/01-FST's Only/LC_100y_Damaged/_r08/FST2L_FST1L_D1/CL_FST2L_FST1L_MWL_180deg.yml	2169
orcaflex_no_sim/01-FST's Only/LC_100y_Damaged/_r08/FST2L_FST1L_D1/FST2L_FST1L_HWL_000deg.yml	2162
orcaflex_no_sim/01-FST's Only/LC_100y_Damaged/_r08/FST2L_FST1L_D1/FST2L_FST1L_HWL_015deg.yml	2167
orcaflex_no_sim/01-FST's Only/LC_100y_Damaged/_r08/FST2L_FST1L_D1/FST2L_FST1L_HWL_030deg.yml	2167
orcaflex_no_sim/01-FST's Only/LC_100y_Damaged/_r08/FST2L_FST1L_D1/FST2L_FST1L_HWL_045deg.yml	2166
orcaflex_no_sim/01-FST's Only/LC_100y_Damaged/_r08/FST2L_FST1L_D1/FST2L_FST1L_HWL_060deg.yml	2166
orcaflex_no_sim/01-FST's Only/LC_100y_Damaged/_r08/FST2L_FST1L_D1/FST2L_FST1L_HWL_075deg.yml	2166
orcaflex_no_sim/01-FST's Only/LC_100y_Damaged/_r08/FST2L_FST1L_D1/FST2L_FST1L_HWL_090deg.yml	2166
orcaflex_no_sim/01-FST's Only/LC_100y_Damaged/_r08/FST2L_FST1L_D1/FST2L_FST1L_HWL_105deg.yml	2169
orcaflex_no_sim/01-FST's Only/LC_100y_Damaged/_r08/FST2L_FST1L_D1/FST2L_FST1L_HWL_120deg.yml	2169
orcaflex_no_sim/01-FST's Only/LC_100y_Damaged/_r08/FST2L_FST1L_D1/FST2L_FST1L_HWL_135deg.yml	2169
orcaflex_no_sim/01-FST's Only/LC_100y_Damaged/_r08/FST2L_FST1L_D1/FST2L_FST1L_HWL_150deg.yml	2169
orcaflex_no_sim/01-FST's Only/LC_100y_Damaged/_r08/FST2L_FST1L_D1/FST2L_FST1L_HWL_165deg.yml	2169
orcaflex_no_sim/01-FST's Only/LC_100y_Damaged/_r08/FST2L_FST1L_D1/FST2L_FST1L_HWL_180deg.yml	2169
orcaflex_no_sim/01-FST's Only/LC_100y_Damaged/_r08/FST2L_FST1L_D1/FST2L_FST1L_HWL_195deg.yml	2169
orcaflex_no_sim/01-FST's Only/LC_100y_Damaged/_r08/FST2L_FST1L_D1/FST2L_FST1L_HWL_210deg.yml	2169
orcaflex_no_sim/01-FST's Only/LC_100y_Damaged/_r08/FST2L_FST1L_D1/FST2L_FST1L_HWL_225deg.yml	2169
orcaflex_no_sim/01-FST's Only/LC_100y_Damaged/_r08/FST2L_FST1L_D1/FST2L_FST1L_HWL_240deg.yml	2169
orcaflex_no_sim/01-FST's Only/LC_100y_Damaged/_r08/FST2L_FST1L_D1/FST2L_FST1L_HWL_255deg.yml	2169
orcaflex_no_sim/01-FST's Only/LC_100y_Damaged/_r08/FST2L_FST1L_D1/FST2L_FST1L_HWL_270deg.yml	2169
orcaflex_no_sim/01-FST's Only/LC_100y_Damaged/_r08/FST2L_FST1L_D1/FST2L_FST1L_HWL_285deg.yml	2169
orcaflex_no_sim/01-FST's Only/LC_100y_Damaged/_r08/FST2L_FST1L_D1/FST2L_FST1L_HWL_300deg.yml	2169
orcaflex_no_sim/01-FST's Only/LC_100y_Damaged/_r08/FST2L_FST1L_D1/FST2L_FST1L_HWL_315deg.yml	2169
orcaflex_no_sim/01-FST's Only/LC_100y_Damaged/_r08/FST2L_FST1L_D1/FST2L_FST1L_HWL_330deg.yml	2169
orcaflex_no_sim/01-FST's Only/LC_100y_Damaged/_r08/FST2L_FST1L_D1/FST2L_FST1L_HWL_345deg.yml	2169
orcaflex_no_sim/01-FST's Only/LC_100y_Damaged/_r08/FST2L_FST1L_D1/FST2L_FST1L_LWL_000deg.yml	2162
orcaflex_no_sim/01-FST's Only/LC_100y_Damaged/_r08/FST2L_FST1L_D1/FST2L_FST1L_LWL_015deg.yml	2167
orcaflex_no_sim/01-FST's Only/LC_100y_Damaged/_r08/FST2L_FST1L_D1/FST2L_FST1L_LWL_030deg.yml	2220
orcaflex_no_sim/01-FST's Only/LC_100y_Damaged/_r08/FST2L_FST1L_D1/FST2L_FST1L_LWL_045deg.yml	2166
orcaflex_no_sim/01-FST's Only/LC_100y_Damaged/_r08/FST2L_FST1L_D1/FST2L_FST1L_LWL_060deg.yml	2166
orcaflex_no_sim/01-FST's Only/LC_100y_Damaged/_r08/FST2L_FST1L_D1/FST2L_FST1L_LWL_075deg.yml	2227
orcaflex_no_sim/01-FST's Only/LC_100y_Damaged/_r08/FST2L_FST1L_D1/FST2L_FST1L_LWL_090deg.yml	2166
orcaflex_no_sim/01-FST's Only/LC_100y_Damaged/_r08/FST2L_FST1L_D1/FST2L_FST1L_LWL_105deg.yml	2169
orcaflex_no_sim/01-FST's Only/LC_100y_Damaged/_r08/FST2L_FST1L_D1/FST2L_FST1L_LWL_120deg.yml	2169
orcaflex_no_sim/01-FST's Only/LC_100y_Damaged/_r08/FST2L_FST1L_D1/FST2L_FST1L_LWL_135deg.yml	2169
orcaflex_no_sim/01-FST's Only/LC_100y_Damaged/_r08/FST2L_FST1L_D1/FST2L_FST1L_LWL_150deg.yml	2169
orcaflex_no_sim/01-FST's Only/LC_100y_Damaged/_r08/FST2L_FST1L_D1/FST2L_FST1L_LWL_165deg.yml	2169
orcaflex_no_sim/01-FST's Only/LC_100y_Damaged/_r08/FST2L_FST1L_D1/FST2L_FST1L_LWL_180deg.yml	2169
orcaflex_no_sim/01-FST's Only/LC_100y_Damaged/_r08/FST2L_FST1L_D1/FST2L_FST1L_LWL_195deg.yml	2169
orcaflex_no_sim/01-FST's Only/LC_100y_Damaged/_r08/FST2L_FST1L_D1/FST2L_FST1L_LWL_210deg.yml	2169
orcaflex_no_sim/01-FST's Only/LC_100y_Damaged/_r08/FST2L_FST1L_D1/FST2L_FST1L_LWL_225deg.yml	2169
orcaflex_no_sim/01-FST's Only/LC_100y_Damaged/_r08/FST2L_FST1L_D1/FST2L_FST1L_LWL_240deg.yml	2227
orcaflex_no_sim/01-FST's Only/LC_100y_Damaged/_r08/FST2L_FST1L_D1/FST2L_FST1L_LWL_255deg.yml	2169
orcaflex_no_sim/01-FST's Only/LC_100y_Damaged/_r08/FST2L_FST1L_D1/FST2L_FST1L_LWL_270deg.yml	2169
orcaflex_no_sim/01-FST's Only/LC_100y_Damaged/_r08/FST2L_FST1L_D1/FST2L_FST1L_LWL_285deg.yml	2169
orcaflex_no_sim/01-FST's Only/LC_100y_Damaged/_r08/FST2L_FST1L_D1/FST2L_FST1L_LWL_300deg.yml	2169
orcaflex_no_sim/01-FST's Only/LC_100y_Damaged/_r08/FST2L_FST1L_D1/FST2L_FST1L_LWL_315deg.yml	2169
orcaflex_no_sim/01-FST's Only/LC_100y_Damaged/_r08/FST2L_FST1L_D1/FST2L_FST1L_LWL_330deg.yml	2169
orcaflex_no_sim/01-FST's Only/LC_100y_Damaged/_r08/FST2L_FST1L_D1/FST2L_FST1L_LWL_345deg.yml	2176
orcaflex_no_sim/01-FST's Only/LC_100y_Damaged/_r08/FST2L_FST1L_D1/FST2L_FST1L_MWL_000deg.yml	2162
orcaflex_no_sim/01-FST's Only/LC_100y_Damaged/_r08/FST2L_FST1L_D1/FST2L_FST1L_MWL_015deg.yml	2167
orcaflex_no_sim/01-FST's Only/LC_100y_Damaged/_r08/FST2L_FST1L_D1/FST2L_FST1L_MWL_030deg.yml	2225
orcaflex_no_sim/01-FST's Only/LC_100y_Damaged/_r08/FST2L_FST1L_D1/FST2L_FST1L_MWL_045deg.yml	2166
orcaflex_no_sim/01-FST's Only/LC_100y_Damaged/_r08/FST2L_FST1L_D1/FST2L_FST1L_MWL_060deg.yml	2166
orcaflex_no_sim/01-FST's Only/LC_100y_Damaged/_r08/FST2L_FST1L_D1/FST2L_FST1L_MWL_075deg.yml	2217
orcaflex_no_sim/01-FST's Only/LC_100y_Damaged/_r08/FST2L_FST1L_D1/FST2L_FST1L_MWL_090deg.yml	2166
orcaflex_no_sim/01-FST's Only/LC_100y_Damaged/_r08/FST2L_FST1L_D1/FST2L_FST1L_MWL_105deg.yml	2169
orcaflex_no_sim/01-FST's Only/LC_100y_Damaged/_r08/FST2L_FST1L_D1/FST2L_FST1L_MWL_120deg.yml	2169
orcaflex_no_sim/01-FST's Only/LC_100y_Damaged/_r08/FST2L_FST1L_D1/FST2L_FST1L_MWL_135deg.yml	2169
orcaflex_no_sim/01-FST's Only/LC_100y_Damaged/_r08/FST2L_FST1L_D1/FST2L_FST1L_MWL_150deg.yml	2169
orcaflex_no_sim/01-FST's Only/LC_100y_Damaged/_r08/FST2L_FST1L_D1/FST2L_FST1L_MWL_165deg.yml	2169
orcaflex_no_sim/01-FST's Only/LC_100y_Damaged/_r08/FST2L_FST1L_D1/FST2L_FST1L_MWL_180deg.yml	2169
orcaflex_no_sim/01-FST's Only/LC_100y_Damaged/_r08/FST2L_FST1L_D1/FST2L_FST1L_MWL_195deg.yml	2169
orcaflex_no_sim/01-FST's Only/LC_100y_Damaged/_r08/FST2L_FST1L_D1/FST2L_FST1L_MWL_210deg.yml	2169
orcaflex_no_sim/01-FST's Only/LC_100y_Damaged/_r08/FST2L_FST1L_D1/FST2L_FST1L_MWL_225deg.yml	2169
orcaflex_no_sim/01-FST's Only/LC_100y_Damaged/_r08/FST2L_FST1L_D1/FST2L_FST1L_MWL_240deg.yml	2227
orcaflex_no_sim/01-FST's Only/LC_100y_Damaged/_r08/FST2L_FST1L_D1/FST2L_FST1L_MWL_255deg.yml	2169
orcaflex_no_sim/01-FST's Only/LC_100y_Damaged/_r08/FST2L_FST1L_D1/FST2L_FST1L_MWL_270deg.yml	2169
orcaflex_no_sim/01-FST's Only/LC_100y_Damaged/_r08/FST2L_FST1L_D1/FST2L_FST1L_MWL_285deg.yml	2169
orcaflex_no_sim/01-FST's Only/LC_100y_Damaged/_r08/FST2L_FST1L_D1/FST2L_FST1L_MWL_300deg.yml	2169
orcaflex_no_sim/01-FST's Only/LC_100y_Damaged/_r08/FST2L_FST1L_D1/FST2L_FST1L_MWL_315deg.yml	2169
orcaflex_no_sim/01-FST's Only/LC_100y_Damaged/_r08/FST2L_FST1L_D1/FST2L_FST1L_MWL_330deg.yml	2169
orcaflex_no_sim/01-FST's Only/LC_100y_Damaged/_r08/FST2L_FST1L_D1/FST2L_FST1L_MWL_345deg.yml	2169
orcaflex_no_sim/01-FST's Only/LC_100y_Damaged/_r08/FST2L_FST1L_D2/CL_FST2L_FST1L_HWL_015deg.yml	2167
orcaflex_no_sim/01-FST's Only/LC_100y_Damaged/_r08/FST2L_FST1L_D2/CL_FST2L_FST1L_HWL_030deg.yml	2167
orcaflex_no_sim/01-FST's Only/LC_100y_Damaged/_r08/FST2L_FST1L_D2/CL_FST2L_FST1L_HWL_045deg.yml	2166
orcaflex_no_sim/01-FST's Only/LC_100y_Damaged/_r08/FST2L_FST1L_D2/CL_FST2L_FST1L_HWL_090deg.yml	2166
orcaflex_no_sim/01-FST's Only/LC_100y_Damaged/_r08/FST2L_FST1L_D2/CL_FST2L_FST1L_HWL_180deg.yml	2169
orcaflex_no_sim/01-FST's Only/LC_100y_Damaged/_r08/FST2L_FST1L_D2/CL_FST2L_FST1L_LWL_015deg.yml	2167
orcaflex_no_sim/01-FST's Only/LC_100y_Damaged/_r08/FST2L_FST1L_D2/CL_FST2L_FST1L_LWL_030deg.yml	2229
orcaflex_no_sim/01-FST's Only/LC_100y_Damaged/_r08/FST2L_FST1L_D2/CL_FST2L_FST1L_LWL_045deg.yml	2166
orcaflex_no_sim/01-FST's Only/LC_100y_Damaged/_r08/FST2L_FST1L_D2/CL_FST2L_FST1L_LWL_090deg.yml	2227
orcaflex_no_sim/01-FST's Only/LC_100y_Damaged/_r08/FST2L_FST1L_D2/CL_FST2L_FST1L_LWL_180deg.yml	2169
orcaflex_no_sim/01-FST's Only/LC_100y_Damaged/_r08/FST2L_FST1L_D2/CL_FST2L_FST1L_MWL_015deg.yml	2167
orcaflex_no_sim/01-FST's Only/LC_100y_Damaged/_r08/FST2L_FST1L_D2/CL_FST2L_FST1L_MWL_030deg.yml	2167
orcaflex_no_sim/01-FST's Only/LC_100y_Damaged/_r08/FST2L_FST1L_D2/CL_FST2L_FST1L_MWL_045deg.yml	2221
orcaflex_no_sim/01-FST's Only/LC_100y_Damaged/_r08/FST2L_FST1L_D2/CL_FST2L_FST1L_MWL_090deg.yml	2228
orcaflex_no_sim/01-FST's Only/LC_100y_Damaged/_r08/FST2L_FST1L_D2/CL_FST2L_FST1L_MWL_180deg.yml	2169
orcaflex_no_sim/01-FST's Only/LC_100y_Damaged/_r08/FST2L_FST1L_D2/FST2L_FST1L_HWL_000deg.yml	2162
orcaflex_no_sim/01-FST's Only/LC_100y_Damaged/_r08/FST2L_FST1L_D2/FST2L_FST1L_HWL_015deg.yml	2167
orcaflex_no_sim/01-FST's Only/LC_100y_Damaged/_r08/FST2L_FST1L_D2/FST2L_FST1L_HWL_030deg.yml	2167
orcaflex_no_sim/01-FST's Only/LC_100y_Damaged/_r08/FST2L_FST1L_D2/FST2L_FST1L_HWL_045deg.yml	2166
orcaflex_no_sim/01-FST's Only/LC_100y_Damaged/_r08/FST2L_FST1L_D2/FST2L_FST1L_HWL_060deg.yml	2166
orcaflex_no_sim/01-FST's Only/LC_100y_Damaged/_r08/FST2L_FST1L_D2/FST2L_FST1L_HWL_075deg.yml	2166
orcaflex_no_sim/01-FST's Only/LC_100y_Damaged/_r08/FST2L_FST1L_D2/FST2L_FST1L_HWL_090deg.yml	2166
orcaflex_no_sim/01-FST's Only/LC_100y_Damaged/_r08/FST2L_FST1L_D2/FST2L_FST1L_HWL_105deg.yml	2169
orcaflex_no_sim/01-FST's Only/LC_100y_Damaged/_r08/FST2L_FST1L_D2/FST2L_FST1L_HWL_120deg.yml	2169
orcaflex_no_sim/01-FST's Only/LC_100y_Damaged/_r08/FST2L_FST1L_D2/FST2L_FST1L_HWL_135deg.yml	2169
orcaflex_no_sim/01-FST's Only/LC_100y_Damaged/_r08/FST2L_FST1L_D2/FST2L_FST1L_HWL_150deg.yml	2169
orcaflex_no_sim/01-FST's Only/LC_100y_Damaged/_r08/FST2L_FST1L_D2/FST2L_FST1L_HWL_165deg.yml	2169
orcaflex_no_sim/01-FST's Only/LC_100y_Damaged/_r08/FST2L_FST1L_D2/FST2L_FST1L_HWL_180deg.yml	2169
orcaflex_no_sim/01-FST's Only/LC_100y_Damaged/_r08/FST2L_FST1L_D2/FST2L_FST1L_HWL_195deg.yml	2169
orcaflex_no_sim/01-FST's Only/LC_100y_Damaged/_r08/FST2L_FST1L_D2/FST2L_FST1L_HWL_210deg.yml	2169
orcaflex_no_sim/01-FST's Only/LC_100y_Damaged/_r08/FST2L_FST1L_D2/FST2L_FST1L_HWL_225deg.yml	2169
orcaflex_no_sim/01-FST's Only/LC_100y_Damaged/_r08/FST2L_FST1L_D2/FST2L_FST1L_HWL_240deg.yml	2169
orcaflex_no_sim/01-FST's Only/LC_100y_Damaged/_r08/FST2L_FST1L_D2/FST2L_FST1L_HWL_255deg.yml	2169
orcaflex_no_sim/01-FST's Only/LC_100y_Damaged/_r08/FST2L_FST1L_D2/FST2L_FST1L_HWL_270deg.yml	2169
orcaflex_no_sim/01-FST's Only/LC_100y_Damaged/_r08/FST2L_FST1L_D2/FST2L_FST1L_HWL_285deg.yml	2169
orcaflex_no_sim/01-FST's Only/LC_100y_Damaged/_r08/FST2L_FST1L_D2/FST2L_FST1L_HWL_300deg.yml	2169
orcaflex_no_sim/01-FST's Only/LC_100y_Damaged/_r08/FST2L_FST1L_D2/FST2L_FST1L_HWL_315deg.yml	2169
orcaflex_no_sim/01-FST's Only/LC_100y_Damaged/_r08/FST2L_FST1L_D2/FST2L_FST1L_HWL_330deg.yml	2169
orcaflex_no_sim/01-FST's Only/LC_100y_Damaged/_r08/FST2L_FST1L_D2/FST2L_FST1L_HWL_345deg.yml	2169
orcaflex_no_sim/01-FST's Only/LC_100y_Damaged/_r08/FST2L_FST1L_D2/FST2L_FST1L_LWL_000deg.yml	2162
orcaflex_no_sim/01-FST's Only/LC_100y_Damaged/_r08/FST2L_FST1L_D2/FST2L_FST1L_LWL_015deg.yml	2167
orcaflex_no_sim/01-FST's Only/LC_100y_Damaged/_r08/FST2L_FST1L_D2/FST2L_FST1L_LWL_030deg.yml	2167
orcaflex_no_sim/01-FST's Only/LC_100y_Damaged/_r08/FST2L_FST1L_D2/FST2L_FST1L_LWL_045deg.yml	2166
orcaflex_no_sim/01-FST's Only/LC_100y_Damaged/_r08/FST2L_FST1L_D2/FST2L_FST1L_LWL_060deg.yml	2224
orcaflex_no_sim/01-FST's Only/LC_100y_Damaged/_r08/FST2L_FST1L_D2/FST2L_FST1L_LWL_075deg.yml	2166
orcaflex_no_sim/01-FST's Only/LC_100y_Damaged/_r08/FST2L_FST1L_D2/FST2L_FST1L_LWL_090deg.yml	2224
orcaflex_no_sim/01-FST's Only/LC_100y_Damaged/_r08/FST2L_FST1L_D2/FST2L_FST1L_LWL_105deg.yml	2169
orcaflex_no_sim/01-FST's Only/LC_100y_Damaged/_r08/FST2L_FST1L_D2/FST2L_FST1L_LWL_120deg.yml	2169
orcaflex_no_sim/01-FST's Only/LC_100y_Damaged/_r08/FST2L_FST1L_D2/FST2L_FST1L_LWL_135deg.yml	2169
orcaflex_no_sim/01-FST's Only/LC_100y_Damaged/_r08/FST2L_FST1L_D2/FST2L_FST1L_LWL_150deg.yml	2169
orcaflex_no_sim/01-FST's Only/LC_100y_Damaged/_r08/FST2L_FST1L_D2/FST2L_FST1L_LWL_165deg.yml	2169
orcaflex_no_sim/01-FST's Only/LC_100y_Damaged/_r08/FST2L_FST1L_D2/FST2L_FST1L_LWL_180deg.yml	2169
orcaflex_no_sim/01-FST's Only/LC_100y_Damaged/_r08/FST2L_FST1L_D2/FST2L_FST1L_LWL_195deg.yml	2169
orcaflex_no_sim/01-FST's Only/LC_100y_Damaged/_r08/FST2L_FST1L_D2/FST2L_FST1L_LWL_210deg.yml	2169
orcaflex_no_sim/01-FST's Only/LC_100y_Damaged/_r08/FST2L_FST1L_D2/FST2L_FST1L_LWL_225deg.yml	2169
orcaflex_no_sim/01-FST's Only/LC_100y_Damaged/_r08/FST2L_FST1L_D2/FST2L_FST1L_LWL_240deg.yml	2169
orcaflex_no_sim/01-FST's Only/LC_100y_Damaged/_r08/FST2L_FST1L_D2/FST2L_FST1L_LWL_255deg.yml	2169
orcaflex_no_sim/01-FST's Only/LC_100y_Damaged/_r08/FST2L_FST1L_D2/FST2L_FST1L_LWL_270deg.yml	2169
orcaflex_no_sim/01-FST's Only/LC_100y_Damaged/_r08/FST2L_FST1L_D2/FST2L_FST1L_LWL_285deg.yml	2169
orcaflex_no_sim/01-FST's Only/LC_100y_Damaged/_r08/FST2L_FST1L_D2/FST2L_FST1L_LWL_300deg.yml	2169
orcaflex_no_sim/01-FST's Only/LC_100y_Damaged/_r08/FST2L_FST1L_D2/FST2L_FST1L_LWL_315deg.yml	2169
orcaflex_no_sim/01-FST's Only/LC_100y_Damaged/_r08/FST2L_FST1L_D2/FST2L_FST1L_LWL_330deg.yml	2169
orcaflex_no_sim/01-FST's Only/LC_100y_Damaged/_r08/FST2L_FST1L_D2/FST2L_FST1L_LWL_345deg.yml	2169
orcaflex_no_sim/01-FST's Only/LC_100y_Damaged/_r08/FST2L_FST1L_D2/FST2L_FST1L_MWL_000deg.yml	2162
orcaflex_no_sim/01-FST's Only/LC_100y_Damaged/_r08/FST2L_FST1L_D2/FST2L_FST1L_MWL_015deg.yml	2167
orcaflex_no_sim/01-FST's Only/LC_100y_Damaged/_r08/FST2L_FST1L_D2/FST2L_FST1L_MWL_030deg.yml	2167
orcaflex_no_sim/01-FST's Only/LC_100y_Damaged/_r08/FST2L_FST1L_D2/FST2L_FST1L_MWL_045deg.yml	2166
orcaflex_no_sim/01-FST's Only/LC_100y_Damaged/_r08/FST2L_FST1L_D2/FST2L_FST1L_MWL_060deg.yml	2166
orcaflex_no_sim/01-FST's Only/LC_100y_Damaged/_r08/FST2L_FST1L_D2/FST2L_FST1L_MWL_075deg.yml	2166
orcaflex_no_sim/01-FST's Only/LC_100y_Damaged/_r08/FST2L_FST1L_D2/FST2L_FST1L_MWL_090deg.yml	2166
orcaflex_no_sim/01-FST's Only/LC_100y_Damaged/_r08/FST2L_FST1L_D2/FST2L_FST1L_MWL_105deg.yml	2220
orcaflex_no_sim/01-FST's Only/LC_100y_Damaged/_r08/FST2L_FST1L_D2/FST2L_FST1L_MWL_120deg.yml	2220
orcaflex_no_sim/01-FST's Only/LC_100y_Damaged/_r08/FST2L_FST1L_D2/FST2L_FST1L_MWL_135deg.yml	2169
orcaflex_no_sim/01-FST's Only/LC_100y_Damaged/_r08/FST2L_FST1L_D2/FST2L_FST1L_MWL_150deg.yml	2169
orcaflex_no_sim/01-FST's Only/LC_100y_Damaged/_r08/FST2L_FST1L_D2/FST2L_FST1L_MWL_165deg.yml	2169
orcaflex_no_sim/01-FST's Only/LC_100y_Damaged/_r08/FST2L_FST1L_D2/FST2L_FST1L_MWL_180deg.yml	2169
orcaflex_no_sim/01-FST's Only/LC_100y_Damaged/_r08/FST2L_FST1L_D2/FST2L_FST1L_MWL_195deg.yml	2169
orcaflex_no_sim/01-FST's Only/LC_100y_Damaged/_r08/FST2L_FST1L_D2/FST2L_FST1L_MWL_210deg.yml	2169
orcaflex_no_sim/01-FST's Only/LC_100y_Damaged/_r08/FST2L_FST1L_D2/FST2L_FST1L_MWL_225deg.yml	2169
orcaflex_no_sim/01-FST's Only/LC_100y_Damaged/_r08/FST2L_FST1L_D2/FST2L_FST1L_MWL_240deg.yml	2169
orcaflex_no_sim/01-FST's Only/LC_100y_Damaged/_r08/FST2L_FST1L_D2/FST2L_FST1L_MWL_255deg.yml	2169
orcaflex_no_sim/01-FST's Only/LC_100y_Damaged/_r08/FST2L_FST1L_D2/FST2L_FST1L_MWL_270deg.yml	2169
orcaflex_no_sim/01-FST's Only/LC_100y_Damaged/_r08/FST2L_FST1L_D2/FST2L_FST1L_MWL_285deg.yml	2169
orcaflex_no_sim/01-FST's Only/LC_100y_Damaged/_r08/FST2L_FST1L_D2/FST2L_FST1L_MWL_300deg.yml	2220
orcaflex_no_sim/01-FST's Only/LC_100y_Damaged/_r08/FST2L_FST1L_D2/FST2L_FST1L_MWL_315deg.yml	2169
orcaflex_no_sim/01-FST's Only/LC_100y_Damaged/_r08/FST2L_FST1L_D2/FST2L_FST1L_MWL_330deg.yml	2169
orcaflex_no_sim/01-FST's Only/LC_100y_Damaged/_r08/FST2L_FST1L_D2/FST2L_FST1L_MWL_345deg.yml	2169
orcaflex_no_sim/01-FST's Only/LC_100y_Intact/r08/FST2F_FST1F/CL_FST2F_FST1F_HWL_015deg.yml	2133
orcaflex_no_sim/01-FST's Only/LC_100y_Intact/r08/FST2F_FST1F/CL_FST2F_FST1F_HWL_030deg.yml	2133
orcaflex_no_sim/01-FST's Only/LC_100y_Intact/r08/FST2F_FST1F/CL_FST2F_FST1F_HWL_045deg.yml	2132
orcaflex_no_sim/01-FST's Only/LC_100y_Intact/r08/FST2F_FST1F/CL_FST2F_FST1F_HWL_090deg.yml	2132
orcaflex_no_sim/01-FST's Only/LC_100y_Intact/r08/FST2F_FST1F/CL_FST2F_FST1F_HWL_180deg.yml	2135
orcaflex_no_sim/01-FST's Only/LC_100y_Intact/r08/FST2F_FST1F/CL_FST2F_FST1F_LWL_015deg.yml	2133
orcaflex_no_sim/01-FST's Only/LC_100y_Intact/r08/FST2F_FST1F/CL_FST2F_FST1F_LWL_030deg.yml	2133
orcaflex_no_sim/01-FST's Only/LC_100y_Intact/r08/FST2F_FST1F/CL_FST2F_FST1F_LWL_045deg.yml	2132
orcaflex_no_sim/01-FST's Only/LC_100y_Intact/r08/FST2F_FST1F/CL_FST2F_FST1F_LWL_090deg.yml	2132
orcaflex_no_sim/01-FST's Only/LC_100y_Intact/r08/FST2F_FST1F/CL_FST2F_FST1F_LWL_180deg.yml	2135
orcaflex_no_sim/01-FST's Only/LC_100y_Intact/r08/FST2F_FST1F/CL_FST2F_FST1F_MWL_015deg.yml	2133
orcaflex_no_sim/01-FST's Only/LC_100y_Intact/r08/FST2F_FST1F/CL_FST2F_FST1F_MWL_030deg.yml	2133
orcaflex_no_sim/01-FST's Only/LC_100y_Intact/r08/FST2F_FST1F/CL_FST2F_FST1F_MWL_045deg.yml	2132
orcaflex_no_sim/01-FST's Only/LC_100y_Intact/r08/FST2F_FST1F/CL_FST2F_FST1F_MWL_090deg.yml	2132
orcaflex_no_sim/01-FST's Only/LC_100y_Intact/r08/FST2F_FST1F/CL_FST2F_FST1F_MWL_180deg.yml	2135
orcaflex_no_sim/01-FST's Only/LC_100y_Intact/r08/FST2F_FST1F/FST2F_FST1F_HWL_000deg.yml	2128
orcaflex_no_sim/01-FST's Only/LC_100y_Intact/r08/FST2F_FST1F/FST2F_FST1F_HWL_015deg.yml	2133
orcaflex_no_sim/01-FST's Only/LC_100y_Intact/r08/FST2F_FST1F/FST2F_FST1F_HWL_030deg.yml	2133
orcaflex_no_sim/01-FST's Only/LC_100y_Intact/r08/FST2F_FST1F/FST2F_FST1F_HWL_045deg.yml	2132
orcaflex_no_sim/01-FST's Only/LC_100y_Intact/r08/FST2F_FST1F/FST2F_FST1F_HWL_060deg.yml	2132
orcaflex_no_sim/01-FST's Only/LC_100y_Intact/r08/FST2F_FST1F/FST2F_FST1F_HWL_075deg.yml	2132
orcaflex_no_sim/01-FST's Only/LC_100y_Intact/r08/FST2F_FST1F/FST2F_FST1F_HWL_090deg.yml	2132
orcaflex_no_sim/01-FST's Only/LC_100y_Intact/r08/FST2F_FST1F/FST2F_FST1F_HWL_105deg.yml	2135
orcaflex_no_sim/01-FST's Only/LC_100y_Intact/r08/FST2F_FST1F/FST2F_FST1F_HWL_120deg.yml	2135
orcaflex_no_sim/01-FST's Only/LC_100y_Intact/r08/FST2F_FST1F/FST2F_FST1F_HWL_135deg.yml	2135
orcaflex_no_sim/01-FST's Only/LC_100y_Intact/r08/FST2F_FST1F/FST2F_FST1F_HWL_150deg.yml	2135
orcaflex_no_sim/01-FST's Only/LC_100y_Intact/r08/FST2F_FST1F/FST2F_FST1F_HWL_165deg.yml	2256
orcaflex_no_sim/01-FST's Only/LC_100y_Intact/r08/FST2F_FST1F/FST2F_FST1F_HWL_180deg.yml	2135
orcaflex_no_sim/01-FST's Only/LC_100y_Intact/r08/FST2F_FST1F/FST2F_FST1F_HWL_195deg.yml	2135
orcaflex_no_sim/01-FST's Only/LC_100y_Intact/r08/FST2F_FST1F/FST2F_FST1F_HWL_210deg.yml	2135
orcaflex_no_sim/01-FST's Only/LC_100y_Intact/r08/FST2F_FST1F/FST2F_FST1F_HWL_225deg.yml	2135
orcaflex_no_sim/01-FST's Only/LC_100y_Intact/r08/FST2F_FST1F/FST2F_FST1F_HWL_240deg.yml	2135
orcaflex_no_sim/01-FST's Only/LC_100y_Intact/r08/FST2F_FST1F/FST2F_FST1F_HWL_255deg.yml	2135
orcaflex_no_sim/01-FST's Only/LC_100y_Intact/r08/FST2F_FST1F/FST2F_FST1F_HWL_270deg.yml	2318
orcaflex_no_sim/01-FST's Only/LC_100y_Intact/r08/FST2F_FST1F/FST2F_FST1F_HWL_285deg.yml	2135
orcaflex_no_sim/01-FST's Only/LC_100y_Intact/r08/FST2F_FST1F/FST2F_FST1F_HWL_300deg.yml	2135
orcaflex_no_sim/01-FST's Only/LC_100y_Intact/r08/FST2F_FST1F/FST2F_FST1F_HWL_315deg.yml	2135
orcaflex_no_sim/01-FST's Only/LC_100y_Intact/r08/FST2F_FST1F/FST2F_FST1F_HWL_330deg.yml	2318
orcaflex_no_sim/01-FST's Only/LC_100y_Intact/r08/FST2F_FST1F/FST2F_FST1F_HWL_345deg.yml	2135
orcaflex_no_sim/01-FST's Only/LC_100y_Intact/r08/FST2F_FST1F/FST2F_FST1F_LWL_000deg.yml	2128
orcaflex_no_sim/01-FST's Only/LC_100y_Intact/r08/FST2F_FST1F/FST2F_FST1F_LWL_015deg.yml	2133
orcaflex_no_sim/01-FST's Only/LC_100y_Intact/r08/FST2F_FST1F/FST2F_FST1F_LWL_030deg.yml	2133
orcaflex_no_sim/01-FST's Only/LC_100y_Intact/r08/FST2F_FST1F/FST2F_FST1F_LWL_045deg.yml	2132
orcaflex_no_sim/01-FST's Only/LC_100y_Intact/r08/FST2F_FST1F/FST2F_FST1F_LWL_060deg.yml	2132
orcaflex_no_sim/01-FST's Only/LC_100y_Intact/r08/FST2F_FST1F/FST2F_FST1F_LWL_075deg.yml	2132
orcaflex_no_sim/01-FST's Only/LC_100y_Intact/r08/FST2F_FST1F/FST2F_FST1F_LWL_090deg.yml	2132
orcaflex_no_sim/01-FST's Only/LC_100y_Intact/r08/FST2F_FST1F/FST2F_FST1F_LWL_105deg.yml	2135
orcaflex_no_sim/01-FST's Only/LC_100y_Intact/r08/FST2F_FST1F/FST2F_FST1F_LWL_120deg.yml	2135
orcaflex_no_sim/01-FST's Only/LC_100y_Intact/r08/FST2F_FST1F/FST2F_FST1F_LWL_135deg.yml	2135
orcaflex_no_sim/01-FST's Only/LC_100y_Intact/r08/FST2F_FST1F/FST2F_FST1F_LWL_150deg.yml	2135
orcaflex_no_sim/01-FST's Only/LC_100y_Intact/r08/FST2F_FST1F/FST2F_FST1F_LWL_165deg.yml	2135
orcaflex_no_sim/01-FST's Only/LC_100y_Intact/r08/FST2F_FST1F/FST2F_FST1F_LWL_180deg.yml	2135
orcaflex_no_sim/01-FST's Only/LC_100y_Intact/r08/FST2F_FST1F/FST2F_FST1F_LWL_195deg.yml	2135
orcaflex_no_sim/01-FST's Only/LC_100y_Intact/r08/FST2F_FST1F/FST2F_FST1F_LWL_210deg.yml	2135
orcaflex_no_sim/01-FST's Only/LC_100y_Intact/r08/FST2F_FST1F/FST2F_FST1F_LWL_225deg.yml	2135
orcaflex_no_sim/01-FST's Only/LC_100y_Intact/r08/FST2F_FST1F/FST2F_FST1F_LWL_240deg.yml	2135
orcaflex_no_sim/01-FST's Only/LC_100y_Intact/r08/FST2F_FST1F/FST2F_FST1F_LWL_255deg.yml	2135
orcaflex_no_sim/01-FST's Only/LC_100y_Intact/r08/FST2F_FST1F/FST2F_FST1F_LWL_270deg.yml	2135
orcaflex_no_sim/01-FST's Only/LC_100y_Intact/r08/FST2F_FST1F/FST2F_FST1F_LWL_285deg.yml	2135
orcaflex_no_sim/01-FST's Only/LC_100y_Intact/r08/FST2F_FST1F/FST2F_FST1F_LWL_300deg.yml	2135
orcaflex_no_sim/01-FST's Only/LC_100y_Intact/r08/FST2F_FST1F/FST2F_FST1F_LWL_315deg.yml	2135
orcaflex_no_sim/01-FST's Only/LC_100y_Intact/r08/FST2F_FST1F/FST2F_FST1F_LWL_330deg.yml	2135
orcaflex_no_sim/01-FST's Only/LC_100y_Intact/r08/FST2F_FST1F/FST2F_FST1F_LWL_345deg.yml	2135
orcaflex_no_sim/01-FST's Only/LC_100y_Intact/r08/FST2F_FST1F/FST2F_FST1F_MWL_000deg.yml	2128
orcaflex_no_sim/01-FST's Only/LC_100y_Intact/r08/FST2F_FST1F/FST2F_FST1F_MWL_015deg.yml	2133
orcaflex_no_sim/01-FST's Only/LC_100y_Intact/r08/FST2F_FST1F/FST2F_FST1F_MWL_030deg.yml	2133
orcaflex_no_sim/01-FST's Only/LC_100y_Intact/r08/FST2F_FST1F/FST2F_FST1F_MWL_045deg.yml	2132
orcaflex_no_sim/01-FST's Only/LC_100y_Intact/r08/FST2F_FST1F/FST2F_FST1F_MWL_060deg.yml	2132
orcaflex_no_sim/01-FST's Only/LC_100y_Intact/r08/FST2F_FST1F/FST2F_FST1F_MWL_075deg.yml	2132
orcaflex_no_sim/01-FST's Only/LC_100y_Intact/r08/FST2F_FST1F/FST2F_FST1F_MWL_090deg.yml	2132
orcaflex_no_sim/01-FST's Only/LC_100y_Intact/r08/FST2F_FST1F/FST2F_FST1F_MWL_105deg.yml	2135
orcaflex_no_sim/01-FST's Only/LC_100y_Intact/r08/FST2F_FST1F/FST2F_FST1F_MWL_120deg.yml	2135
orcaflex_no_sim/01-FST's Only/LC_100y_Intact/r08/FST2F_FST1F/FST2F_FST1F_MWL_135deg.yml	2135
orcaflex_no_sim/01-FST's Only/LC_100y_Intact/r08/FST2F_FST1F/FST2F_FST1F_MWL_150deg.yml	2135
orcaflex_no_sim/01-FST's Only/LC_100y_Intact/r08/FST2F_FST1F/FST2F_FST1F_MWL_165deg.yml	2135
orcaflex_no_sim/01-FST's Only/LC_100y_Intact/r08/FST2F_FST1F/FST2F_FST1F_MWL_180deg.yml	2135
orcaflex_no_sim/01-FST's Only/LC_100y_Intact/r08/FST2F_FST1F/FST2F_FST1F_MWL_195deg.yml	2135
orcaflex_no_sim/01-FST's Only/LC_100y_Intact/r08/FST2F_FST1F/FST2F_FST1F_MWL_210deg.yml	2135
orcaflex_no_sim/01-FST's Only/LC_100y_Intact/r08/FST2F_FST1F/FST2F_FST1F_MWL_225deg.yml	2135
orcaflex_no_sim/01-FST's Only/LC_100y_Intact/r08/FST2F_FST1F/FST2F_FST1F_MWL_240deg.yml	2135
orcaflex_no_sim/01-FST's Only/LC_100y_Intact/r08/FST2F_FST1F/FST2F_FST1F_MWL_255deg.yml	2135
orcaflex_no_sim/01-FST's Only/LC_100y_Intact/r08/FST2F_FST1F/FST2F_FST1F_MWL_270deg.yml	2135
orcaflex_no_sim/01-FST's Only/LC_100y_Intact/r08/FST2F_FST1F/FST2F_FST1F_MWL_285deg.yml	2135
orcaflex_no_sim/01-FST's Only/LC_100y_Intact/r08/FST2F_FST1F/FST2F_FST1F_MWL_300deg.yml	2135
orcaflex_no_sim/01-FST's Only/LC_100y_Intact/r08/FST2F_FST1F/FST2F_FST1F_MWL_315deg.yml	2135
orcaflex_no_sim/01-FST's Only/LC_100y_Intact/r08/FST2F_FST1F/FST2F_FST1F_MWL_330deg.yml	2135
orcaflex_no_sim/01-FST's Only/LC_100y_Intact/r08/FST2F_FST1F/FST2F_FST1F_MWL_345deg.yml	2135
orcaflex_no_sim/01-FST's Only/LC_100y_Intact/r08/FST2F_FST1F/Summary_FST_Mooring_FST2F_FST1F_100y_Intact_07182023.pptx	1241148
orcaflex_no_sim/01-FST's Only/LC_100y_Intact/r08/FST2F_FST1F/Summary_FST_Mooring_FST2F_FST1F_100y_Intact_08082023.pptx	1240003
orcaflex_no_sim/01-FST's Only/LC_100y_Intact/r08/FST2L_FST1L/CL_FST2L_FST1L_HWL_015deg.yml	2135
orcaflex_no_sim/01-FST's Only/LC_100y_Intact/r08/FST2L_FST1L/CL_FST2L_FST1L_HWL_030deg.yml	2135
orcaflex_no_sim/01-FST's Only/LC_100y_Intact/r08/FST2L_FST1L/CL_FST2L_FST1L_HWL_045deg.yml	2134
orcaflex_no_sim/01-FST's Only/LC_100y_Intact/r08/FST2L_FST1L/CL_FST2L_FST1L_HWL_090deg.yml	2134
orcaflex_no_sim/01-FST's Only/LC_100y_Intact/r08/FST2L_FST1L/CL_FST2L_FST1L_HWL_180deg.yml	2137
orcaflex_no_sim/01-FST's Only/LC_100y_Intact/r08/FST2L_FST1L/CL_FST2L_FST1L_LWL_015deg.yml	2135
orcaflex_no_sim/01-FST's Only/LC_100y_Intact/r08/FST2L_FST1L/CL_FST2L_FST1L_LWL_030deg.yml	2135
orcaflex_no_sim/01-FST's Only/LC_100y_Intact/r08/FST2L_FST1L/CL_FST2L_FST1L_LWL_045deg.yml	2134
orcaflex_no_sim/01-FST's Only/LC_100y_Intact/r08/FST2L_FST1L/CL_FST2L_FST1L_LWL_090deg.yml	2134
orcaflex_no_sim/01-FST's Only/LC_100y_Intact/r08/FST2L_FST1L/CL_FST2L_FST1L_LWL_180deg.yml	2137
orcaflex_no_sim/01-FST's Only/LC_100y_Intact/r08/FST2L_FST1L/CL_FST2L_FST1L_MWL_015deg.yml	2135
orcaflex_no_sim/01-FST's Only/LC_100y_Intact/r08/FST2L_FST1L/CL_FST2L_FST1L_MWL_030deg.yml	2135
orcaflex_no_sim/01-FST's Only/LC_100y_Intact/r08/FST2L_FST1L/CL_FST2L_FST1L_MWL_045deg.yml	2134
orcaflex_no_sim/01-FST's Only/LC_100y_Intact/r08/FST2L_FST1L/CL_FST2L_FST1L_MWL_090deg.yml	2134
orcaflex_no_sim/01-FST's Only/LC_100y_Intact/r08/FST2L_FST1L/CL_FST2L_FST1L_MWL_180deg.yml	2137
orcaflex_no_sim/01-FST's Only/LC_100y_Intact/r08/FST2L_FST1L/FST2L_FST1L_HWL_000deg.yml	2130
orcaflex_no_sim/01-FST's Only/LC_100y_Intact/r08/FST2L_FST1L/FST2L_FST1L_HWL_015deg.yml	2135
orcaflex_no_sim/01-FST's Only/LC_100y_Intact/r08/FST2L_FST1L/FST2L_FST1L_HWL_030deg.yml	2135
orcaflex_no_sim/01-FST's Only/LC_100y_Intact/r08/FST2L_FST1L/FST2L_FST1L_HWL_045deg.yml	2134
orcaflex_no_sim/01-FST's Only/LC_100y_Intact/r08/FST2L_FST1L/FST2L_FST1L_HWL_060deg.yml	2134
orcaflex_no_sim/01-FST's Only/LC_100y_Intact/r08/FST2L_FST1L/FST2L_FST1L_HWL_075deg.yml	2134
orcaflex_no_sim/01-FST's Only/LC_100y_Intact/r08/FST2L_FST1L/FST2L_FST1L_HWL_090deg.yml	2134
orcaflex_no_sim/01-FST's Only/LC_100y_Intact/r08/FST2L_FST1L/FST2L_FST1L_HWL_105deg.yml	2137
orcaflex_no_sim/01-FST's Only/LC_100y_Intact/r08/FST2L_FST1L/FST2L_FST1L_HWL_120deg.yml	2137
orcaflex_no_sim/01-FST's Only/LC_100y_Intact/r08/FST2L_FST1L/FST2L_FST1L_HWL_135deg.yml	2137
orcaflex_no_sim/01-FST's Only/LC_100y_Intact/r08/FST2L_FST1L/FST2L_FST1L_HWL_150deg.yml	2137
orcaflex_no_sim/01-FST's Only/LC_100y_Intact/r08/FST2L_FST1L/FST2L_FST1L_HWL_165deg.yml	2137
orcaflex_no_sim/01-FST's Only/LC_100y_Intact/r08/FST2L_FST1L/FST2L_FST1L_HWL_180deg.yml	2137
orcaflex_no_sim/01-FST's Only/LC_100y_Intact/r08/FST2L_FST1L/FST2L_FST1L_HWL_195deg.yml	2137
orcaflex_no_sim/01-FST's Only/LC_100y_Intact/r08/FST2L_FST1L/FST2L_FST1L_HWL_210deg.yml	2137
orcaflex_no_sim/01-FST's Only/LC_100y_Intact/r08/FST2L_FST1L/FST2L_FST1L_HWL_225deg.yml	2137
orcaflex_no_sim/01-FST's Only/LC_100y_Intact/r08/FST2L_FST1L/FST2L_FST1L_HWL_240deg.yml	2137
orcaflex_no_sim/01-FST's Only/LC_100y_Intact/r08/FST2L_FST1L/FST2L_FST1L_HWL_255deg.yml	2137
orcaflex_no_sim/01-FST's Only/LC_100y_Intact/r08/FST2L_FST1L/FST2L_FST1L_HWL_270deg.yml	2137
orcaflex_no_sim/01-FST's Only/LC_100y_Intact/r08/FST2L_FST1L/FST2L_FST1L_HWL_285deg.yml	2137
orcaflex_no_sim/01-FST's Only/LC_100y_Intact/r08/FST2L_FST1L/FST2L_FST1L_HWL_300deg.yml	2137
orcaflex_no_sim/01-FST's Only/LC_100y_Intact/r08/FST2L_FST1L/FST2L_FST1L_HWL_315deg.yml	2137
orcaflex_no_sim/01-FST's Only/LC_100y_Intact/r08/FST2L_FST1L/FST2L_FST1L_HWL_330deg.yml	2137
orcaflex_no_sim/01-FST's Only/LC_100y_Intact/r08/FST2L_FST1L/FST2L_FST1L_HWL_345deg.yml	2137
orcaflex_no_sim/01-FST's Only/LC_100y_Intact/r08/FST2L_FST1L/FST2L_FST1L_LWL_000deg.yml	2130
orcaflex_no_sim/01-FST's Only/LC_100y_Intact/r08/FST2L_FST1L/FST2L_FST1L_LWL_015deg.yml	2135
orcaflex_no_sim/01-FST's Only/LC_100y_Intact/r08/FST2L_FST1L/FST2L_FST1L_LWL_030deg.yml	2135
orcaflex_no_sim/01-FST's Only/LC_100y_Intact/r08/FST2L_FST1L/FST2L_FST1L_LWL_045deg.yml	2134
orcaflex_no_sim/01-FST's Only/LC_100y_Intact/r08/FST2L_FST1L/FST2L_FST1L_LWL_060deg.yml	2134
orcaflex_no_sim/01-FST's Only/LC_100y_Intact/r08/FST2L_FST1L/FST2L_FST1L_LWL_075deg.yml	2134
orcaflex_no_sim/01-FST's Only/LC_100y_Intact/r08/FST2L_FST1L/FST2L_FST1L_LWL_090deg.yml	2134
orcaflex_no_sim/01-FST's Only/LC_100y_Intact/r08/FST2L_FST1L/FST2L_FST1L_LWL_105deg.yml	2137
orcaflex_no_sim/01-FST's Only/LC_100y_Intact/r08/FST2L_FST1L/FST2L_FST1L_LWL_120deg.yml	2137
orcaflex_no_sim/01-FST's Only/LC_100y_Intact/r08/FST2L_FST1L/FST2L_FST1L_LWL_135deg.yml	2137
orcaflex_no_sim/01-FST's Only/LC_100y_Intact/r08/FST2L_FST1L/FST2L_FST1L_LWL_150deg.yml	2137
orcaflex_no_sim/01-FST's Only/LC_100y_Intact/r08/FST2L_FST1L/FST2L_FST1L_LWL_165deg.yml	2137
orcaflex_no_sim/01-FST's Only/LC_100y_Intact/r08/FST2L_FST1L/FST2L_FST1L_LWL_180deg.yml	2137
orcaflex_no_sim/01-FST's Only/LC_100y_Intact/r08/FST2L_FST1L/FST2L_FST1L_LWL_195deg.yml	2137
orcaflex_no_sim/01-FST's Only/LC_100y_Intact/r08/FST2L_FST1L/FST2L_FST1L_LWL_210deg.yml	2137
orcaflex_no_sim/01-FST's Only/LC_100y_Intact/r08/FST2L_FST1L/FST2L_FST1L_LWL_225deg.yml	2137
orcaflex_no_sim/01-FST's Only/LC_100y_Intact/r08/FST2L_FST1L/FST2L_FST1L_LWL_240deg.yml	2137
orcaflex_no_sim/01-FST's Only/LC_100y_Intact/r08/FST2L_FST1L/FST2L_FST1L_LWL_255deg.yml	2137
orcaflex_no_sim/01-FST's Only/LC_100y_Intact/r08/FST2L_FST1L/FST2L_FST1L_LWL_270deg.yml	2137
orcaflex_no_sim/01-FST's Only/LC_100y_Intact/r08/FST2L_FST1L/FST2L_FST1L_LWL_285deg.yml	2137
orcaflex_no_sim/01-FST's Only/LC_100y_Intact/r08/FST2L_FST1L/FST2L_FST1L_LWL_300deg.yml	2137
orcaflex_no_sim/01-FST's Only/LC_100y_Intact/r08/FST2L_FST1L/FST2L_FST1L_LWL_315deg.yml	2137
orcaflex_no_sim/01-FST's Only/LC_100y_Intact/r08/FST2L_FST1L/FST2L_FST1L_LWL_330deg.yml	2137
orcaflex_no_sim/01-FST's Only/LC_100y_Intact/r08/FST2L_FST1L/FST2L_FST1L_LWL_345deg.yml	2137
orcaflex_no_sim/01-FST's Only/LC_100y_Intact/r08/FST2L_FST1L/FST2L_FST1L_MWL_000deg.yml	2130
orcaflex_no_sim/01-FST's Only/LC_100y_Intact/r08/FST2L_FST1L/FST2L_FST1L_MWL_015deg.yml	2135
orcaflex_no_sim/01-FST's Only/LC_100y_Intact/r08/FST2L_FST1L/FST2L_FST1L_MWL_030deg.yml	2135
orcaflex_no_sim/01-FST's Only/LC_100y_Intact/r08/FST2L_FST1L/FST2L_FST1L_MWL_045deg.yml	2134
orcaflex_no_sim/01-FST's Only/LC_100y_Intact/r08/FST2L_FST1L/FST2L_FST1L_MWL_060deg.yml	2134
orcaflex_no_sim/01-FST's Only/LC_100y_Intact/r08/FST2L_FST1L/FST2L_FST1L_MWL_075deg.yml	2134
orcaflex_no_sim/01-FST's Only/LC_100y_Intact/r08/FST2L_FST1L/FST2L_FST1L_MWL_090deg.yml	2134
orcaflex_no_sim/01-FST's Only/LC_100y_Intact/r08/FST2L_FST1L/FST2L_FST1L_MWL_105deg.yml	2137
orcaflex_no_sim/01-FST's Only/LC_100y_Intact/r08/FST2L_FST1L/FST2L_FST1L_MWL_120deg.yml	2137
orcaflex_no_sim/01-FST's Only/LC_100y_Intact/r08/FST2L_FST1L/FST2L_FST1L_MWL_135deg.yml	2137
orcaflex_no_sim/01-FST's Only/LC_100y_Intact/r08/FST2L_FST1L/FST2L_FST1L_MWL_150deg.yml	2137
orcaflex_no_sim/01-FST's Only/LC_100y_Intact/r08/FST2L_FST1L/FST2L_FST1L_MWL_165deg.yml	2137
orcaflex_no_sim/01-FST's Only/LC_100y_Intact/r08/FST2L_FST1L/FST2L_FST1L_MWL_180deg.yml	2137
orcaflex_no_sim/01-FST's Only/LC_100y_Intact/r08/FST2L_FST1L/FST2L_FST1L_MWL_195deg.yml	2137
orcaflex_no_sim/01-FST's Only/LC_100y_Intact/r08/FST2L_FST1L/FST2L_FST1L_MWL_210deg.yml	2137
orcaflex_no_sim/01-FST's Only/LC_100y_Intact/r08/FST2L_FST1L/FST2L_FST1L_MWL_225deg.yml	2137
orcaflex_no_sim/01-FST's Only/LC_100y_Intact/r08/FST2L_FST1L/FST2L_FST1L_MWL_240deg.yml	2137
orcaflex_no_sim/01-FST's Only/LC_100y_Intact/r08/FST2L_FST1L/FST2L_FST1L_MWL_255deg.yml	2137
orcaflex_no_sim/01-FST's Only/LC_100y_Intact/r08/FST2L_FST1L/FST2L_FST1L_MWL_270deg.yml	2137
orcaflex_no_sim/01-FST's Only/LC_100y_Intact/r08/FST2L_FST1L/FST2L_FST1L_MWL_285deg.yml	2137
orcaflex_no_sim/01-FST's Only/LC_100y_Intact/r08/FST2L_FST1L/FST2L_FST1L_MWL_300deg.yml	2137
orcaflex_no_sim/01-FST's Only/LC_100y_Intact/r08/FST2L_FST1L/FST2L_FST1L_MWL_315deg.yml	2137
orcaflex_no_sim/01-FST's Only/LC_100y_Intact/r08/FST2L_FST1L/FST2L_FST1L_MWL_330deg.yml	2137
orcaflex_no_sim/01-FST's Only/LC_100y_Intact/r08/FST2L_FST1L/FST2L_FST1L_MWL_345deg.yml	2137
orcaflex_no_sim/01-FST's Only/LC_100y_Intact/r08/FST2L_FST1L/Summary_FST_Mooring_FST2L_FST1L_100y_Intact_07202023.pptx	1240038
orcaflex_no_sim/01-FST's Only/LC_100y_Intact/r08/FST2L_FST1L/Summary_FST_Mooring_FST2L_FST1L_100y_Intact_08082023.pptx	1240052
orcaflex_no_sim/02-FST's_LNGC/00-Bases/FST2F_FST1F_LNGCEB_universal_r04_HWL.dat	43042650
orcaflex_no_sim/02-FST's_LNGC/00-Bases/FST2F_FST1F_LNGCEB_universal_r04_LWL.dat	43042629
orcaflex_no_sim/02-FST's_LNGC/00-Bases/FST2F_FST1F_LNGCEB_universal_r04_MWL.dat	43042578
orcaflex_no_sim/02-FST's_LNGC/00-Bases/FST2F_FST1F_LNGCPB_universal_r04_HWL.dat	43607115
orcaflex_no_sim/02-FST's_LNGC/00-Bases/FST2F_FST1F_LNGCPB_universal_r04_LWL.dat	43607135
orcaflex_no_sim/02-FST's_LNGC/00-Bases/FST2F_FST1F_LNGCPB_universal_r04_MWL.dat	43607102
orcaflex_no_sim/02-FST's_LNGC/00-Bases/FST2L_FST1L_LNGCEF_universal_r04_HWL.dat	46632736
orcaflex_no_sim/02-FST's_LNGC/00-Bases/FST2L_FST1L_LNGCEF_universal_r04_LWL.dat	46632613
orcaflex_no_sim/02-FST's_LNGC/00-Bases/FST2L_FST1L_LNGCEF_universal_r04_MWL.dat	46632746
orcaflex_no_sim/02-FST's_LNGC/00-Bases/FST2L_FST1L_LNGCPF_universal_r04_HWL.dat	40200549
orcaflex_no_sim/02-FST's_LNGC/00-Bases/FST2L_FST1L_LNGCPF_universal_r04_LWL.dat	40200468
orcaflex_no_sim/02-FST's_LNGC/00-Bases/FST2L_FST1L_LNGCPF_universal_r04_MWL.dat	40200544
orcaflex_no_sim/02-FST's_LNGC/00-Bases/Template_FST2F_FST1F_LNGCEB.yml	2307
orcaflex_no_sim/02-FST's_LNGC/00-Bases/Template_FST2F_FST1F_LNGCPB.yml	2305
orcaflex_no_sim/02-FST's_LNGC/00-Bases/Template_FST2L_FST1L_LNGCEF.yml	2307
orcaflex_no_sim/02-FST's_LNGC/00-Bases/Template_FST2L_FST1L_LNGCPF.yml	2305
orcaflex_no_sim/02-FST's_LNGC/00-Bases/r03/FST2F_FST1F_LNGCEB_universal_r03_HWL.dat	43031461
orcaflex_no_sim/02-FST's_LNGC/00-Bases/r03/FST2F_FST1F_LNGCEB_universal_r03_LWL.dat	43031480
orcaflex_no_sim/02-FST's_LNGC/00-Bases/r03/FST2F_FST1F_LNGCEB_universal_r03_MWL.dat	43031608
orcaflex_no_sim/02-FST's_LNGC/00-Bases/r03/FST2F_FST1F_LNGCPB_universal_r03_HWL.dat	43597148
orcaflex_no_sim/02-FST's_LNGC/00-Bases/r03/FST2F_FST1F_LNGCPB_universal_r03_LWL.dat	43617164
orcaflex_no_sim/02-FST's_LNGC/00-Bases/r03/FST2F_FST1F_LNGCPB_universal_r03_MWL.dat	43597294
orcaflex_no_sim/02-FST's_LNGC/00-Bases/r03/FST2L_FST1L_LNGCEF_universal_r03_HWL.dat	46641885
orcaflex_no_sim/02-FST's_LNGC/00-Bases/r03/FST2L_FST1L_LNGCEF_universal_r03_LWL.dat	46622033
orcaflex_no_sim/02-FST's_LNGC/00-Bases/r03/FST2L_FST1L_LNGCEF_universal_r03_MWL.dat	46622177
orcaflex_no_sim/02-FST's_LNGC/00-Bases/r03/FST2L_FST1L_LNGCPF_universal_r03_HWL.dat	40190673
orcaflex_no_sim/02-FST's_LNGC/00-Bases/r03/FST2L_FST1L_LNGCPF_universal_r03_LWL.dat	40190574
orcaflex_no_sim/02-FST's_LNGC/00-Bases/r03/FST2L_FST1L_LNGCPF_universal_r03_MWL.dat	40190642
orcaflex_no_sim/02-FST's_LNGC/LC_5y_Intact/FST2F_FST1F_LNGCPB/FST2F_FST1F_LNGCPB_HWL_090deg.yml	2546
orcaflex_no_sim/02-FST's_LNGC/_ss/LC_5y_Intact_r03/FST2F_FST1F_LNGCEB/CL_FST2F_FST1F_LNGCEB_HWL_015deg.yml	2193
orcaflex_no_sim/02-FST's_LNGC/_ss/LC_5y_Intact_r03/FST2F_FST1F_LNGCEB/CL_FST2F_FST1F_LNGCEB_HWL_030deg.yml	2193
orcaflex_no_sim/02-FST's_LNGC/_ss/LC_5y_Intact_r03/FST2F_FST1F_LNGCEB/CL_FST2F_FST1F_LNGCEB_HWL_045deg.yml	2192
orcaflex_no_sim/02-FST's_LNGC/_ss/LC_5y_Intact_r03/FST2F_FST1F_LNGCEB/CL_FST2F_FST1F_LNGCEB_HWL_090deg.yml	2192
orcaflex_no_sim/02-FST's_LNGC/_ss/LC_5y_Intact_r03/FST2F_FST1F_LNGCEB/CL_FST2F_FST1F_LNGCEB_HWL_180deg.yml	2259
orcaflex_no_sim/02-FST's_LNGC/_ss/LC_5y_Intact_r03/FST2F_FST1F_LNGCEB/CL_FST2F_FST1F_LNGCEB_LWL_015deg.yml	2193
orcaflex_no_sim/02-FST's_LNGC/_ss/LC_5y_Intact_r03/FST2F_FST1F_LNGCEB/CL_FST2F_FST1F_LNGCEB_LWL_030deg.yml	2193
orcaflex_no_sim/02-FST's_LNGC/_ss/LC_5y_Intact_r03/FST2F_FST1F_LNGCEB/CL_FST2F_FST1F_LNGCEB_LWL_045deg.yml	2192
orcaflex_no_sim/02-FST's_LNGC/_ss/LC_5y_Intact_r03/FST2F_FST1F_LNGCEB/CL_FST2F_FST1F_LNGCEB_LWL_090deg.yml	2192
orcaflex_no_sim/02-FST's_LNGC/_ss/LC_5y_Intact_r03/FST2F_FST1F_LNGCEB/CL_FST2F_FST1F_LNGCEB_LWL_180deg.yml	2195
orcaflex_no_sim/02-FST's_LNGC/_ss/LC_5y_Intact_r03/FST2F_FST1F_LNGCEB/CL_FST2F_FST1F_LNGCEB_MWL_015deg.yml	2193
orcaflex_no_sim/02-FST's_LNGC/_ss/LC_5y_Intact_r03/FST2F_FST1F_LNGCEB/CL_FST2F_FST1F_LNGCEB_MWL_030deg.yml	2193
orcaflex_no_sim/02-FST's_LNGC/_ss/LC_5y_Intact_r03/FST2F_FST1F_LNGCEB/CL_FST2F_FST1F_LNGCEB_MWL_045deg.yml	2192
orcaflex_no_sim/02-FST's_LNGC/_ss/LC_5y_Intact_r03/FST2F_FST1F_LNGCEB/CL_FST2F_FST1F_LNGCEB_MWL_090deg.yml	2192
orcaflex_no_sim/02-FST's_LNGC/_ss/LC_5y_Intact_r03/FST2F_FST1F_LNGCEB/CL_FST2F_FST1F_LNGCEB_MWL_180deg.yml	2195
orcaflex_no_sim/02-FST's_LNGC/_ss/LC_5y_Intact_r03/FST2F_FST1F_LNGCEB/FST2F_FST1F_LNGCEB_HWL_000deg.yml	2189
orcaflex_no_sim/02-FST's_LNGC/_ss/LC_5y_Intact_r03/FST2F_FST1F_LNGCEB/FST2F_FST1F_LNGCEB_HWL_015deg.yml	2193
orcaflex_no_sim/02-FST's_LNGC/_ss/LC_5y_Intact_r03/FST2F_FST1F_LNGCEB/FST2F_FST1F_LNGCEB_HWL_030deg.yml	2193
orcaflex_no_sim/02-FST's_LNGC/_ss/LC_5y_Intact_r03/FST2F_FST1F_LNGCEB/FST2F_FST1F_LNGCEB_HWL_045deg.yml	2192
orcaflex_no_sim/02-FST's_LNGC/_ss/LC_5y_Intact_r03/FST2F_FST1F_LNGCEB/FST2F_FST1F_LNGCEB_HWL_060deg.yml	2192
orcaflex_no_sim/02-FST's_LNGC/_ss/LC_5y_Intact_r03/FST2F_FST1F_LNGCEB/FST2F_FST1F_LNGCEB_HWL_075deg.yml	2192
orcaflex_no_sim/02-FST's_LNGC/_ss/LC_5y_Intact_r03/FST2F_FST1F_LNGCEB/FST2F_FST1F_LNGCEB_HWL_090deg.yml	2192
orcaflex_no_sim/02-FST's_LNGC/_ss/LC_5y_Intact_r03/FST2F_FST1F_LNGCEB/FST2F_FST1F_LNGCEB_HWL_105deg.yml	2195
orcaflex_no_sim/02-FST's_LNGC/_ss/LC_5y_Intact_r03/FST2F_FST1F_LNGCEB/FST2F_FST1F_LNGCEB_HWL_120deg.yml	2195
orcaflex_no_sim/02-FST's_LNGC/_ss/LC_5y_Intact_r03/FST2F_FST1F_LNGCEB/FST2F_FST1F_LNGCEB_HWL_135deg.yml	2195
orcaflex_no_sim/02-FST's_LNGC/_ss/LC_5y_Intact_r03/FST2F_FST1F_LNGCEB/FST2F_FST1F_LNGCEB_HWL_150deg.yml	2195
orcaflex_no_sim/02-FST's_LNGC/_ss/LC_5y_Intact_r03/FST2F_FST1F_LNGCEB/FST2F_FST1F_LNGCEB_HWL_165deg.yml	2195
orcaflex_no_sim/02-FST's_LNGC/_ss/LC_5y_Intact_r03/FST2F_FST1F_LNGCEB/FST2F_FST1F_LNGCEB_HWL_180deg.yml	2259
orcaflex_no_sim/02-FST's_LNGC/_ss/LC_5y_Intact_r03/FST2F_FST1F_LNGCEB/FST2F_FST1F_LNGCEB_HWL_195deg.yml	2195
orcaflex_no_sim/02-FST's_LNGC/_ss/LC_5y_Intact_r03/FST2F_FST1F_LNGCEB/FST2F_FST1F_LNGCEB_HWL_210deg.yml	2195
orcaflex_no_sim/02-FST's_LNGC/_ss/LC_5y_Intact_r03/FST2F_FST1F_LNGCEB/FST2F_FST1F_LNGCEB_HWL_225deg.yml	2195
orcaflex_no_sim/02-FST's_LNGC/_ss/LC_5y_Intact_r03/FST2F_FST1F_LNGCEB/FST2F_FST1F_LNGCEB_HWL_240deg.yml	2195
orcaflex_no_sim/02-FST's_LNGC/_ss/LC_5y_Intact_r03/FST2F_FST1F_LNGCEB/FST2F_FST1F_LNGCEB_HWL_255deg.yml	2195
orcaflex_no_sim/02-FST's_LNGC/_ss/LC_5y_Intact_r03/FST2F_FST1F_LNGCEB/FST2F_FST1F_LNGCEB_HWL_270deg.yml	2195
orcaflex_no_sim/02-FST's_LNGC/_ss/LC_5y_Intact_r03/FST2F_FST1F_LNGCEB/FST2F_FST1F_LNGCEB_HWL_285deg.yml	2195
orcaflex_no_sim/02-FST's_LNGC/_ss/LC_5y_Intact_r03/FST2F_FST1F_LNGCEB/FST2F_FST1F_LNGCEB_HWL_300deg.yml	2195
orcaflex_no_sim/02-FST's_LNGC/_ss/LC_5y_Intact_r03/FST2F_FST1F_LNGCEB/FST2F_FST1F_LNGCEB_HWL_315deg.yml	2195
orcaflex_no_sim/02-FST's_LNGC/_ss/LC_5y_Intact_r03/FST2F_FST1F_LNGCEB/FST2F_FST1F_LNGCEB_HWL_330deg.yml	2259
orcaflex_no_sim/02-FST's_LNGC/_ss/LC_5y_Intact_r03/FST2F_FST1F_LNGCEB/FST2F_FST1F_LNGCEB_HWL_345deg.yml	2195
orcaflex_no_sim/02-FST's_LNGC/_ss/LC_5y_Intact_r03/FST2F_FST1F_LNGCEB/FST2F_FST1F_LNGCEB_LWL_000deg.yml	2189
orcaflex_no_sim/02-FST's_LNGC/_ss/LC_5y_Intact_r03/FST2F_FST1F_LNGCEB/FST2F_FST1F_LNGCEB_LWL_015deg.yml	2193
orcaflex_no_sim/02-FST's_LNGC/_ss/LC_5y_Intact_r03/FST2F_FST1F_LNGCEB/FST2F_FST1F_LNGCEB_LWL_030deg.yml	2193
orcaflex_no_sim/02-FST's_LNGC/_ss/LC_5y_Intact_r03/FST2F_FST1F_LNGCEB/FST2F_FST1F_LNGCEB_LWL_045deg.yml	2192
orcaflex_no_sim/02-FST's_LNGC/_ss/LC_5y_Intact_r03/FST2F_FST1F_LNGCEB/FST2F_FST1F_LNGCEB_LWL_060deg.yml	2192
orcaflex_no_sim/02-FST's_LNGC/_ss/LC_5y_Intact_r03/FST2F_FST1F_LNGCEB/FST2F_FST1F_LNGCEB_LWL_075deg.yml	2192
orcaflex_no_sim/02-FST's_LNGC/_ss/LC_5y_Intact_r03/FST2F_FST1F_LNGCEB/FST2F_FST1F_LNGCEB_LWL_090deg.yml	2192
orcaflex_no_sim/02-FST's_LNGC/_ss/LC_5y_Intact_r03/FST2F_FST1F_LNGCEB/FST2F_FST1F_LNGCEB_LWL_105deg.yml	2195
orcaflex_no_sim/02-FST's_LNGC/_ss/LC_5y_Intact_r03/FST2F_FST1F_LNGCEB/FST2F_FST1F_LNGCEB_LWL_120deg.yml	2195
orcaflex_no_sim/02-FST's_LNGC/_ss/LC_5y_Intact_r03/FST2F_FST1F_LNGCEB/FST2F_FST1F_LNGCEB_LWL_135deg.yml	2195
orcaflex_no_sim/02-FST's_LNGC/_ss/LC_5y_Intact_r03/FST2F_FST1F_LNGCEB/FST2F_FST1F_LNGCEB_LWL_150deg.yml	2195
orcaflex_no_sim/02-FST's_LNGC/_ss/LC_5y_Intact_r03/FST2F_FST1F_LNGCEB/FST2F_FST1F_LNGCEB_LWL_165deg.yml	2195
orcaflex_no_sim/02-FST's_LNGC/_ss/LC_5y_Intact_r03/FST2F_FST1F_LNGCEB/FST2F_FST1F_LNGCEB_LWL_180deg.yml	2195
orcaflex_no_sim/02-FST's_LNGC/_ss/LC_5y_Intact_r03/FST2F_FST1F_LNGCEB/FST2F_FST1F_LNGCEB_LWL_195deg.yml	2195
orcaflex_no_sim/02-FST's_LNGC/_ss/LC_5y_Intact_r03/FST2F_FST1F_LNGCEB/FST2F_FST1F_LNGCEB_LWL_210deg.yml	2195
orcaflex_no_sim/02-FST's_LNGC/_ss/LC_5y_Intact_r03/FST2F_FST1F_LNGCEB/FST2F_FST1F_LNGCEB_LWL_225deg.yml	2195
orcaflex_no_sim/02-FST's_LNGC/_ss/LC_5y_Intact_r03/FST2F_FST1F_LNGCEB/FST2F_FST1F_LNGCEB_LWL_240deg.yml	2195
orcaflex_no_sim/02-FST's_LNGC/_ss/LC_5y_Intact_r03/FST2F_FST1F_LNGCEB/FST2F_FST1F_LNGCEB_LWL_255deg.yml	2195
orcaflex_no_sim/02-FST's_LNGC/_ss/LC_5y_Intact_r03/FST2F_FST1F_LNGCEB/FST2F_FST1F_LNGCEB_LWL_270deg.yml	2195
orcaflex_no_sim/02-FST's_LNGC/_ss/LC_5y_Intact_r03/FST2F_FST1F_LNGCEB/FST2F_FST1F_LNGCEB_LWL_285deg.yml	2195
orcaflex_no_sim/02-FST's_LNGC/_ss/LC_5y_Intact_r03/FST2F_FST1F_LNGCEB/FST2F_FST1F_LNGCEB_LWL_300deg.yml	2195
orcaflex_no_sim/02-FST's_LNGC/_ss/LC_5y_Intact_r03/FST2F_FST1F_LNGCEB/FST2F_FST1F_LNGCEB_LWL_315deg.yml	2195
orcaflex_no_sim/02-FST's_LNGC/_ss/LC_5y_Intact_r03/FST2F_FST1F_LNGCEB/FST2F_FST1F_LNGCEB_LWL_330deg.yml	2195
orcaflex_no_sim/02-FST's_LNGC/_ss/LC_5y_Intact_r03/FST2F_FST1F_LNGCEB/FST2F_FST1F_LNGCEB_LWL_345deg.yml	2195
orcaflex_no_sim/02-FST's_LNGC/_ss/LC_5y_Intact_r03/FST2F_FST1F_LNGCEB/FST2F_FST1F_LNGCEB_MWL_000deg.yml	2189
orcaflex_no_sim/02-FST's_LNGC/_ss/LC_5y_Intact_r03/FST2F_FST1F_LNGCEB/FST2F_FST1F_LNGCEB_MWL_015deg.yml	2193
orcaflex_no_sim/02-FST's_LNGC/_ss/LC_5y_Intact_r03/FST2F_FST1F_LNGCEB/FST2F_FST1F_LNGCEB_MWL_030deg.yml	2193
orcaflex_no_sim/02-FST's_LNGC/_ss/LC_5y_Intact_r03/FST2F_FST1F_LNGCEB/FST2F_FST1F_LNGCEB_MWL_045deg.yml	2192
orcaflex_no_sim/02-FST's_LNGC/_ss/LC_5y_Intact_r03/FST2F_FST1F_LNGCEB/FST2F_FST1F_LNGCEB_MWL_060deg.yml	2192
orcaflex_no_sim/02-FST's_LNGC/_ss/LC_5y_Intact_r03/FST2F_FST1F_LNGCEB/FST2F_FST1F_LNGCEB_MWL_075deg.yml	2192
orcaflex_no_sim/02-FST's_LNGC/_ss/LC_5y_Intact_r03/FST2F_FST1F_LNGCEB/FST2F_FST1F_LNGCEB_MWL_090deg.yml	2192
orcaflex_no_sim/02-FST's_LNGC/_ss/LC_5y_Intact_r03/FST2F_FST1F_LNGCEB/FST2F_FST1F_LNGCEB_MWL_105deg.yml	2195
orcaflex_no_sim/02-FST's_LNGC/_ss/LC_5y_Intact_r03/FST2F_FST1F_LNGCEB/FST2F_FST1F_LNGCEB_MWL_120deg.yml	2195
orcaflex_no_sim/02-FST's_LNGC/_ss/LC_5y_Intact_r03/FST2F_FST1F_LNGCEB/FST2F_FST1F_LNGCEB_MWL_135deg.yml	2195
orcaflex_no_sim/02-FST's_LNGC/_ss/LC_5y_Intact_r03/FST2F_FST1F_LNGCEB/FST2F_FST1F_LNGCEB_MWL_150deg.yml	2195
orcaflex_no_sim/02-FST's_LNGC/_ss/LC_5y_Intact_r03/FST2F_FST1F_LNGCEB/FST2F_FST1F_LNGCEB_MWL_165deg.yml	2195
orcaflex_no_sim/02-FST's_LNGC/_ss/LC_5y_Intact_r03/FST2F_FST1F_LNGCEB/FST2F_FST1F_LNGCEB_MWL_180deg.yml	2195
orcaflex_no_sim/02-FST's_LNGC/_ss/LC_5y_Intact_r03/FST2F_FST1F_LNGCEB/FST2F_FST1F_LNGCEB_MWL_195deg.yml	2195
orcaflex_no_sim/02-FST's_LNGC/_ss/LC_5y_Intact_r03/FST2F_FST1F_LNGCEB/FST2F_FST1F_LNGCEB_MWL_210deg.yml	2195
orcaflex_no_sim/02-FST's_LNGC/_ss/LC_5y_Intact_r03/FST2F_FST1F_LNGCEB/FST2F_FST1F_LNGCEB_MWL_225deg.yml	2195
orcaflex_no_sim/02-FST's_LNGC/_ss/LC_5y_Intact_r03/FST2F_FST1F_LNGCEB/FST2F_FST1F_LNGCEB_MWL_240deg.yml	2195
orcaflex_no_sim/02-FST's_LNGC/_ss/LC_5y_Intact_r03/FST2F_FST1F_LNGCEB/FST2F_FST1F_LNGCEB_MWL_255deg.yml	2195
orcaflex_no_sim/02-FST's_LNGC/_ss/LC_5y_Intact_r03/FST2F_FST1F_LNGCEB/FST2F_FST1F_LNGCEB_MWL_270deg.yml	2195
orcaflex_no_sim/02-FST's_LNGC/_ss/LC_5y_Intact_r03/FST2F_FST1F_LNGCEB/FST2F_FST1F_LNGCEB_MWL_285deg.yml	2195
orcaflex_no_sim/02-FST's_LNGC/_ss/LC_5y_Intact_r03/FST2F_FST1F_LNGCEB/FST2F_FST1F_LNGCEB_MWL_300deg.yml	2195
orcaflex_no_sim/02-FST's_LNGC/_ss/LC_5y_Intact_r03/FST2F_FST1F_LNGCEB/FST2F_FST1F_LNGCEB_MWL_315deg.yml	2195
orcaflex_no_sim/02-FST's_LNGC/_ss/LC_5y_Intact_r03/FST2F_FST1F_LNGCEB/FST2F_FST1F_LNGCEB_MWL_330deg.yml	2195
orcaflex_no_sim/02-FST's_LNGC/_ss/LC_5y_Intact_r03/FST2F_FST1F_LNGCEB/FST2F_FST1F_LNGCEB_MWL_345deg.yml	2195
orcaflex_no_sim/02-FST's_LNGC/_ss/LC_5y_Intact_r03/FST2F_FST1F_LNGCPB/CL_FST2F_FST1F_LNGCPB_HWL_015deg.yml	2191
orcaflex_no_sim/02-FST's_LNGC/_ss/LC_5y_Intact_r03/FST2F_FST1F_LNGCPB/CL_FST2F_FST1F_LNGCPB_HWL_030deg.yml	2191
orcaflex_no_sim/02-FST's_LNGC/_ss/LC_5y_Intact_r03/FST2F_FST1F_LNGCPB/CL_FST2F_FST1F_LNGCPB_HWL_045deg.yml	2190
orcaflex_no_sim/02-FST's_LNGC/_ss/LC_5y_Intact_r03/FST2F_FST1F_LNGCPB/CL_FST2F_FST1F_LNGCPB_HWL_090deg.yml	2190
orcaflex_no_sim/02-FST's_LNGC/_ss/LC_5y_Intact_r03/FST2F_FST1F_LNGCPB/CL_FST2F_FST1F_LNGCPB_HWL_180deg.yml	2193
orcaflex_no_sim/02-FST's_LNGC/_ss/LC_5y_Intact_r03/FST2F_FST1F_LNGCPB/CL_FST2F_FST1F_LNGCPB_LWL_015deg.yml	2191
orcaflex_no_sim/02-FST's_LNGC/_ss/LC_5y_Intact_r03/FST2F_FST1F_LNGCPB/CL_FST2F_FST1F_LNGCPB_LWL_030deg.yml	2191
orcaflex_no_sim/02-FST's_LNGC/_ss/LC_5y_Intact_r03/FST2F_FST1F_LNGCPB/CL_FST2F_FST1F_LNGCPB_LWL_045deg.yml	2190
orcaflex_no_sim/02-FST's_LNGC/_ss/LC_5y_Intact_r03/FST2F_FST1F_LNGCPB/CL_FST2F_FST1F_LNGCPB_LWL_090deg.yml	2190
orcaflex_no_sim/02-FST's_LNGC/_ss/LC_5y_Intact_r03/FST2F_FST1F_LNGCPB/CL_FST2F_FST1F_LNGCPB_LWL_180deg.yml	2193
orcaflex_no_sim/02-FST's_LNGC/_ss/LC_5y_Intact_r03/FST2F_FST1F_LNGCPB/CL_FST2F_FST1F_LNGCPB_MWL_015deg.yml	2191
orcaflex_no_sim/02-FST's_LNGC/_ss/LC_5y_Intact_r03/FST2F_FST1F_LNGCPB/CL_FST2F_FST1F_LNGCPB_MWL_030deg.yml	2191
orcaflex_no_sim/02-FST's_LNGC/_ss/LC_5y_Intact_r03/FST2F_FST1F_LNGCPB/CL_FST2F_FST1F_LNGCPB_MWL_045deg.yml	2190
orcaflex_no_sim/02-FST's_LNGC/_ss/LC_5y_Intact_r03/FST2F_FST1F_LNGCPB/CL_FST2F_FST1F_LNGCPB_MWL_090deg.yml	2190
orcaflex_no_sim/02-FST's_LNGC/_ss/LC_5y_Intact_r03/FST2F_FST1F_LNGCPB/CL_FST2F_FST1F_LNGCPB_MWL_180deg.yml	2193
orcaflex_no_sim/02-FST's_LNGC/_ss/LC_5y_Intact_r03/FST2F_FST1F_LNGCPB/FST2F_FST1F_LNGCPB_HWL_000deg.yml	2187
orcaflex_no_sim/02-FST's_LNGC/_ss/LC_5y_Intact_r03/FST2F_FST1F_LNGCPB/FST2F_FST1F_LNGCPB_HWL_015deg.yml	2191
orcaflex_no_sim/02-FST's_LNGC/_ss/LC_5y_Intact_r03/FST2F_FST1F_LNGCPB/FST2F_FST1F_LNGCPB_HWL_030deg.yml	2191
orcaflex_no_sim/02-FST's_LNGC/_ss/LC_5y_Intact_r03/FST2F_FST1F_LNGCPB/FST2F_FST1F_LNGCPB_HWL_045deg.yml	2190
orcaflex_no_sim/02-FST's_LNGC/_ss/LC_5y_Intact_r03/FST2F_FST1F_LNGCPB/FST2F_FST1F_LNGCPB_HWL_060deg.yml	2190
orcaflex_no_sim/02-FST's_LNGC/_ss/LC_5y_Intact_r03/FST2F_FST1F_LNGCPB/FST2F_FST1F_LNGCPB_HWL_075deg.yml	2190
orcaflex_no_sim/02-FST's_LNGC/_ss/LC_5y_Intact_r03/FST2F_FST1F_LNGCPB/FST2F_FST1F_LNGCPB_HWL_090deg.yml	2190
orcaflex_no_sim/02-FST's_LNGC/_ss/LC_5y_Intact_r03/FST2F_FST1F_LNGCPB/FST2F_FST1F_LNGCPB_HWL_105deg.yml	2193
orcaflex_no_sim/02-FST's_LNGC/_ss/LC_5y_Intact_r03/FST2F_FST1F_LNGCPB/FST2F_FST1F_LNGCPB_HWL_120deg.yml	2193
orcaflex_no_sim/02-FST's_LNGC/_ss/LC_5y_Intact_r03/FST2F_FST1F_LNGCPB/FST2F_FST1F_LNGCPB_HWL_135deg.yml	2193
orcaflex_no_sim/02-FST's_LNGC/_ss/LC_5y_Intact_r03/FST2F_FST1F_LNGCPB/FST2F_FST1F_LNGCPB_HWL_150deg.yml	2193
orcaflex_no_sim/02-FST's_LNGC/_ss/LC_5y_Intact_r03/FST2F_FST1F_LNGCPB/FST2F_FST1F_LNGCPB_HWL_165deg.yml	2193
orcaflex_no_sim/02-FST's_LNGC/_ss/LC_5y_Intact_r03/FST2F_FST1F_LNGCPB/FST2F_FST1F_LNGCPB_HWL_180deg.yml	2193
orcaflex_no_sim/02-FST's_LNGC/_ss/LC_5y_Intact_r03/FST2F_FST1F_LNGCPB/FST2F_FST1F_LNGCPB_HWL_195deg.yml	2193
orcaflex_no_sim/02-FST's_LNGC/_ss/LC_5y_Intact_r03/FST2F_FST1F_LNGCPB/FST2F_FST1F_LNGCPB_HWL_210deg.yml	2193
orcaflex_no_sim/02-FST's_LNGC/_ss/LC_5y_Intact_r03/FST2F_FST1F_LNGCPB/FST2F_FST1F_LNGCPB_HWL_225deg.yml	2193
orcaflex_no_sim/02-FST's_LNGC/_ss/LC_5y_Intact_r03/FST2F_FST1F_LNGCPB/FST2F_FST1F_LNGCPB_HWL_240deg.yml	2193
orcaflex_no_sim/02-FST's_LNGC/_ss/LC_5y_Intact_r03/FST2F_FST1F_LNGCPB/FST2F_FST1F_LNGCPB_HWL_255deg.yml	2193
orcaflex_no_sim/02-FST's_LNGC/_ss/LC_5y_Intact_r03/FST2F_FST1F_LNGCPB/FST2F_FST1F_LNGCPB_HWL_270deg.yml	2193
orcaflex_no_sim/02-FST's_LNGC/_ss/LC_5y_Intact_r03/FST2F_FST1F_LNGCPB/FST2F_FST1F_LNGCPB_HWL_285deg.yml	2193
orcaflex_no_sim/02-FST's_LNGC/_ss/LC_5y_Intact_r03/FST2F_FST1F_LNGCPB/FST2F_FST1F_LNGCPB_HWL_300deg.yml	2193
orcaflex_no_sim/02-FST's_LNGC/_ss/LC_5y_Intact_r03/FST2F_FST1F_LNGCPB/FST2F_FST1F_LNGCPB_HWL_315deg.yml	2193
orcaflex_no_sim/02-FST's_LNGC/_ss/LC_5y_Intact_r03/FST2F_FST1F_LNGCPB/FST2F_FST1F_LNGCPB_HWL_330deg.yml	2193
orcaflex_no_sim/02-FST's_LNGC/_ss/LC_5y_Intact_r03/FST2F_FST1F_LNGCPB/FST2F_FST1F_LNGCPB_HWL_345deg.yml	2193
orcaflex_no_sim/02-FST's_LNGC/_ss/LC_5y_Intact_r03/FST2F_FST1F_LNGCPB/FST2F_FST1F_LNGCPB_LWL_000deg.yml	2187
orcaflex_no_sim/02-FST's_LNGC/_ss/LC_5y_Intact_r03/FST2F_FST1F_LNGCPB/FST2F_FST1F_LNGCPB_LWL_015deg.yml	2191
orcaflex_no_sim/02-FST's_LNGC/_ss/LC_5y_Intact_r03/FST2F_FST1F_LNGCPB/FST2F_FST1F_LNGCPB_LWL_030deg.yml	2191
orcaflex_no_sim/02-FST's_LNGC/_ss/LC_5y_Intact_r03/FST2F_FST1F_LNGCPB/FST2F_FST1F_LNGCPB_LWL_045deg.yml	2190
orcaflex_no_sim/02-FST's_LNGC/_ss/LC_5y_Intact_r03/FST2F_FST1F_LNGCPB/FST2F_FST1F_LNGCPB_LWL_060deg.yml	2190
orcaflex_no_sim/02-FST's_LNGC/_ss/LC_5y_Intact_r03/FST2F_FST1F_LNGCPB/FST2F_FST1F_LNGCPB_LWL_075deg.yml	2190
orcaflex_no_sim/02-FST's_LNGC/_ss/LC_5y_Intact_r03/FST2F_FST1F_LNGCPB/FST2F_FST1F_LNGCPB_LWL_090deg.yml	2190
orcaflex_no_sim/02-FST's_LNGC/_ss/LC_5y_Intact_r03/FST2F_FST1F_LNGCPB/FST2F_FST1F_LNGCPB_LWL_090deg_z-locked.yml	2376
orcaflex_no_sim/02-FST's_LNGC/_ss/LC_5y_Intact_r03/FST2F_FST1F_LNGCPB/FST2F_FST1F_LNGCPB_LWL_105deg.yml	2193
orcaflex_no_sim/02-FST's_LNGC/_ss/LC_5y_Intact_r03/FST2F_FST1F_LNGCPB/FST2F_FST1F_LNGCPB_LWL_120deg.yml	2193
orcaflex_no_sim/02-FST's_LNGC/_ss/LC_5y_Intact_r03/FST2F_FST1F_LNGCPB/FST2F_FST1F_LNGCPB_LWL_135deg.yml	2193
orcaflex_no_sim/02-FST's_LNGC/_ss/LC_5y_Intact_r03/FST2F_FST1F_LNGCPB/FST2F_FST1F_LNGCPB_LWL_150deg.yml	2193
orcaflex_no_sim/02-FST's_LNGC/_ss/LC_5y_Intact_r03/FST2F_FST1F_LNGCPB/FST2F_FST1F_LNGCPB_LWL_165deg.yml	2193
orcaflex_no_sim/02-FST's_LNGC/_ss/LC_5y_Intact_r03/FST2F_FST1F_LNGCPB/FST2F_FST1F_LNGCPB_LWL_180deg.yml	2193
orcaflex_no_sim/02-FST's_LNGC/_ss/LC_5y_Intact_r03/FST2F_FST1F_LNGCPB/FST2F_FST1F_LNGCPB_LWL_195deg.yml	2193
orcaflex_no_sim/02-FST's_LNGC/_ss/LC_5y_Intact_r03/FST2F_FST1F_LNGCPB/FST2F_FST1F_LNGCPB_LWL_210deg.yml	2193
orcaflex_no_sim/02-FST's_LNGC/_ss/LC_5y_Intact_r03/FST2F_FST1F_LNGCPB/FST2F_FST1F_LNGCPB_LWL_225deg.yml	2193
orcaflex_no_sim/02-FST's_LNGC/_ss/LC_5y_Intact_r03/FST2F_FST1F_LNGCPB/FST2F_FST1F_LNGCPB_LWL_240deg.yml	2193
orcaflex_no_sim/02-FST's_LNGC/_ss/LC_5y_Intact_r03/FST2F_FST1F_LNGCPB/FST2F_FST1F_LNGCPB_LWL_255deg.yml	2193
orcaflex_no_sim/02-FST's_LNGC/_ss/LC_5y_Intact_r03/FST2F_FST1F_LNGCPB/FST2F_FST1F_LNGCPB_LWL_270deg.yml	2193
orcaflex_no_sim/02-FST's_LNGC/_ss/LC_5y_Intact_r03/FST2F_FST1F_LNGCPB/FST2F_FST1F_LNGCPB_LWL_285deg.yml	2193
orcaflex_no_sim/02-FST's_LNGC/_ss/LC_5y_Intact_r03/FST2F_FST1F_LNGCPB/FST2F_FST1F_LNGCPB_LWL_300deg.yml	2193
orcaflex_no_sim/02-FST's_LNGC/_ss/LC_5y_Intact_r03/FST2F_FST1F_LNGCPB/FST2F_FST1F_LNGCPB_LWL_315deg.yml	2193
orcaflex_no_sim/02-FST's_LNGC/_ss/LC_5y_Intact_r03/FST2F_FST1F_LNGCPB/FST2F_FST1F_LNGCPB_LWL_330deg.yml	2193
orcaflex_no_sim/02-FST's_LNGC/_ss/LC_5y_Intact_r03/FST2F_FST1F_LNGCPB/FST2F_FST1F_LNGCPB_LWL_345deg.yml	2193
orcaflex_no_sim/02-FST's_LNGC/_ss/LC_5y_Intact_r03/FST2F_FST1F_LNGCPB/FST2F_FST1F_LNGCPB_MWL_000deg.yml	2187
orcaflex_no_sim/02-FST's_LNGC/_ss/LC_5y_Intact_r03/FST2F_FST1F_LNGCPB/FST2F_FST1F_LNGCPB_MWL_015deg.yml	2191
orcaflex_no_sim/02-FST's_LNGC/_ss/LC_5y_Intact_r03/FST2F_FST1F_LNGCPB/FST2F_FST1F_LNGCPB_MWL_030deg.yml	2191
orcaflex_no_sim/02-FST's_LNGC/_ss/LC_5y_Intact_r03/FST2F_FST1F_LNGCPB/FST2F_FST1F_LNGCPB_MWL_045deg.yml	2190
orcaflex_no_sim/02-FST's_LNGC/_ss/LC_5y_Intact_r03/FST2F_FST1F_LNGCPB/FST2F_FST1F_LNGCPB_MWL_060deg.yml	2190
orcaflex_no_sim/02-FST's_LNGC/_ss/LC_5y_Intact_r03/FST2F_FST1F_LNGCPB/FST2F_FST1F_LNGCPB_MWL_075deg.yml	2190
orcaflex_no_sim/02-FST's_LNGC/_ss/LC_5y_Intact_r03/FST2F_FST1F_LNGCPB/FST2F_FST1F_LNGCPB_MWL_090deg.yml	2190
orcaflex_no_sim/02-FST's_LNGC/_ss/LC_5y_Intact_r03/FST2F_FST1F_LNGCPB/FST2F_FST1F_LNGCPB_MWL_105deg.yml	2193
orcaflex_no_sim/02-FST's_LNGC/_ss/LC_5y_Intact_r03/FST2F_FST1F_LNGCPB/FST2F_FST1F_LNGCPB_MWL_120deg.yml	2193
orcaflex_no_sim/02-FST's_LNGC/_ss/LC_5y_Intact_r03/FST2F_FST1F_LNGCPB/FST2F_FST1F_LNGCPB_MWL_135deg.yml	2193
orcaflex_no_sim/02-FST's_LNGC/_ss/LC_5y_Intact_r03/FST2F_FST1F_LNGCPB/FST2F_FST1F_LNGCPB_MWL_150deg.yml	2193
orcaflex_no_sim/02-FST's_LNGC/_ss/LC_5y_Intact_r03/FST2F_FST1F_LNGCPB/FST2F_FST1F_LNGCPB_MWL_165deg.yml	2193
orcaflex_no_sim/02-FST's_LNGC/_ss/LC_5y_Intact_r03/FST2F_FST1F_LNGCPB/FST2F_FST1F_LNGCPB_MWL_180deg.yml	2193
orcaflex_no_sim/02-FST's_LNGC/_ss/LC_5y_Intact_r03/FST2F_FST1F_LNGCPB/FST2F_FST1F_LNGCPB_MWL_195deg.yml	2193
orcaflex_no_sim/02-FST's_LNGC/_ss/LC_5y_Intact_r03/FST2F_FST1F_LNGCPB/FST2F_FST1F_LNGCPB_MWL_210deg.yml	2193
orcaflex_no_sim/02-FST's_LNGC/_ss/LC_5y_Intact_r03/FST2F_FST1F_LNGCPB/FST2F_FST1F_LNGCPB_MWL_225deg.yml	2193
orcaflex_no_sim/02-FST's_LNGC/_ss/LC_5y_Intact_r03/FST2F_FST1F_LNGCPB/FST2F_FST1F_LNGCPB_MWL_240deg.yml	2193
orcaflex_no_sim/02-FST's_LNGC/_ss/LC_5y_Intact_r03/FST2F_FST1F_LNGCPB/FST2F_FST1F_LNGCPB_MWL_255deg.yml	2193
orcaflex_no_sim/02-FST's_LNGC/_ss/LC_5y_Intact_r03/FST2F_FST1F_LNGCPB/FST2F_FST1F_LNGCPB_MWL_270deg.yml	2193
orcaflex_no_sim/02-FST's_LNGC/_ss/LC_5y_Intact_r03/FST2F_FST1F_LNGCPB/FST2F_FST1F_LNGCPB_MWL_285deg.yml	2193
orcaflex_no_sim/02-FST's_LNGC/_ss/LC_5y_Intact_r03/FST2F_FST1F_LNGCPB/FST2F_FST1F_LNGCPB_MWL_300deg.yml	2193
orcaflex_no_sim/02-FST's_LNGC/_ss/LC_5y_Intact_r03/FST2F_FST1F_LNGCPB/FST2F_FST1F_LNGCPB_MWL_315deg.yml	2193
orcaflex_no_sim/02-FST's_LNGC/_ss/LC_5y_Intact_r03/FST2F_FST1F_LNGCPB/FST2F_FST1F_LNGCPB_MWL_330deg.yml	2193
orcaflex_no_sim/02-FST's_LNGC/_ss/LC_5y_Intact_r03/FST2F_FST1F_LNGCPB/FST2F_FST1F_LNGCPB_MWL_345deg.yml	2193
orcaflex_no_sim/02-FST's_LNGC/_ss/LC_5y_Intact_r03/FST2L_FST1L_LNGCEF/CL_FST2L_FST1L_LNGCEF_HWL_015deg.yml	2193
orcaflex_no_sim/02-FST's_LNGC/_ss/LC_5y_Intact_r03/FST2L_FST1L_LNGCEF/CL_FST2L_FST1L_LNGCEF_HWL_030deg.yml	2193
orcaflex_no_sim/02-FST's_LNGC/_ss/LC_5y_Intact_r03/FST2L_FST1L_LNGCEF/CL_FST2L_FST1L_LNGCEF_HWL_045deg.yml	2192
orcaflex_no_sim/02-FST's_LNGC/_ss/LC_5y_Intact_r03/FST2L_FST1L_LNGCEF/CL_FST2L_FST1L_LNGCEF_HWL_090deg.yml	2192
orcaflex_no_sim/02-FST's_LNGC/_ss/LC_5y_Intact_r03/FST2L_FST1L_LNGCEF/CL_FST2L_FST1L_LNGCEF_HWL_180deg.yml	2195
orcaflex_no_sim/02-FST's_LNGC/_ss/LC_5y_Intact_r03/FST2L_FST1L_LNGCEF/CL_FST2L_FST1L_LNGCEF_LWL_015deg.yml	2193
orcaflex_no_sim/02-FST's_LNGC/_ss/LC_5y_Intact_r03/FST2L_FST1L_LNGCEF/CL_FST2L_FST1L_LNGCEF_LWL_030deg.yml	2193
orcaflex_no_sim/02-FST's_LNGC/_ss/LC_5y_Intact_r03/FST2L_FST1L_LNGCEF/CL_FST2L_FST1L_LNGCEF_LWL_045deg.yml	2192
orcaflex_no_sim/02-FST's_LNGC/_ss/LC_5y_Intact_r03/FST2L_FST1L_LNGCEF/CL_FST2L_FST1L_LNGCEF_LWL_090deg.yml	2192
orcaflex_no_sim/02-FST's_LNGC/_ss/LC_5y_Intact_r03/FST2L_FST1L_LNGCEF/CL_FST2L_FST1L_LNGCEF_LWL_180deg.yml	2195
orcaflex_no_sim/02-FST's_LNGC/_ss/LC_5y_Intact_r03/FST2L_FST1L_LNGCEF/CL_FST2L_FST1L_LNGCEF_MWL_015deg.yml	2193
orcaflex_no_sim/02-FST's_LNGC/_ss/LC_5y_Intact_r03/FST2L_FST1L_LNGCEF/CL_FST2L_FST1L_LNGCEF_MWL_030deg.yml	2193
orcaflex_no_sim/02-FST's_LNGC/_ss/LC_5y_Intact_r03/FST2L_FST1L_LNGCEF/CL_FST2L_FST1L_LNGCEF_MWL_045deg.yml	2192
orcaflex_no_sim/02-FST's_LNGC/_ss/LC_5y_Intact_r03/FST2L_FST1L_LNGCEF/CL_FST2L_FST1L_LNGCEF_MWL_090deg.yml	2192
orcaflex_no_sim/02-FST's_LNGC/_ss/LC_5y_Intact_r03/FST2L_FST1L_LNGCEF/CL_FST2L_FST1L_LNGCEF_MWL_180deg.yml	2195
orcaflex_no_sim/02-FST's_LNGC/_ss/LC_5y_Intact_r03/FST2L_FST1L_LNGCEF/FST2L_FST1L_LNGCEF_HWL_000deg.yml	2191
orcaflex_no_sim/02-FST's_LNGC/_ss/LC_5y_Intact_r03/FST2L_FST1L_LNGCEF/FST2L_FST1L_LNGCEF_HWL_015deg.yml	2193
orcaflex_no_sim/02-FST's_LNGC/_ss/LC_5y_Intact_r03/FST2L_FST1L_LNGCEF/FST2L_FST1L_LNGCEF_HWL_030deg.yml	2193
orcaflex_no_sim/02-FST's_LNGC/_ss/LC_5y_Intact_r03/FST2L_FST1L_LNGCEF/FST2L_FST1L_LNGCEF_HWL_045deg.yml	2192
orcaflex_no_sim/02-FST's_LNGC/_ss/LC_5y_Intact_r03/FST2L_FST1L_LNGCEF/FST2L_FST1L_LNGCEF_HWL_060deg.yml	2192
orcaflex_no_sim/02-FST's_LNGC/_ss/LC_5y_Intact_r03/FST2L_FST1L_LNGCEF/FST2L_FST1L_LNGCEF_HWL_075deg.yml	2192
orcaflex_no_sim/02-FST's_LNGC/_ss/LC_5y_Intact_r03/FST2L_FST1L_LNGCEF/FST2L_FST1L_LNGCEF_HWL_090deg.yml	2192
orcaflex_no_sim/02-FST's_LNGC/_ss/LC_5y_Intact_r03/FST2L_FST1L_LNGCEF/FST2L_FST1L_LNGCEF_HWL_105deg.yml	2195
orcaflex_no_sim/02-FST's_LNGC/_ss/LC_5y_Intact_r03/FST2L_FST1L_LNGCEF/FST2L_FST1L_LNGCEF_HWL_120deg.yml	2195
orcaflex_no_sim/02-FST's_LNGC/_ss/LC_5y_Intact_r03/FST2L_FST1L_LNGCEF/FST2L_FST1L_LNGCEF_HWL_135deg.yml	2195
orcaflex_no_sim/02-FST's_LNGC/_ss/LC_5y_Intact_r03/FST2L_FST1L_LNGCEF/FST2L_FST1L_LNGCEF_HWL_150deg.yml	2195
orcaflex_no_sim/02-FST's_LNGC/_ss/LC_5y_Intact_r03/FST2L_FST1L_LNGCEF/FST2L_FST1L_LNGCEF_HWL_165deg.yml	2195
orcaflex_no_sim/02-FST's_LNGC/_ss/LC_5y_Intact_r03/FST2L_FST1L_LNGCEF/FST2L_FST1L_LNGCEF_HWL_180deg.yml	2195
orcaflex_no_sim/02-FST's_LNGC/_ss/LC_5y_Intact_r03/FST2L_FST1L_LNGCEF/FST2L_FST1L_LNGCEF_HWL_195deg.yml	2195
orcaflex_no_sim/02-FST's_LNGC/_ss/LC_5y_Intact_r03/FST2L_FST1L_LNGCEF/FST2L_FST1L_LNGCEF_HWL_210deg.yml	2195
orcaflex_no_sim/02-FST's_LNGC/_ss/LC_5y_Intact_r03/FST2L_FST1L_LNGCEF/FST2L_FST1L_LNGCEF_HWL_225deg.yml	2195
orcaflex_no_sim/02-FST's_LNGC/_ss/LC_5y_Intact_r03/FST2L_FST1L_LNGCEF/FST2L_FST1L_LNGCEF_HWL_240deg.yml	2195
orcaflex_no_sim/02-FST's_LNGC/_ss/LC_5y_Intact_r03/FST2L_FST1L_LNGCEF/FST2L_FST1L_LNGCEF_HWL_255deg.yml	2195
orcaflex_no_sim/02-FST's_LNGC/_ss/LC_5y_Intact_r03/FST2L_FST1L_LNGCEF/FST2L_FST1L_LNGCEF_HWL_270deg.yml	2195
orcaflex_no_sim/02-FST's_LNGC/_ss/LC_5y_Intact_r03/FST2L_FST1L_LNGCEF/FST2L_FST1L_LNGCEF_HWL_285deg.yml	2195
orcaflex_no_sim/02-FST's_LNGC/_ss/LC_5y_Intact_r03/FST2L_FST1L_LNGCEF/FST2L_FST1L_LNGCEF_HWL_300deg.yml	2195
orcaflex_no_sim/02-FST's_LNGC/_ss/LC_5y_Intact_r03/FST2L_FST1L_LNGCEF/FST2L_FST1L_LNGCEF_HWL_315deg.yml	2195
orcaflex_no_sim/02-FST's_LNGC/_ss/LC_5y_Intact_r03/FST2L_FST1L_LNGCEF/FST2L_FST1L_LNGCEF_HWL_330deg.yml	2195
orcaflex_no_sim/02-FST's_LNGC/_ss/LC_5y_Intact_r03/FST2L_FST1L_LNGCEF/FST2L_FST1L_LNGCEF_HWL_345deg.yml	2195
orcaflex_no_sim/02-FST's_LNGC/_ss/LC_5y_Intact_r03/FST2L_FST1L_LNGCEF/FST2L_FST1L_LNGCEF_LWL_000deg.yml	2191
orcaflex_no_sim/02-FST's_LNGC/_ss/LC_5y_Intact_r03/FST2L_FST1L_LNGCEF/FST2L_FST1L_LNGCEF_LWL_015deg.yml	2193
orcaflex_no_sim/02-FST's_LNGC/_ss/LC_5y_Intact_r03/FST2L_FST1L_LNGCEF/FST2L_FST1L_LNGCEF_LWL_030deg.yml	2193
orcaflex_no_sim/02-FST's_LNGC/_ss/LC_5y_Intact_r03/FST2L_FST1L_LNGCEF/FST2L_FST1L_LNGCEF_LWL_045deg.yml	2192
orcaflex_no_sim/02-FST's_LNGC/_ss/LC_5y_Intact_r03/FST2L_FST1L_LNGCEF/FST2L_FST1L_LNGCEF_LWL_060deg.yml	2192
orcaflex_no_sim/02-FST's_LNGC/_ss/LC_5y_Intact_r03/FST2L_FST1L_LNGCEF/FST2L_FST1L_LNGCEF_LWL_075deg.yml	2192
orcaflex_no_sim/02-FST's_LNGC/_ss/LC_5y_Intact_r03/FST2L_FST1L_LNGCEF/FST2L_FST1L_LNGCEF_LWL_090deg.yml	2192
orcaflex_no_sim/02-FST's_LNGC/_ss/LC_5y_Intact_r03/FST2L_FST1L_LNGCEF/FST2L_FST1L_LNGCEF_LWL_105deg.yml	2195
orcaflex_no_sim/02-FST's_LNGC/_ss/LC_5y_Intact_r03/FST2L_FST1L_LNGCEF/FST2L_FST1L_LNGCEF_LWL_120deg.yml	2195
orcaflex_no_sim/02-FST's_LNGC/_ss/LC_5y_Intact_r03/FST2L_FST1L_LNGCEF/FST2L_FST1L_LNGCEF_LWL_135deg.yml	2195
orcaflex_no_sim/02-FST's_LNGC/_ss/LC_5y_Intact_r03/FST2L_FST1L_LNGCEF/FST2L_FST1L_LNGCEF_LWL_150deg.yml	2195
orcaflex_no_sim/02-FST's_LNGC/_ss/LC_5y_Intact_r03/FST2L_FST1L_LNGCEF/FST2L_FST1L_LNGCEF_LWL_165deg.yml	2195
orcaflex_no_sim/02-FST's_LNGC/_ss/LC_5y_Intact_r03/FST2L_FST1L_LNGCEF/FST2L_FST1L_LNGCEF_LWL_180deg.yml	2195
orcaflex_no_sim/02-FST's_LNGC/_ss/LC_5y_Intact_r03/FST2L_FST1L_LNGCEF/FST2L_FST1L_LNGCEF_LWL_195deg.yml	2195
orcaflex_no_sim/02-FST's_LNGC/_ss/LC_5y_Intact_r03/FST2L_FST1L_LNGCEF/FST2L_FST1L_LNGCEF_LWL_210deg.yml	2195
orcaflex_no_sim/02-FST's_LNGC/_ss/LC_5y_Intact_r03/FST2L_FST1L_LNGCEF/FST2L_FST1L_LNGCEF_LWL_225deg.yml	2195
orcaflex_no_sim/02-FST's_LNGC/_ss/LC_5y_Intact_r03/FST2L_FST1L_LNGCEF/FST2L_FST1L_LNGCEF_LWL_240deg.yml	2195
orcaflex_no_sim/02-FST's_LNGC/_ss/LC_5y_Intact_r03/FST2L_FST1L_LNGCEF/FST2L_FST1L_LNGCEF_LWL_255deg.yml	2195
orcaflex_no_sim/02-FST's_LNGC/_ss/LC_5y_Intact_r03/FST2L_FST1L_LNGCEF/FST2L_FST1L_LNGCEF_LWL_270deg.yml	2195
orcaflex_no_sim/02-FST's_LNGC/_ss/LC_5y_Intact_r03/FST2L_FST1L_LNGCEF/FST2L_FST1L_LNGCEF_LWL_285deg.yml	2195
orcaflex_no_sim/02-FST's_LNGC/_ss/LC_5y_Intact_r03/FST2L_FST1L_LNGCEF/FST2L_FST1L_LNGCEF_LWL_300deg.yml	2195
orcaflex_no_sim/02-FST's_LNGC/_ss/LC_5y_Intact_r03/FST2L_FST1L_LNGCEF/FST2L_FST1L_LNGCEF_LWL_315deg.yml	2195
orcaflex_no_sim/02-FST's_LNGC/_ss/LC_5y_Intact_r03/FST2L_FST1L_LNGCEF/FST2L_FST1L_LNGCEF_LWL_330deg.yml	2195
orcaflex_no_sim/02-FST's_LNGC/_ss/LC_5y_Intact_r03/FST2L_FST1L_LNGCEF/FST2L_FST1L_LNGCEF_LWL_345deg.yml	2195
orcaflex_no_sim/02-FST's_LNGC/_ss/LC_5y_Intact_r03/FST2L_FST1L_LNGCEF/FST2L_FST1L_LNGCEF_MWL_000deg.yml	2191
orcaflex_no_sim/02-FST's_LNGC/_ss/LC_5y_Intact_r03/FST2L_FST1L_LNGCEF/FST2L_FST1L_LNGCEF_MWL_015deg.yml	2193
orcaflex_no_sim/02-FST's_LNGC/_ss/LC_5y_Intact_r03/FST2L_FST1L_LNGCEF/FST2L_FST1L_LNGCEF_MWL_030deg.yml	2193
orcaflex_no_sim/02-FST's_LNGC/_ss/LC_5y_Intact_r03/FST2L_FST1L_LNGCEF/FST2L_FST1L_LNGCEF_MWL_045deg.yml	2192
orcaflex_no_sim/02-FST's_LNGC/_ss/LC_5y_Intact_r03/FST2L_FST1L_LNGCEF/FST2L_FST1L_LNGCEF_MWL_060deg.yml	2192
orcaflex_no_sim/02-FST's_LNGC/_ss/LC_5y_Intact_r03/FST2L_FST1L_LNGCEF/FST2L_FST1L_LNGCEF_MWL_075deg.yml	2192
orcaflex_no_sim/02-FST's_LNGC/_ss/LC_5y_Intact_r03/FST2L_FST1L_LNGCEF/FST2L_FST1L_LNGCEF_MWL_090deg.yml	2192
orcaflex_no_sim/02-FST's_LNGC/_ss/LC_5y_Intact_r03/FST2L_FST1L_LNGCEF/FST2L_FST1L_LNGCEF_MWL_105deg.yml	2195
orcaflex_no_sim/02-FST's_LNGC/_ss/LC_5y_Intact_r03/FST2L_FST1L_LNGCEF/FST2L_FST1L_LNGCEF_MWL_120deg.yml	2195
orcaflex_no_sim/02-FST's_LNGC/_ss/LC_5y_Intact_r03/FST2L_FST1L_LNGCEF/FST2L_FST1L_LNGCEF_MWL_135deg.yml	2195
orcaflex_no_sim/02-FST's_LNGC/_ss/LC_5y_Intact_r03/FST2L_FST1L_LNGCEF/FST2L_FST1L_LNGCEF_MWL_150deg.yml	2195
orcaflex_no_sim/02-FST's_LNGC/_ss/LC_5y_Intact_r03/FST2L_FST1L_LNGCEF/FST2L_FST1L_LNGCEF_MWL_165deg.yml	2195
orcaflex_no_sim/02-FST's_LNGC/_ss/LC_5y_Intact_r03/FST2L_FST1L_LNGCEF/FST2L_FST1L_LNGCEF_MWL_180deg.yml	2195
orcaflex_no_sim/02-FST's_LNGC/_ss/LC_5y_Intact_r03/FST2L_FST1L_LNGCEF/FST2L_FST1L_LNGCEF_MWL_195deg.yml	2195
orcaflex_no_sim/02-FST's_LNGC/_ss/LC_5y_Intact_r03/FST2L_FST1L_LNGCEF/FST2L_FST1L_LNGCEF_MWL_210deg.yml	2195
orcaflex_no_sim/02-FST's_LNGC/_ss/LC_5y_Intact_r03/FST2L_FST1L_LNGCEF/FST2L_FST1L_LNGCEF_MWL_225deg.yml	2195
orcaflex_no_sim/02-FST's_LNGC/_ss/LC_5y_Intact_r03/FST2L_FST1L_LNGCEF/FST2L_FST1L_LNGCEF_MWL_240deg.yml	2195
orcaflex_no_sim/02-FST's_LNGC/_ss/LC_5y_Intact_r03/FST2L_FST1L_LNGCEF/FST2L_FST1L_LNGCEF_MWL_255deg.yml	2195
orcaflex_no_sim/02-FST's_LNGC/_ss/LC_5y_Intact_r03/FST2L_FST1L_LNGCEF/FST2L_FST1L_LNGCEF_MWL_270deg.yml	2195
orcaflex_no_sim/02-FST's_LNGC/_ss/LC_5y_Intact_r03/FST2L_FST1L_LNGCEF/FST2L_FST1L_LNGCEF_MWL_285deg.yml	2195
orcaflex_no_sim/02-FST's_LNGC/_ss/LC_5y_Intact_r03/FST2L_FST1L_LNGCEF/FST2L_FST1L_LNGCEF_MWL_300deg.yml	2195
orcaflex_no_sim/02-FST's_LNGC/_ss/LC_5y_Intact_r03/FST2L_FST1L_LNGCEF/FST2L_FST1L_LNGCEF_MWL_315deg.yml	2195
orcaflex_no_sim/02-FST's_LNGC/_ss/LC_5y_Intact_r03/FST2L_FST1L_LNGCEF/FST2L_FST1L_LNGCEF_MWL_330deg.yml	2195
orcaflex_no_sim/02-FST's_LNGC/_ss/LC_5y_Intact_r03/FST2L_FST1L_LNGCEF/FST2L_FST1L_LNGCEF_MWL_345deg.yml	2195
orcaflex_no_sim/02-FST's_LNGC/_ss/LC_5y_Intact_r03/FST2L_FST1L_LNGCPF/CL_FST2L_FST1L_LNGCPF_HWL_015deg.yml	2191
orcaflex_no_sim/02-FST's_LNGC/_ss/LC_5y_Intact_r03/FST2L_FST1L_LNGCPF/CL_FST2L_FST1L_LNGCPF_HWL_030deg.yml	2191
orcaflex_no_sim/02-FST's_LNGC/_ss/LC_5y_Intact_r03/FST2L_FST1L_LNGCPF/CL_FST2L_FST1L_LNGCPF_HWL_045deg.yml	2190
orcaflex_no_sim/02-FST's_LNGC/_ss/LC_5y_Intact_r03/FST2L_FST1L_LNGCPF/CL_FST2L_FST1L_LNGCPF_HWL_090deg.yml	2190
orcaflex_no_sim/02-FST's_LNGC/_ss/LC_5y_Intact_r03/FST2L_FST1L_LNGCPF/CL_FST2L_FST1L_LNGCPF_HWL_180deg.yml	2193
orcaflex_no_sim/02-FST's_LNGC/_ss/LC_5y_Intact_r03/FST2L_FST1L_LNGCPF/CL_FST2L_FST1L_LNGCPF_LWL_015deg.yml	2191
orcaflex_no_sim/02-FST's_LNGC/_ss/LC_5y_Intact_r03/FST2L_FST1L_LNGCPF/CL_FST2L_FST1L_LNGCPF_LWL_030deg.yml	2191
orcaflex_no_sim/02-FST's_LNGC/_ss/LC_5y_Intact_r03/FST2L_FST1L_LNGCPF/CL_FST2L_FST1L_LNGCPF_LWL_045deg.yml	2190
orcaflex_no_sim/02-FST's_LNGC/_ss/LC_5y_Intact_r03/FST2L_FST1L_LNGCPF/CL_FST2L_FST1L_LNGCPF_LWL_090deg.yml	2190
orcaflex_no_sim/02-FST's_LNGC/_ss/LC_5y_Intact_r03/FST2L_FST1L_LNGCPF/CL_FST2L_FST1L_LNGCPF_LWL_180deg.yml	2193
orcaflex_no_sim/02-FST's_LNGC/_ss/LC_5y_Intact_r03/FST2L_FST1L_LNGCPF/CL_FST2L_FST1L_LNGCPF_MWL_015deg.yml	2191
orcaflex_no_sim/02-FST's_LNGC/_ss/LC_5y_Intact_r03/FST2L_FST1L_LNGCPF/CL_FST2L_FST1L_LNGCPF_MWL_030deg.yml	2191
orcaflex_no_sim/02-FST's_LNGC/_ss/LC_5y_Intact_r03/FST2L_FST1L_LNGCPF/CL_FST2L_FST1L_LNGCPF_MWL_045deg.yml	2190
orcaflex_no_sim/02-FST's_LNGC/_ss/LC_5y_Intact_r03/FST2L_FST1L_LNGCPF/CL_FST2L_FST1L_LNGCPF_MWL_090deg.yml	2190
orcaflex_no_sim/02-FST's_LNGC/_ss/LC_5y_Intact_r03/FST2L_FST1L_LNGCPF/CL_FST2L_FST1L_LNGCPF_MWL_180deg.yml	2193
orcaflex_no_sim/02-FST's_LNGC/_ss/LC_5y_Intact_r03/FST2L_FST1L_LNGCPF/FST2L_FST1L_LNGCPF_HWL_000deg.yml	2189
orcaflex_no_sim/02-FST's_LNGC/_ss/LC_5y_Intact_r03/FST2L_FST1L_LNGCPF/FST2L_FST1L_LNGCPF_HWL_015deg.yml	2191
orcaflex_no_sim/02-FST's_LNGC/_ss/LC_5y_Intact_r03/FST2L_FST1L_LNGCPF/FST2L_FST1L_LNGCPF_HWL_030deg.yml	2191
orcaflex_no_sim/02-FST's_LNGC/_ss/LC_5y_Intact_r03/FST2L_FST1L_LNGCPF/FST2L_FST1L_LNGCPF_HWL_045deg.yml	2190
orcaflex_no_sim/02-FST's_LNGC/_ss/LC_5y_Intact_r03/FST2L_FST1L_LNGCPF/FST2L_FST1L_LNGCPF_HWL_060deg.yml	2190
orcaflex_no_sim/02-FST's_LNGC/_ss/LC_5y_Intact_r03/FST2L_FST1L_LNGCPF/FST2L_FST1L_LNGCPF_HWL_075deg.yml	2190
orcaflex_no_sim/02-FST's_LNGC/_ss/LC_5y_Intact_r03/FST2L_FST1L_LNGCPF/FST2L_FST1L_LNGCPF_HWL_090deg.yml	2190
orcaflex_no_sim/02-FST's_LNGC/_ss/LC_5y_Intact_r03/FST2L_FST1L_LNGCPF/FST2L_FST1L_LNGCPF_HWL_105deg.yml	2193
orcaflex_no_sim/02-FST's_LNGC/_ss/LC_5y_Intact_r03/FST2L_FST1L_LNGCPF/FST2L_FST1L_LNGCPF_HWL_120deg.yml	2193
orcaflex_no_sim/02-FST's_LNGC/_ss/LC_5y_Intact_r03/FST2L_FST1L_LNGCPF/FST2L_FST1L_LNGCPF_HWL_135deg.yml	2193
orcaflex_no_sim/02-FST's_LNGC/_ss/LC_5y_Intact_r03/FST2L_FST1L_LNGCPF/FST2L_FST1L_LNGCPF_HWL_150deg.yml	2193
orcaflex_no_sim/02-FST's_LNGC/_ss/LC_5y_Intact_r03/FST2L_FST1L_LNGCPF/FST2L_FST1L_LNGCPF_HWL_165deg.yml	2193
orcaflex_no_sim/02-FST's_LNGC/_ss/LC_5y_Intact_r03/FST2L_FST1L_LNGCPF/FST2L_FST1L_LNGCPF_HWL_180deg.yml	2193
orcaflex_no_sim/02-FST's_LNGC/_ss/LC_5y_Intact_r03/FST2L_FST1L_LNGCPF/FST2L_FST1L_LNGCPF_HWL_195deg.yml	2193
orcaflex_no_sim/02-FST's_LNGC/_ss/LC_5y_Intact_r03/FST2L_FST1L_LNGCPF/FST2L_FST1L_LNGCPF_HWL_210deg.yml	2193
orcaflex_no_sim/02-FST's_LNGC/_ss/LC_5y_Intact_r03/FST2L_FST1L_LNGCPF/FST2L_FST1L_LNGCPF_HWL_225deg.yml	2193
orcaflex_no_sim/02-FST's_LNGC/_ss/LC_5y_Intact_r03/FST2L_FST1L_LNGCPF/FST2L_FST1L_LNGCPF_HWL_240deg.yml	2193
orcaflex_no_sim/02-FST's_LNGC/_ss/LC_5y_Intact_r03/FST2L_FST1L_LNGCPF/FST2L_FST1L_LNGCPF_HWL_255deg.yml	2193
orcaflex_no_sim/02-FST's_LNGC/_ss/LC_5y_Intact_r03/FST2L_FST1L_LNGCPF/FST2L_FST1L_LNGCPF_HWL_270deg.yml	2193
orcaflex_no_sim/02-FST's_LNGC/_ss/LC_5y_Intact_r03/FST2L_FST1L_LNGCPF/FST2L_FST1L_LNGCPF_HWL_285deg.yml	2193
orcaflex_no_sim/02-FST's_LNGC/_ss/LC_5y_Intact_r03/FST2L_FST1L_LNGCPF/FST2L_FST1L_LNGCPF_HWL_300deg.yml	2193
orcaflex_no_sim/02-FST's_LNGC/_ss/LC_5y_Intact_r03/FST2L_FST1L_LNGCPF/FST2L_FST1L_LNGCPF_HWL_315deg.yml	2193
orcaflex_no_sim/02-FST's_LNGC/_ss/LC_5y_Intact_r03/FST2L_FST1L_LNGCPF/FST2L_FST1L_LNGCPF_HWL_330deg.yml	2193
orcaflex_no_sim/02-FST's_LNGC/_ss/LC_5y_Intact_r03/FST2L_FST1L_LNGCPF/FST2L_FST1L_LNGCPF_HWL_345deg.yml	2193
orcaflex_no_sim/02-FST's_LNGC/_ss/LC_5y_Intact_r03/FST2L_FST1L_LNGCPF/FST2L_FST1L_LNGCPF_LWL_000deg.yml	2189
orcaflex_no_sim/02-FST's_LNGC/_ss/LC_5y_Intact_r03/FST2L_FST1L_LNGCPF/FST2L_FST1L_LNGCPF_LWL_015deg.yml	2191
orcaflex_no_sim/02-FST's_LNGC/_ss/LC_5y_Intact_r03/FST2L_FST1L_LNGCPF/FST2L_FST1L_LNGCPF_LWL_030deg.yml	2191
orcaflex_no_sim/02-FST's_LNGC/_ss/LC_5y_Intact_r03/FST2L_FST1L_LNGCPF/FST2L_FST1L_LNGCPF_LWL_045deg.yml	2190
orcaflex_no_sim/02-FST's_LNGC/_ss/LC_5y_Intact_r03/FST2L_FST1L_LNGCPF/FST2L_FST1L_LNGCPF_LWL_060deg.yml	2190
orcaflex_no_sim/02-FST's_LNGC/_ss/LC_5y_Intact_r03/FST2L_FST1L_LNGCPF/FST2L_FST1L_LNGCPF_LWL_075deg.yml	2190
orcaflex_no_sim/02-FST's_LNGC/_ss/LC_5y_Intact_r03/FST2L_FST1L_LNGCPF/FST2L_FST1L_LNGCPF_LWL_090deg.yml	2190
orcaflex_no_sim/02-FST's_LNGC/_ss/LC_5y_Intact_r03/FST2L_FST1L_LNGCPF/FST2L_FST1L_LNGCPF_LWL_105deg.yml	2193
orcaflex_no_sim/02-FST's_LNGC/_ss/LC_5y_Intact_r03/FST2L_FST1L_LNGCPF/FST2L_FST1L_LNGCPF_LWL_120deg.yml	2193
orcaflex_no_sim/02-FST's_LNGC/_ss/LC_5y_Intact_r03/FST2L_FST1L_LNGCPF/FST2L_FST1L_LNGCPF_LWL_135deg.yml	2193
orcaflex_no_sim/02-FST's_LNGC/_ss/LC_5y_Intact_r03/FST2L_FST1L_LNGCPF/FST2L_FST1L_LNGCPF_LWL_150deg.yml	2193
orcaflex_no_sim/02-FST's_LNGC/_ss/LC_5y_Intact_r03/FST2L_FST1L_LNGCPF/FST2L_FST1L_LNGCPF_LWL_165deg.yml	2193
orcaflex_no_sim/02-FST's_LNGC/_ss/LC_5y_Intact_r03/FST2L_FST1L_LNGCPF/FST2L_FST1L_LNGCPF_LWL_180deg.yml	2193
orcaflex_no_sim/02-FST's_LNGC/_ss/LC_5y_Intact_r03/FST2L_FST1L_LNGCPF/FST2L_FST1L_LNGCPF_LWL_195deg.yml	2193
orcaflex_no_sim/02-FST's_LNGC/_ss/LC_5y_Intact_r03/FST2L_FST1L_LNGCPF/FST2L_FST1L_LNGCPF_LWL_210deg.yml	2193
orcaflex_no_sim/02-FST's_LNGC/_ss/LC_5y_Intact_r03/FST2L_FST1L_LNGCPF/FST2L_FST1L_LNGCPF_LWL_225deg.yml	2193
orcaflex_no_sim/02-FST's_LNGC/_ss/LC_5y_Intact_r03/FST2L_FST1L_LNGCPF/FST2L_FST1L_LNGCPF_LWL_240deg.yml	2193
orcaflex_no_sim/02-FST's_LNGC/_ss/LC_5y_Intact_r03/FST2L_FST1L_LNGCPF/FST2L_FST1L_LNGCPF_LWL_255deg.yml	2193
orcaflex_no_sim/02-FST's_LNGC/_ss/LC_5y_Intact_r03/FST2L_FST1L_LNGCPF/FST2L_FST1L_LNGCPF_LWL_270deg.yml	2193
orcaflex_no_sim/02-FST's_LNGC/_ss/LC_5y_Intact_r03/FST2L_FST1L_LNGCPF/FST2L_FST1L_LNGCPF_LWL_285deg.yml	2193
orcaflex_no_sim/02-FST's_LNGC/_ss/LC_5y_Intact_r03/FST2L_FST1L_LNGCPF/FST2L_FST1L_LNGCPF_LWL_300deg.yml	2193
orcaflex_no_sim/02-FST's_LNGC/_ss/LC_5y_Intact_r03/FST2L_FST1L_LNGCPF/FST2L_FST1L_LNGCPF_LWL_315deg.yml	2193
orcaflex_no_sim/02-FST's_LNGC/_ss/LC_5y_Intact_r03/FST2L_FST1L_LNGCPF/FST2L_FST1L_LNGCPF_LWL_330deg.yml	2193
orcaflex_no_sim/02-FST's_LNGC/_ss/LC_5y_Intact_r03/FST2L_FST1L_LNGCPF/FST2L_FST1L_LNGCPF_LWL_345deg.yml	2193
orcaflex_no_sim/02-FST's_LNGC/_ss/LC_5y_Intact_r03/FST2L_FST1L_LNGCPF/FST2L_FST1L_LNGCPF_MWL_000deg.yml	2189
orcaflex_no_sim/02-FST's_LNGC/_ss/LC_5y_Intact_r03/FST2L_FST1L_LNGCPF/FST2L_FST1L_LNGCPF_MWL_015deg.yml	2191
orcaflex_no_sim/02-FST's_LNGC/_ss/LC_5y_Intact_r03/FST2L_FST1L_LNGCPF/FST2L_FST1L_LNGCPF_MWL_030deg.yml	2191
orcaflex_no_sim/02-FST's_LNGC/_ss/LC_5y_Intact_r03/FST2L_FST1L_LNGCPF/FST2L_FST1L_LNGCPF_MWL_045deg.yml	2190
orcaflex_no_sim/02-FST's_LNGC/_ss/LC_5y_Intact_r03/FST2L_FST1L_LNGCPF/FST2L_FST1L_LNGCPF_MWL_060deg.yml	2190
orcaflex_no_sim/02-FST's_LNGC/_ss/LC_5y_Intact_r03/FST2L_FST1L_LNGCPF/FST2L_FST1L_LNGCPF_MWL_075deg.yml	2190
orcaflex_no_sim/02-FST's_LNGC/_ss/LC_5y_Intact_r03/FST2L_FST1L_LNGCPF/FST2L_FST1L_LNGCPF_MWL_090deg.yml	2190
orcaflex_no_sim/02-FST's_LNGC/_ss/LC_5y_Intact_r03/FST2L_FST1L_LNGCPF/FST2L_FST1L_LNGCPF_MWL_105deg.yml	2193
orcaflex_no_sim/02-FST's_LNGC/_ss/LC_5y_Intact_r03/FST2L_FST1L_LNGCPF/FST2L_FST1L_LNGCPF_MWL_120deg.yml	2193
orcaflex_no_sim/02-FST's_LNGC/_ss/LC_5y_Intact_r03/FST2L_FST1L_LNGCPF/FST2L_FST1L_LNGCPF_MWL_135deg.yml	2193
orcaflex_no_sim/02-FST's_LNGC/_ss/LC_5y_Intact_r03/FST2L_FST1L_LNGCPF/FST2L_FST1L_LNGCPF_MWL_150deg.yml	2193
orcaflex_no_sim/02-FST's_LNGC/_ss/LC_5y_Intact_r03/FST2L_FST1L_LNGCPF/FST2L_FST1L_LNGCPF_MWL_165deg.yml	2193
orcaflex_no_sim/02-FST's_LNGC/_ss/LC_5y_Intact_r03/FST2L_FST1L_LNGCPF/FST2L_FST1L_LNGCPF_MWL_180deg.yml	2193
orcaflex_no_sim/02-FST's_LNGC/_ss/LC_5y_Intact_r03/FST2L_FST1L_LNGCPF/FST2L_FST1L_LNGCPF_MWL_195deg.yml	2193
orcaflex_no_sim/02-FST's_LNGC/_ss/LC_5y_Intact_r03/FST2L_FST1L_LNGCPF/FST2L_FST1L_LNGCPF_MWL_210deg.yml	2193
orcaflex_no_sim/02-FST's_LNGC/_ss/LC_5y_Intact_r03/FST2L_FST1L_LNGCPF/FST2L_FST1L_LNGCPF_MWL_225deg.yml	2193
orcaflex_no_sim/02-FST's_LNGC/_ss/LC_5y_Intact_r03/FST2L_FST1L_LNGCPF/FST2L_FST1L_LNGCPF_MWL_240deg.yml	2193
orcaflex_no_sim/02-FST's_LNGC/_ss/LC_5y_Intact_r03/FST2L_FST1L_LNGCPF/FST2L_FST1L_LNGCPF_MWL_255deg.yml	2193
orcaflex_no_sim/02-FST's_LNGC/_ss/LC_5y_Intact_r03/FST2L_FST1L_LNGCPF/FST2L_FST1L_LNGCPF_MWL_270deg.yml	2193
orcaflex_no_sim/02-FST's_LNGC/_ss/LC_5y_Intact_r03/FST2L_FST1L_LNGCPF/FST2L_FST1L_LNGCPF_MWL_285deg.yml	2193
orcaflex_no_sim/02-FST's_LNGC/_ss/LC_5y_Intact_r03/FST2L_FST1L_LNGCPF/FST2L_FST1L_LNGCPF_MWL_300deg.yml	2193
orcaflex_no_sim/02-FST's_LNGC/_ss/LC_5y_Intact_r03/FST2L_FST1L_LNGCPF/FST2L_FST1L_LNGCPF_MWL_315deg.yml	2193
orcaflex_no_sim/02-FST's_LNGC/_ss/LC_5y_Intact_r03/FST2L_FST1L_LNGCPF/FST2L_FST1L_LNGCPF_MWL_330deg.yml	2193
orcaflex_no_sim/02-FST's_LNGC/_ss/LC_5y_Intact_r03/FST2L_FST1L_LNGCPF/FST2L_FST1L_LNGCPF_MWL_345deg.yml	2193
orcaflex_no_sim/03-Sensitivity/Lock-out/FST2L_FST1L_HWL_J1_000deg.yml	2493
orcaflex_no_sim/03-Sensitivity/Lock-out/FST2L_FST1L_HWL_J1_045deg.yml	2495
orcaflex_no_sim/03-Sensitivity/Lock-out/FST2L_FST1L_HWL_J1_065deg.yml	2495
orcaflex_no_sim/03-Sensitivity/Lock-out/FST2L_FST1L_HWL_J1_080deg.yml	2495
orcaflex_no_sim/03-Sensitivity/Lock-out/FST2L_FST1L_HWL_J1_090deg.yml	2495
orcaflex_no_sim/03-Sensitivity/Lock-out/FST2L_FST1L_HWL_J1_125deg.yml	2497
orcaflex_no_sim/03-Sensitivity/Lock-out/FST2L_FST1L_HWL_J1_150deg.yml	2497
orcaflex_no_sim/03-Sensitivity/Lock-out/FST2L_FST1L_HWL_J1_175deg.yml	2497
orcaflex_no_sim/03-Sensitivity/Lock-out/FST2L_FST1L_HWL_J1_225deg.yml	2497
orcaflex_no_sim/03-Sensitivity/Lock-out/FST2L_FST1L_HWL_J1_270deg.yml	2497
orcaflex_no_sim/03-Sensitivity/Lock-out/FST2L_FST1L_HWL_J1_315deg.yml	2497
orcaflex_no_sim/03-Sensitivity/Lock-out/FST2L_FST1L_HWL_J2_000deg.yml	2493
orcaflex_no_sim/03-Sensitivity/Lock-out/FST2L_FST1L_HWL_J2_045deg.yml	2495
orcaflex_no_sim/03-Sensitivity/Lock-out/FST2L_FST1L_HWL_J2_065deg.yml	2495
orcaflex_no_sim/03-Sensitivity/Lock-out/FST2L_FST1L_HWL_J2_080deg.yml	2495
orcaflex_no_sim/03-Sensitivity/Lock-out/FST2L_FST1L_HWL_J2_090deg.yml	2495
orcaflex_no_sim/03-Sensitivity/Lock-out/FST2L_FST1L_HWL_J2_125deg.yml	2497
orcaflex_no_sim/03-Sensitivity/Lock-out/FST2L_FST1L_HWL_J2_150deg.yml	2497
orcaflex_no_sim/03-Sensitivity/Lock-out/FST2L_FST1L_HWL_J2_175deg.yml	2497
orcaflex_no_sim/03-Sensitivity/Lock-out/FST2L_FST1L_HWL_J2_225deg.yml	2497
orcaflex_no_sim/03-Sensitivity/Lock-out/FST2L_FST1L_HWL_J2_270deg.yml	2497
orcaflex_no_sim/03-Sensitivity/Lock-out/FST2L_FST1L_HWL_J2_315deg.yml	2497
orcaflex_no_sim/03-Sensitivity/Lock-out/FST2L_FST1L_HWL_J3_000deg.yml	2493
orcaflex_no_sim/03-Sensitivity/Lock-out/FST2L_FST1L_HWL_J3_045deg.yml	2495
orcaflex_no_sim/03-Sensitivity/Lock-out/FST2L_FST1L_HWL_J3_065deg.yml	2495
orcaflex_no_sim/03-Sensitivity/Lock-out/FST2L_FST1L_HWL_J3_080deg.yml	2495
orcaflex_no_sim/03-Sensitivity/Lock-out/FST2L_FST1L_HWL_J3_090deg.yml	2495
orcaflex_no_sim/03-Sensitivity/Lock-out/FST2L_FST1L_HWL_J3_125deg.yml	2497
orcaflex_no_sim/03-Sensitivity/Lock-out/FST2L_FST1L_HWL_J3_150deg.yml	2497
orcaflex_no_sim/03-Sensitivity/Lock-out/FST2L_FST1L_HWL_J3_175deg.yml	2497
orcaflex_no_sim/03-Sensitivity/Lock-out/FST2L_FST1L_HWL_J3_225deg.yml	2497
orcaflex_no_sim/03-Sensitivity/Lock-out/FST2L_FST1L_HWL_J3_270deg.yml	2497
orcaflex_no_sim/03-Sensitivity/Lock-out/FST2L_FST1L_HWL_J3_315deg.yml	2497
orcaflex_no_sim/03-Sensitivity/Lock-out/FST2L_FST1L_HWL_J4_000deg.yml	2493
orcaflex_no_sim/03-Sensitivity/Lock-out/FST2L_FST1L_HWL_J4_045deg.yml	2495
orcaflex_no_sim/03-Sensitivity/Lock-out/FST2L_FST1L_HWL_J4_065deg.yml	2495
orcaflex_no_sim/03-Sensitivity/Lock-out/FST2L_FST1L_HWL_J4_080deg.yml	2495
orcaflex_no_sim/03-Sensitivity/Lock-out/FST2L_FST1L_HWL_J4_090deg.yml	2495
orcaflex_no_sim/03-Sensitivity/Lock-out/FST2L_FST1L_HWL_J4_125deg.yml	2497
orcaflex_no_sim/03-Sensitivity/Lock-out/FST2L_FST1L_HWL_J4_150deg.yml	2497
orcaflex_no_sim/03-Sensitivity/Lock-out/FST2L_FST1L_HWL_J4_175deg.yml	2497
orcaflex_no_sim/03-Sensitivity/Lock-out/FST2L_FST1L_HWL_J4_225deg.yml	2497
orcaflex_no_sim/03-Sensitivity/Lock-out/FST2L_FST1L_HWL_J4_270deg.yml	2497
orcaflex_no_sim/03-Sensitivity/Lock-out/FST2L_FST1L_HWL_J4_315deg.yml	2497
orcaflex_no_sim/03-Sensitivity/S1/CL_FST2L_FST1L_LWL_015deg.yml	2491
orcaflex_no_sim/03-Sensitivity/S1/CL_FST2L_FST1L_LWL_030deg.yml	2491
orcaflex_no_sim/03-Sensitivity/S1/CL_FST2L_FST1L_LWL_045deg.yml	2490
orcaflex_no_sim/03-Sensitivity/S1/CL_FST2L_FST1L_LWL_090deg.yml	2490
orcaflex_no_sim/03-Sensitivity/S1/CL_FST2L_FST1L_LWL_180deg.yml	2493
orcaflex_no_sim/03-Sensitivity/S1/FST2L_FST1L_LWL_000deg.yml	2486
orcaflex_no_sim/03-Sensitivity/S1/FST2L_FST1L_LWL_015deg.yml	2491
orcaflex_no_sim/03-Sensitivity/S1/FST2L_FST1L_LWL_030deg.yml	2491
orcaflex_no_sim/03-Sensitivity/S1/FST2L_FST1L_LWL_045deg.yml	2490
orcaflex_no_sim/03-Sensitivity/S1/FST2L_FST1L_LWL_060deg.yml	2490
orcaflex_no_sim/03-Sensitivity/S1/FST2L_FST1L_LWL_075deg.yml	2490
orcaflex_no_sim/03-Sensitivity/S1/FST2L_FST1L_LWL_090deg.yml	2490
orcaflex_no_sim/03-Sensitivity/S1/FST2L_FST1L_LWL_105deg.yml	2493
orcaflex_no_sim/03-Sensitivity/S1/FST2L_FST1L_LWL_120deg.yml	2493
orcaflex_no_sim/03-Sensitivity/S1/FST2L_FST1L_LWL_135deg.yml	2493
orcaflex_no_sim/03-Sensitivity/S1/FST2L_FST1L_LWL_150deg.yml	2493
orcaflex_no_sim/03-Sensitivity/S1/FST2L_FST1L_LWL_165deg.yml	2493
orcaflex_no_sim/03-Sensitivity/S1/FST2L_FST1L_LWL_180deg.yml	2493
orcaflex_no_sim/03-Sensitivity/S1/FST2L_FST1L_LWL_195deg.yml	2493
orcaflex_no_sim/03-Sensitivity/S1/FST2L_FST1L_LWL_210deg.yml	2493
orcaflex_no_sim/03-Sensitivity/S1/FST2L_FST1L_LWL_225deg.yml	2493
orcaflex_no_sim/03-Sensitivity/S1/FST2L_FST1L_LWL_240deg.yml	2493
orcaflex_no_sim/03-Sensitivity/S1/FST2L_FST1L_LWL_255deg.yml	2493
orcaflex_no_sim/03-Sensitivity/S1/FST2L_FST1L_LWL_270deg.yml	2493
orcaflex_no_sim/03-Sensitivity/S1/FST2L_FST1L_LWL_285deg.yml	2493
orcaflex_no_sim/03-Sensitivity/S1/FST2L_FST1L_LWL_300deg.yml	2493
orcaflex_no_sim/03-Sensitivity/S1/FST2L_FST1L_LWL_315deg.yml	2493
orcaflex_no_sim/03-Sensitivity/S1/FST2L_FST1L_LWL_330deg.yml	2493
orcaflex_no_sim/03-Sensitivity/S1/FST2L_FST1L_LWL_345deg.yml	2493
orcaflex_no_sim/03-Sensitivity/S10/CL_FST2L_FST1L_LNGCPF_LWL_015deg.yml	2551
orcaflex_no_sim/03-Sensitivity/S10/CL_FST2L_FST1L_LNGCPF_LWL_030deg.yml	2551
orcaflex_no_sim/03-Sensitivity/S10/CL_FST2L_FST1L_LNGCPF_LWL_045deg.yml	2550
orcaflex_no_sim/03-Sensitivity/S10/CL_FST2L_FST1L_LNGCPF_LWL_090deg.yml	2550
orcaflex_no_sim/03-Sensitivity/S10/CL_FST2L_FST1L_LNGCPF_LWL_180deg.yml	2553
orcaflex_no_sim/03-Sensitivity/S10/FST2L_FST1L_LNGCPF_LWL_000deg.yml	2547
orcaflex_no_sim/03-Sensitivity/S10/FST2L_FST1L_LNGCPF_LWL_015deg.yml	2551
orcaflex_no_sim/03-Sensitivity/S10/FST2L_FST1L_LNGCPF_LWL_030deg.yml	2551
orcaflex_no_sim/03-Sensitivity/S10/FST2L_FST1L_LNGCPF_LWL_045deg.yml	2550
orcaflex_no_sim/03-Sensitivity/S10/FST2L_FST1L_LNGCPF_LWL_060deg.yml	2550
orcaflex_no_sim/03-Sensitivity/S10/FST2L_FST1L_LNGCPF_LWL_075deg.yml	2550
orcaflex_no_sim/03-Sensitivity/S10/FST2L_FST1L_LNGCPF_LWL_090deg.yml	2550
orcaflex_no_sim/03-Sensitivity/S10/FST2L_FST1L_LNGCPF_LWL_105deg.yml	2553
orcaflex_no_sim/03-Sensitivity/S10/FST2L_FST1L_LNGCPF_LWL_120deg.yml	2553
orcaflex_no_sim/03-Sensitivity/S10/FST2L_FST1L_LNGCPF_LWL_135deg.yml	2553
orcaflex_no_sim/03-Sensitivity/S10/FST2L_FST1L_LNGCPF_LWL_150deg.yml	2553
orcaflex_no_sim/03-Sensitivity/S10/FST2L_FST1L_LNGCPF_LWL_165deg.yml	2553
orcaflex_no_sim/03-Sensitivity/S10/FST2L_FST1L_LNGCPF_LWL_180deg.yml	2553
orcaflex_no_sim/03-Sensitivity/S10/FST2L_FST1L_LNGCPF_LWL_195deg.yml	2553
orcaflex_no_sim/03-Sensitivity/S10/FST2L_FST1L_LNGCPF_LWL_210deg.yml	2553
orcaflex_no_sim/03-Sensitivity/S10/FST2L_FST1L_LNGCPF_LWL_225deg.yml	2553
orcaflex_no_sim/03-Sensitivity/S10/FST2L_FST1L_LNGCPF_LWL_240deg.yml	2553
orcaflex_no_sim/03-Sensitivity/S10/FST2L_FST1L_LNGCPF_LWL_255deg.yml	2553
orcaflex_no_sim/03-Sensitivity/S10/FST2L_FST1L_LNGCPF_LWL_270deg.yml	2553
orcaflex_no_sim/03-Sensitivity/S10/FST2L_FST1L_LNGCPF_LWL_285deg.yml	2553
orcaflex_no_sim/03-Sensitivity/S10/FST2L_FST1L_LNGCPF_LWL_300deg.yml	2553
orcaflex_no_sim/03-Sensitivity/S10/FST2L_FST1L_LNGCPF_LWL_315deg.yml	2553
orcaflex_no_sim/03-Sensitivity/S10/FST2L_FST1L_LNGCPF_LWL_330deg.yml	2553
orcaflex_no_sim/03-Sensitivity/S10/FST2L_FST1L_LNGCPF_LWL_345deg.yml	2553
orcaflex_no_sim/03-Sensitivity/S11/CL_FST2L_FST1L_LNGCPF_LWL_015deg.yml	2548
orcaflex_no_sim/03-Sensitivity/S11/CL_FST2L_FST1L_LNGCPF_LWL_030deg.yml	2548
orcaflex_no_sim/03-Sensitivity/S11/CL_FST2L_FST1L_LNGCPF_LWL_045deg.yml	2547
orcaflex_no_sim/03-Sensitivity/S11/CL_FST2L_FST1L_LNGCPF_LWL_090deg.yml	2547
orcaflex_no_sim/03-Sensitivity/S11/CL_FST2L_FST1L_LNGCPF_LWL_180deg.yml	2550
orcaflex_no_sim/03-Sensitivity/S11/FST2L_FST1L_LNGCPF_LWL_000deg.yml	2544
orcaflex_no_sim/03-Sensitivity/S11/FST2L_FST1L_LNGCPF_LWL_015deg.yml	2548
orcaflex_no_sim/03-Sensitivity/S11/FST2L_FST1L_LNGCPF_LWL_030deg.yml	2548
orcaflex_no_sim/03-Sensitivity/S11/FST2L_FST1L_LNGCPF_LWL_045deg.yml	2547
orcaflex_no_sim/03-Sensitivity/S11/FST2L_FST1L_LNGCPF_LWL_060deg.yml	2547
orcaflex_no_sim/03-Sensitivity/S11/FST2L_FST1L_LNGCPF_LWL_075deg.yml	2547
orcaflex_no_sim/03-Sensitivity/S11/FST2L_FST1L_LNGCPF_LWL_090deg.yml	2547
orcaflex_no_sim/03-Sensitivity/S11/FST2L_FST1L_LNGCPF_LWL_105deg.yml	2550
orcaflex_no_sim/03-Sensitivity/S11/FST2L_FST1L_LNGCPF_LWL_120deg.yml	2550
orcaflex_no_sim/03-Sensitivity/S11/FST2L_FST1L_LNGCPF_LWL_135deg.yml	2550
orcaflex_no_sim/03-Sensitivity/S11/FST2L_FST1L_LNGCPF_LWL_150deg.yml	2550
orcaflex_no_sim/03-Sensitivity/S11/FST2L_FST1L_LNGCPF_LWL_165deg.yml	2550
orcaflex_no_sim/03-Sensitivity/S11/FST2L_FST1L_LNGCPF_LWL_180deg.yml	2550
orcaflex_no_sim/03-Sensitivity/S11/FST2L_FST1L_LNGCPF_LWL_195deg.yml	2550
orcaflex_no_sim/03-Sensitivity/S11/FST2L_FST1L_LNGCPF_LWL_210deg.yml	2550
orcaflex_no_sim/03-Sensitivity/S11/FST2L_FST1L_LNGCPF_LWL_225deg.yml	2550
orcaflex_no_sim/03-Sensitivity/S11/FST2L_FST1L_LNGCPF_LWL_240deg.yml	2550
orcaflex_no_sim/03-Sensitivity/S11/FST2L_FST1L_LNGCPF_LWL_255deg.yml	2550
orcaflex_no_sim/03-Sensitivity/S11/FST2L_FST1L_LNGCPF_LWL_270deg.yml	2550
orcaflex_no_sim/03-Sensitivity/S11/FST2L_FST1L_LNGCPF_LWL_285deg.yml	2550
orcaflex_no_sim/03-Sensitivity/S11/FST2L_FST1L_LNGCPF_LWL_300deg.yml	2550
orcaflex_no_sim/03-Sensitivity/S11/FST2L_FST1L_LNGCPF_LWL_315deg.yml	2550
orcaflex_no_sim/03-Sensitivity/S11/FST2L_FST1L_LNGCPF_LWL_330deg.yml	2550
orcaflex_no_sim/03-Sensitivity/S11/FST2L_FST1L_LNGCPF_LWL_345deg.yml	2550
orcaflex_no_sim/03-Sensitivity/S12/CL_FST2L_FST1L_LNGCPF_LWL_015deg.yml	2551
orcaflex_no_sim/03-Sensitivity/S12/CL_FST2L_FST1L_LNGCPF_LWL_030deg.yml	2551
orcaflex_no_sim/03-Sensitivity/S12/CL_FST2L_FST1L_LNGCPF_LWL_045deg.yml	2550
orcaflex_no_sim/03-Sensitivity/S12/CL_FST2L_FST1L_LNGCPF_LWL_090deg.yml	2550
orcaflex_no_sim/03-Sensitivity/S12/CL_FST2L_FST1L_LNGCPF_LWL_180deg.yml	2553
orcaflex_no_sim/03-Sensitivity/S12/FST2L_FST1L_LNGCPF_LWL_000deg.yml	2547
orcaflex_no_sim/03-Sensitivity/S12/FST2L_FST1L_LNGCPF_LWL_015deg.yml	2551
orcaflex_no_sim/03-Sensitivity/S12/FST2L_FST1L_LNGCPF_LWL_030deg.yml	2551
orcaflex_no_sim/03-Sensitivity/S12/FST2L_FST1L_LNGCPF_LWL_045deg.yml	2550
orcaflex_no_sim/03-Sensitivity/S12/FST2L_FST1L_LNGCPF_LWL_060deg.yml	2550
orcaflex_no_sim/03-Sensitivity/S12/FST2L_FST1L_LNGCPF_LWL_075deg.yml	2550
orcaflex_no_sim/03-Sensitivity/S12/FST2L_FST1L_LNGCPF_LWL_090deg.yml	2550
orcaflex_no_sim/03-Sensitivity/S12/FST2L_FST1L_LNGCPF_LWL_105deg.yml	2553
orcaflex_no_sim/03-Sensitivity/S12/FST2L_FST1L_LNGCPF_LWL_120deg.yml	2553
orcaflex_no_sim/03-Sensitivity/S12/FST2L_FST1L_LNGCPF_LWL_135deg.yml	2553
orcaflex_no_sim/03-Sensitivity/S12/FST2L_FST1L_LNGCPF_LWL_150deg.yml	2553
orcaflex_no_sim/03-Sensitivity/S12/FST2L_FST1L_LNGCPF_LWL_165deg.yml	2553
orcaflex_no_sim/03-Sensitivity/S12/FST2L_FST1L_LNGCPF_LWL_180deg.yml	2553
orcaflex_no_sim/03-Sensitivity/S12/FST2L_FST1L_LNGCPF_LWL_195deg.yml	2553
orcaflex_no_sim/03-Sensitivity/S12/FST2L_FST1L_LNGCPF_LWL_210deg.yml	2553
orcaflex_no_sim/03-Sensitivity/S12/FST2L_FST1L_LNGCPF_LWL_225deg.yml	2553
orcaflex_no_sim/03-Sensitivity/S12/FST2L_FST1L_LNGCPF_LWL_240deg.yml	2553
orcaflex_no_sim/03-Sensitivity/S12/FST2L_FST1L_LNGCPF_LWL_255deg.yml	2553
orcaflex_no_sim/03-Sensitivity/S12/FST2L_FST1L_LNGCPF_LWL_270deg.yml	2553
orcaflex_no_sim/03-Sensitivity/S12/FST2L_FST1L_LNGCPF_LWL_285deg.yml	2553
orcaflex_no_sim/03-Sensitivity/S12/FST2L_FST1L_LNGCPF_LWL_300deg.yml	2553
orcaflex_no_sim/03-Sensitivity/S12/FST2L_FST1L_LNGCPF_LWL_315deg.yml	2553
orcaflex_no_sim/03-Sensitivity/S12/FST2L_FST1L_LNGCPF_LWL_330deg.yml	2553
orcaflex_no_sim/03-Sensitivity/S12/FST2L_FST1L_LNGCPF_LWL_345deg.yml	2553
orcaflex_no_sim/03-Sensitivity/S2/CL_FST2L_FST1L_LWL_015deg.yml	2495
orcaflex_no_sim/03-Sensitivity/S2/CL_FST2L_FST1L_LWL_030deg.yml	2495
orcaflex_no_sim/03-Sensitivity/S2/CL_FST2L_FST1L_LWL_045deg.yml	2494
orcaflex_no_sim/03-Sensitivity/S2/CL_FST2L_FST1L_LWL_090deg.yml	2494
orcaflex_no_sim/03-Sensitivity/S2/CL_FST2L_FST1L_LWL_180deg.yml	2497
orcaflex_no_sim/03-Sensitivity/S2/FST2L_FST1L_LWL_000deg.yml	2490
orcaflex_no_sim/03-Sensitivity/S2/FST2L_FST1L_LWL_015deg.yml	2495
orcaflex_no_sim/03-Sensitivity/S2/FST2L_FST1L_LWL_030deg.yml	2495
orcaflex_no_sim/03-Sensitivity/S2/FST2L_FST1L_LWL_045deg.yml	2494
orcaflex_no_sim/03-Sensitivity/S2/FST2L_FST1L_LWL_060deg.yml	2494
orcaflex_no_sim/03-Sensitivity/S2/FST2L_FST1L_LWL_075deg.yml	2494
orcaflex_no_sim/03-Sensitivity/S2/FST2L_FST1L_LWL_090deg.yml	2494
orcaflex_no_sim/03-Sensitivity/S2/FST2L_FST1L_LWL_105deg.yml	2497
orcaflex_no_sim/03-Sensitivity/S2/FST2L_FST1L_LWL_120deg.yml	2497
orcaflex_no_sim/03-Sensitivity/S2/FST2L_FST1L_LWL_135deg.yml	2497
orcaflex_no_sim/03-Sensitivity/S2/FST2L_FST1L_LWL_150deg.yml	2497
orcaflex_no_sim/03-Sensitivity/S2/FST2L_FST1L_LWL_165deg.yml	2497
orcaflex_no_sim/03-Sensitivity/S2/FST2L_FST1L_LWL_180deg.yml	2497
orcaflex_no_sim/03-Sensitivity/S2/FST2L_FST1L_LWL_195deg.yml	2497
orcaflex_no_sim/03-Sensitivity/S2/FST2L_FST1L_LWL_210deg.yml	2497
orcaflex_no_sim/03-Sensitivity/S2/FST2L_FST1L_LWL_225deg.yml	2497
orcaflex_no_sim/03-Sensitivity/S2/FST2L_FST1L_LWL_240deg.yml	2497
orcaflex_no_sim/03-Sensitivity/S2/FST2L_FST1L_LWL_255deg.yml	2497
orcaflex_no_sim/03-Sensitivity/S2/FST2L_FST1L_LWL_270deg.yml	2497
orcaflex_no_sim/03-Sensitivity/S2/FST2L_FST1L_LWL_285deg.yml	2497
orcaflex_no_sim/03-Sensitivity/S2/FST2L_FST1L_LWL_300deg.yml	2497
orcaflex_no_sim/03-Sensitivity/S2/FST2L_FST1L_LWL_315deg.yml	2497
orcaflex_no_sim/03-Sensitivity/S2/FST2L_FST1L_LWL_330deg.yml	2497
orcaflex_no_sim/03-Sensitivity/S2/FST2L_FST1L_LWL_345deg.yml	2497
orcaflex_no_sim/03-Sensitivity/S3/CL_FST2L_FST1L_LWL_015deg.yml	2492
orcaflex_no_sim/03-Sensitivity/S3/CL_FST2L_FST1L_LWL_030deg.yml	2492
orcaflex_no_sim/03-Sensitivity/S3/CL_FST2L_FST1L_LWL_045deg.yml	2491
orcaflex_no_sim/03-Sensitivity/S3/CL_FST2L_FST1L_LWL_090deg.yml	2491
orcaflex_no_sim/03-Sensitivity/S3/CL_FST2L_FST1L_LWL_180deg.yml	2494
orcaflex_no_sim/03-Sensitivity/S3/FST2L_FST1L_LWL_000deg.yml	2487
orcaflex_no_sim/03-Sensitivity/S3/FST2L_FST1L_LWL_015deg.yml	2492
orcaflex_no_sim/03-Sensitivity/S3/FST2L_FST1L_LWL_030deg.yml	2492
orcaflex_no_sim/03-Sensitivity/S3/FST2L_FST1L_LWL_045deg.yml	2491
orcaflex_no_sim/03-Sensitivity/S3/FST2L_FST1L_LWL_060deg.yml	2491
orcaflex_no_sim/03-Sensitivity/S3/FST2L_FST1L_LWL_075deg.yml	2491
orcaflex_no_sim/03-Sensitivity/S3/FST2L_FST1L_LWL_090deg.yml	2491
orcaflex_no_sim/03-Sensitivity/S3/FST2L_FST1L_LWL_105deg.yml	2494
orcaflex_no_sim/03-Sensitivity/S3/FST2L_FST1L_LWL_120deg.yml	2494
orcaflex_no_sim/03-Sensitivity/S3/FST2L_FST1L_LWL_135deg.yml	2494
orcaflex_no_sim/03-Sensitivity/S3/FST2L_FST1L_LWL_150deg.yml	2494
orcaflex_no_sim/03-Sensitivity/S3/FST2L_FST1L_LWL_165deg.yml	2494
orcaflex_no_sim/03-Sensitivity/S3/FST2L_FST1L_LWL_180deg.yml	2494
orcaflex_no_sim/03-Sensitivity/S3/FST2L_FST1L_LWL_195deg.yml	2494
orcaflex_no_sim/03-Sensitivity/S3/FST2L_FST1L_LWL_210deg.yml	2494
orcaflex_no_sim/03-Sensitivity/S3/FST2L_FST1L_LWL_225deg.yml	2494
orcaflex_no_sim/03-Sensitivity/S3/FST2L_FST1L_LWL_240deg.yml	2494
orcaflex_no_sim/03-Sensitivity/S3/FST2L_FST1L_LWL_255deg.yml	2494
orcaflex_no_sim/03-Sensitivity/S3/FST2L_FST1L_LWL_270deg.yml	2494
orcaflex_no_sim/03-Sensitivity/S3/FST2L_FST1L_LWL_285deg.yml	2494
orcaflex_no_sim/03-Sensitivity/S3/FST2L_FST1L_LWL_300deg.yml	2494
orcaflex_no_sim/03-Sensitivity/S3/FST2L_FST1L_LWL_315deg.yml	2494
orcaflex_no_sim/03-Sensitivity/S3/FST2L_FST1L_LWL_330deg.yml	2494
orcaflex_no_sim/03-Sensitivity/S3/FST2L_FST1L_LWL_345deg.yml	2494
orcaflex_no_sim/03-Sensitivity/S4/CL_FST2L_FST1L_LWL_015deg.yml	2495
orcaflex_no_sim/03-Sensitivity/S4/CL_FST2L_FST1L_LWL_030deg.yml	2495
orcaflex_no_sim/03-Sensitivity/S4/CL_FST2L_FST1L_LWL_045deg.yml	2494
orcaflex_no_sim/03-Sensitivity/S4/CL_FST2L_FST1L_LWL_090deg.yml	2494
orcaflex_no_sim/03-Sensitivity/S4/CL_FST2L_FST1L_LWL_180deg.yml	2497
orcaflex_no_sim/03-Sensitivity/S4/FST2L_FST1L_LWL_000deg.yml	2490
orcaflex_no_sim/03-Sensitivity/S4/FST2L_FST1L_LWL_015deg.yml	2495
orcaflex_no_sim/03-Sensitivity/S4/FST2L_FST1L_LWL_030deg.yml	2495
orcaflex_no_sim/03-Sensitivity/S4/FST2L_FST1L_LWL_045deg.yml	2494
orcaflex_no_sim/03-Sensitivity/S4/FST2L_FST1L_LWL_060deg.yml	2494
orcaflex_no_sim/03-Sensitivity/S4/FST2L_FST1L_LWL_075deg.yml	2494
orcaflex_no_sim/03-Sensitivity/S4/FST2L_FST1L_LWL_090deg.yml	2494
orcaflex_no_sim/03-Sensitivity/S4/FST2L_FST1L_LWL_105deg.yml	2497
orcaflex_no_sim/03-Sensitivity/S4/FST2L_FST1L_LWL_120deg.yml	2497
orcaflex_no_sim/03-Sensitivity/S4/FST2L_FST1L_LWL_135deg.yml	2497
orcaflex_no_sim/03-Sensitivity/S4/FST2L_FST1L_LWL_150deg.yml	2497
orcaflex_no_sim/03-Sensitivity/S4/FST2L_FST1L_LWL_165deg.yml	2497
orcaflex_no_sim/03-Sensitivity/S4/FST2L_FST1L_LWL_180deg.yml	2497
orcaflex_no_sim/03-Sensitivity/S4/FST2L_FST1L_LWL_195deg.yml	2497
orcaflex_no_sim/03-Sensitivity/S4/FST2L_FST1L_LWL_210deg.yml	2497
orcaflex_no_sim/03-Sensitivity/S4/FST2L_FST1L_LWL_225deg.yml	2497
orcaflex_no_sim/03-Sensitivity/S4/FST2L_FST1L_LWL_240deg.yml	2497
orcaflex_no_sim/03-Sensitivity/S4/FST2L_FST1L_LWL_255deg.yml	2497
orcaflex_no_sim/03-Sensitivity/S4/FST2L_FST1L_LWL_270deg.yml	2497
orcaflex_no_sim/03-Sensitivity/S4/FST2L_FST1L_LWL_285deg.yml	2497
orcaflex_no_sim/03-Sensitivity/S4/FST2L_FST1L_LWL_300deg.yml	2497
orcaflex_no_sim/03-Sensitivity/S4/FST2L_FST1L_LWL_315deg.yml	2497
orcaflex_no_sim/03-Sensitivity/S4/FST2L_FST1L_LWL_330deg.yml	2497
orcaflex_no_sim/03-Sensitivity/S4/FST2L_FST1L_LWL_345deg.yml	2497
orcaflex_no_sim/03-Sensitivity/S5/CL_FST2F_FST1F_LWL_015deg.yml	2207
orcaflex_no_sim/03-Sensitivity/S5/CL_FST2F_FST1F_LWL_030deg.yml	2207
orcaflex_no_sim/03-Sensitivity/S5/CL_FST2F_FST1F_LWL_045deg.yml	2206
orcaflex_no_sim/03-Sensitivity/S5/CL_FST2F_FST1F_LWL_090deg.yml	2206
orcaflex_no_sim/03-Sensitivity/S5/CL_FST2F_FST1F_LWL_180deg.yml	2209
orcaflex_no_sim/03-Sensitivity/S5/FST2F_FST1F_LWL_000deg.yml	2202
orcaflex_no_sim/03-Sensitivity/S5/FST2F_FST1F_LWL_015deg.yml	2207
orcaflex_no_sim/03-Sensitivity/S5/FST2F_FST1F_LWL_030deg.yml	2207
orcaflex_no_sim/03-Sensitivity/S5/FST2F_FST1F_LWL_045deg.yml	2206
orcaflex_no_sim/03-Sensitivity/S5/FST2F_FST1F_LWL_060deg.yml	2206
orcaflex_no_sim/03-Sensitivity/S5/FST2F_FST1F_LWL_075deg.yml	2206
orcaflex_no_sim/03-Sensitivity/S5/FST2F_FST1F_LWL_090deg.yml	2206
orcaflex_no_sim/03-Sensitivity/S5/FST2F_FST1F_LWL_105deg.yml	2209
orcaflex_no_sim/03-Sensitivity/S5/FST2F_FST1F_LWL_120deg.yml	2209
orcaflex_no_sim/03-Sensitivity/S5/FST2F_FST1F_LWL_135deg.yml	2209
orcaflex_no_sim/03-Sensitivity/S5/FST2F_FST1F_LWL_150deg.yml	2209
orcaflex_no_sim/03-Sensitivity/S5/FST2F_FST1F_LWL_165deg.yml	2209
orcaflex_no_sim/03-Sensitivity/S5/FST2F_FST1F_LWL_180deg.yml	2209
orcaflex_no_sim/03-Sensitivity/S5/FST2F_FST1F_LWL_195deg.yml	2209
orcaflex_no_sim/03-Sensitivity/S5/FST2F_FST1F_LWL_210deg.yml	2209
orcaflex_no_sim/03-Sensitivity/S5/FST2F_FST1F_LWL_225deg.yml	2209
orcaflex_no_sim/03-Sensitivity/S5/FST2F_FST1F_LWL_240deg.yml	2209
orcaflex_no_sim/03-Sensitivity/S5/FST2F_FST1F_LWL_255deg.yml	2209
orcaflex_no_sim/03-Sensitivity/S5/FST2F_FST1F_LWL_270deg.yml	2209
orcaflex_no_sim/03-Sensitivity/S5/FST2F_FST1F_LWL_285deg.yml	2209
orcaflex_no_sim/03-Sensitivity/S5/FST2F_FST1F_LWL_300deg.yml	2209
orcaflex_no_sim/03-Sensitivity/S5/FST2F_FST1F_LWL_315deg.yml	2209
orcaflex_no_sim/03-Sensitivity/S5/FST2F_FST1F_LWL_330deg.yml	2209
orcaflex_no_sim/03-Sensitivity/S5/FST2F_FST1F_LWL_345deg.yml	2209
orcaflex_no_sim/03-Sensitivity/S6/CL_FST2F_FST1F_LWL_015deg.yml	2211
orcaflex_no_sim/03-Sensitivity/S6/CL_FST2F_FST1F_LWL_030deg.yml	2211
orcaflex_no_sim/03-Sensitivity/S6/CL_FST2F_FST1F_LWL_045deg.yml	2210
orcaflex_no_sim/03-Sensitivity/S6/CL_FST2F_FST1F_LWL_090deg.yml	2210
orcaflex_no_sim/03-Sensitivity/S6/CL_FST2F_FST1F_LWL_180deg.yml	2213
orcaflex_no_sim/03-Sensitivity/S6/FST2F_FST1F_LWL_000deg.yml	2206
orcaflex_no_sim/03-Sensitivity/S6/FST2F_FST1F_LWL_015deg.yml	2211
orcaflex_no_sim/03-Sensitivity/S6/FST2F_FST1F_LWL_030deg.yml	2211
orcaflex_no_sim/03-Sensitivity/S6/FST2F_FST1F_LWL_045deg.yml	2210
orcaflex_no_sim/03-Sensitivity/S6/FST2F_FST1F_LWL_060deg.yml	2210
orcaflex_no_sim/03-Sensitivity/S6/FST2F_FST1F_LWL_075deg.yml	2210
orcaflex_no_sim/03-Sensitivity/S6/FST2F_FST1F_LWL_090deg.yml	2210
orcaflex_no_sim/03-Sensitivity/S6/FST2F_FST1F_LWL_105deg.yml	2213
orcaflex_no_sim/03-Sensitivity/S6/FST2F_FST1F_LWL_120deg.yml	2213
orcaflex_no_sim/03-Sensitivity/S6/FST2F_FST1F_LWL_135deg.yml	2213
orcaflex_no_sim/03-Sensitivity/S6/FST2F_FST1F_LWL_150deg.yml	2213
orcaflex_no_sim/03-Sensitivity/S6/FST2F_FST1F_LWL_165deg.yml	2213
orcaflex_no_sim/03-Sensitivity/S6/FST2F_FST1F_LWL_180deg.yml	2213
orcaflex_no_sim/03-Sensitivity/S6/FST2F_FST1F_LWL_195deg.yml	2213
orcaflex_no_sim/03-Sensitivity/S6/FST2F_FST1F_LWL_210deg.yml	2213
orcaflex_no_sim/03-Sensitivity/S6/FST2F_FST1F_LWL_225deg.yml	2213
orcaflex_no_sim/03-Sensitivity/S6/FST2F_FST1F_LWL_240deg.yml	2213
orcaflex_no_sim/03-Sensitivity/S6/FST2F_FST1F_LWL_255deg.yml	2213
orcaflex_no_sim/03-Sensitivity/S6/FST2F_FST1F_LWL_270deg.yml	2213
orcaflex_no_sim/03-Sensitivity/S6/FST2F_FST1F_LWL_285deg.yml	2213
orcaflex_no_sim/03-Sensitivity/S6/FST2F_FST1F_LWL_300deg.yml	2213
orcaflex_no_sim/03-Sensitivity/S6/FST2F_FST1F_LWL_315deg.yml	2213
orcaflex_no_sim/03-Sensitivity/S6/FST2F_FST1F_LWL_330deg.yml	2213
orcaflex_no_sim/03-Sensitivity/S6/FST2F_FST1F_LWL_345deg.yml	2213
orcaflex_no_sim/03-Sensitivity/S7/CL_FST2F_FST1F_LNGCPB_HWL_015deg.yml	2547
orcaflex_no_sim/03-Sensitivity/S7/CL_FST2F_FST1F_LNGCPB_HWL_030deg.yml	2547
orcaflex_no_sim/03-Sensitivity/S7/CL_FST2F_FST1F_LNGCPB_HWL_045deg.yml	2546
orcaflex_no_sim/03-Sensitivity/S7/CL_FST2F_FST1F_LNGCPB_HWL_090deg.yml	2546
orcaflex_no_sim/03-Sensitivity/S7/CL_FST2F_FST1F_LNGCPB_HWL_180deg.yml	2549
orcaflex_no_sim/03-Sensitivity/S7/FST2F_FST1F_LNGCPB_HWL_000deg.yml	2543
orcaflex_no_sim/03-Sensitivity/S7/FST2F_FST1F_LNGCPB_HWL_015deg.yml	2547
orcaflex_no_sim/03-Sensitivity/S7/FST2F_FST1F_LNGCPB_HWL_030deg.yml	2547
orcaflex_no_sim/03-Sensitivity/S7/FST2F_FST1F_LNGCPB_HWL_045deg.yml	2546
orcaflex_no_sim/03-Sensitivity/S7/FST2F_FST1F_LNGCPB_HWL_060deg.yml	2546
orcaflex_no_sim/03-Sensitivity/S7/FST2F_FST1F_LNGCPB_HWL_075deg.yml	2546
orcaflex_no_sim/03-Sensitivity/S7/FST2F_FST1F_LNGCPB_HWL_090deg.yml	2546
orcaflex_no_sim/03-Sensitivity/S7/FST2F_FST1F_LNGCPB_HWL_105deg.yml	2549
orcaflex_no_sim/03-Sensitivity/S7/FST2F_FST1F_LNGCPB_HWL_120deg.yml	2549
orcaflex_no_sim/03-Sensitivity/S7/FST2F_FST1F_LNGCPB_HWL_135deg.yml	2549
orcaflex_no_sim/03-Sensitivity/S7/FST2F_FST1F_LNGCPB_HWL_150deg.yml	2549
orcaflex_no_sim/03-Sensitivity/S7/FST2F_FST1F_LNGCPB_HWL_165deg.yml	2549
orcaflex_no_sim/03-Sensitivity/S7/FST2F_FST1F_LNGCPB_HWL_180deg.yml	2549
orcaflex_no_sim/03-Sensitivity/S7/FST2F_FST1F_LNGCPB_HWL_195deg.yml	2549
orcaflex_no_sim/03-Sensitivity/S7/FST2F_FST1F_LNGCPB_HWL_210deg.yml	2549
orcaflex_no_sim/03-Sensitivity/S7/FST2F_FST1F_LNGCPB_HWL_225deg.yml	2549
orcaflex_no_sim/03-Sensitivity/S7/FST2F_FST1F_LNGCPB_HWL_240deg.yml	2549
orcaflex_no_sim/03-Sensitivity/S7/FST2F_FST1F_LNGCPB_HWL_255deg.yml	2549
orcaflex_no_sim/03-Sensitivity/S7/FST2F_FST1F_LNGCPB_HWL_270deg.yml	2549
orcaflex_no_sim/03-Sensitivity/S7/FST2F_FST1F_LNGCPB_HWL_285deg.yml	2549
orcaflex_no_sim/03-Sensitivity/S7/FST2F_FST1F_LNGCPB_HWL_300deg.yml	2549
orcaflex_no_sim/03-Sensitivity/S7/FST2F_FST1F_LNGCPB_HWL_315deg.yml	2549
orcaflex_no_sim/03-Sensitivity/S7/FST2F_FST1F_LNGCPB_HWL_330deg.yml	2549
orcaflex_no_sim/03-Sensitivity/S7/FST2F_FST1F_LNGCPB_HWL_345deg.yml	2549
orcaflex_no_sim/03-Sensitivity/S8/CL_FST2F_FST1F_LNGCPB_HWL_015deg.yml	2551
orcaflex_no_sim/03-Sensitivity/S8/CL_FST2F_FST1F_LNGCPB_HWL_030deg.yml	2551
orcaflex_no_sim/03-Sensitivity/S8/CL_FST2F_FST1F_LNGCPB_HWL_045deg.yml	2550
orcaflex_no_sim/03-Sensitivity/S8/CL_FST2F_FST1F_LNGCPB_HWL_090deg.yml	2550
orcaflex_no_sim/03-Sensitivity/S8/CL_FST2F_FST1F_LNGCPB_HWL_180deg.yml	2553
orcaflex_no_sim/03-Sensitivity/S8/FST2F_FST1F_LNGCPB_HWL_000deg.yml	2547
orcaflex_no_sim/03-Sensitivity/S8/FST2F_FST1F_LNGCPB_HWL_015deg.yml	2551
orcaflex_no_sim/03-Sensitivity/S8/FST2F_FST1F_LNGCPB_HWL_030deg.yml	2551
orcaflex_no_sim/03-Sensitivity/S8/FST2F_FST1F_LNGCPB_HWL_045deg.yml	2550
orcaflex_no_sim/03-Sensitivity/S8/FST2F_FST1F_LNGCPB_HWL_060deg.yml	2550
orcaflex_no_sim/03-Sensitivity/S8/FST2F_FST1F_LNGCPB_HWL_075deg.yml	2550
orcaflex_no_sim/03-Sensitivity/S8/FST2F_FST1F_LNGCPB_HWL_090deg.yml	2550
orcaflex_no_sim/03-Sensitivity/S8/FST2F_FST1F_LNGCPB_HWL_105deg.yml	2553
orcaflex_no_sim/03-Sensitivity/S8/FST2F_FST1F_LNGCPB_HWL_120deg.yml	2553
orcaflex_no_sim/03-Sensitivity/S8/FST2F_FST1F_LNGCPB_HWL_135deg.yml	2553
orcaflex_no_sim/03-Sensitivity/S8/FST2F_FST1F_LNGCPB_HWL_150deg.yml	2553
orcaflex_no_sim/03-Sensitivity/S8/FST2F_FST1F_LNGCPB_HWL_165deg.yml	2553
orcaflex_no_sim/03-Sensitivity/S8/FST2F_FST1F_LNGCPB_HWL_180deg.yml	2553
orcaflex_no_sim/03-Sensitivity/S8/FST2F_FST1F_LNGCPB_HWL_195deg.yml	2553
orcaflex_no_sim/03-Sensitivity/S8/FST2F_FST1F_LNGCPB_HWL_210deg.yml	2553
orcaflex_no_sim/03-Sensitivity/S8/FST2F_FST1F_LNGCPB_HWL_225deg.yml	2553
orcaflex_no_sim/03-Sensitivity/S8/FST2F_FST1F_LNGCPB_HWL_240deg.yml	2553
orcaflex_no_sim/03-Sensitivity/S8/FST2F_FST1F_LNGCPB_HWL_255deg.yml	2553
orcaflex_no_sim/03-Sensitivity/S8/FST2F_FST1F_LNGCPB_HWL_270deg.yml	2553
orcaflex_no_sim/03-Sensitivity/S8/FST2F_FST1F_LNGCPB_HWL_285deg.yml	2553
orcaflex_no_sim/03-Sensitivity/S8/FST2F_FST1F_LNGCPB_HWL_300deg.yml	2553
orcaflex_no_sim/03-Sensitivity/S8/FST2F_FST1F_LNGCPB_HWL_315deg.yml	2553
orcaflex_no_sim/03-Sensitivity/S8/FST2F_FST1F_LNGCPB_HWL_330deg.yml	2553
orcaflex_no_sim/03-Sensitivity/S8/FST2F_FST1F_LNGCPB_HWL_345deg.yml	2553
orcaflex_no_sim/03-Sensitivity/S9/CL_FST2L_FST1L_LNGCPF_LWL_015deg.yml	2547
orcaflex_no_sim/03-Sensitivity/S9/CL_FST2L_FST1L_LNGCPF_LWL_030deg.yml	2547
orcaflex_no_sim/03-Sensitivity/S9/CL_FST2L_FST1L_LNGCPF_LWL_045deg.yml	2546
orcaflex_no_sim/03-Sensitivity/S9/CL_FST2L_FST1L_LNGCPF_LWL_090deg.yml	2546
orcaflex_no_sim/03-Sensitivity/S9/CL_FST2L_FST1L_LNGCPF_LWL_180deg.yml	2549
orcaflex_no_sim/03-Sensitivity/S9/FST2L_FST1L_LNGCPF_LWL_000deg.yml	2543
orcaflex_no_sim/03-Sensitivity/S9/FST2L_FST1L_LNGCPF_LWL_015deg.yml	2547
orcaflex_no_sim/03-Sensitivity/S9/FST2L_FST1L_LNGCPF_LWL_030deg.yml	2547
orcaflex_no_sim/03-Sensitivity/S9/FST2L_FST1L_LNGCPF_LWL_045deg.yml	2546
orcaflex_no_sim/03-Sensitivity/S9/FST2L_FST1L_LNGCPF_LWL_060deg.yml	2546
orcaflex_no_sim/03-Sensitivity/S9/FST2L_FST1L_LNGCPF_LWL_075deg.yml	2546
orcaflex_no_sim/03-Sensitivity/S9/FST2L_FST1L_LNGCPF_LWL_090deg.yml	2546
orcaflex_no_sim/03-Sensitivity/S9/FST2L_FST1L_LNGCPF_LWL_105deg.yml	2549
orcaflex_no_sim/03-Sensitivity/S9/FST2L_FST1L_LNGCPF_LWL_120deg.yml	2549
orcaflex_no_sim/03-Sensitivity/S9/FST2L_FST1L_LNGCPF_LWL_135deg.yml	2549
orcaflex_no_sim/03-Sensitivity/S9/FST2L_FST1L_LNGCPF_LWL_150deg.yml	2549
orcaflex_no_sim/03-Sensitivity/S9/FST2L_FST1L_LNGCPF_LWL_165deg.yml	2549
orcaflex_no_sim/03-Sensitivity/S9/FST2L_FST1L_LNGCPF_LWL_180deg.yml	2549
orcaflex_no_sim/03-Sensitivity/S9/FST2L_FST1L_LNGCPF_LWL_195deg.yml	2549
orcaflex_no_sim/03-Sensitivity/S9/FST2L_FST1L_LNGCPF_LWL_210deg.yml	2549
orcaflex_no_sim/03-Sensitivity/S9/FST2L_FST1L_LNGCPF_LWL_225deg.yml	2549
orcaflex_no_sim/03-Sensitivity/S9/FST2L_FST1L_LNGCPF_LWL_240deg.yml	2549
orcaflex_no_sim/03-Sensitivity/S9/FST2L_FST1L_LNGCPF_LWL_255deg.yml	2549
orcaflex_no_sim/03-Sensitivity/S9/FST2L_FST1L_LNGCPF_LWL_270deg.yml	2549
orcaflex_no_sim/03-Sensitivity/S9/FST2L_FST1L_LNGCPF_LWL_285deg.yml	2549
orcaflex_no_sim/03-Sensitivity/S9/FST2L_FST1L_LNGCPF_LWL_300deg.yml	2549
orcaflex_no_sim/03-Sensitivity/S9/FST2L_FST1L_LNGCPF_LWL_315deg.yml	2549
orcaflex_no_sim/03-Sensitivity/S9/FST2L_FST1L_LNGCPF_LWL_330deg.yml	2549
orcaflex_no_sim/03-Sensitivity/S9/FST2L_FST1L_LNGCPF_LWL_345deg.yml	2549
orcaflex_no_sim/04-Fatigue/F001.yml	2537
orcaflex_no_sim/04-Fatigue/F002.yml	2537
orcaflex_no_sim/04-Fatigue/F003.yml	2537
orcaflex_no_sim/04-Fatigue/F004.yml	2537
orcaflex_no_sim/04-Fatigue/F005.yml	2537
orcaflex_no_sim/04-Fatigue/F006.yml	2537
orcaflex_no_sim/04-Fatigue/F007.yml	2537
orcaflex_no_sim/04-Fatigue/F008.yml	2537
orcaflex_no_sim/04-Fatigue/F009.yml	2537
orcaflex_no_sim/04-Fatigue/F010.yml	2540
orcaflex_no_sim/04-Fatigue/F011.yml	2540
orcaflex_no_sim/04-Fatigue/F012.yml	2540
orcaflex_no_sim/04-Fatigue/F013.yml	2540
orcaflex_no_sim/04-Fatigue/F014.yml	2540
orcaflex_no_sim/04-Fatigue/F015.yml	2540
orcaflex_no_sim/04-Fatigue/F016.yml	2540
orcaflex_no_sim/04-Fatigue/F017.yml	2540
orcaflex_no_sim/04-Fatigue/F018.yml	2540
orcaflex_no_sim/04-Fatigue/F019.yml	2253
orcaflex_no_sim/04-Fatigue/F020.yml	2253
orcaflex_no_sim/04-Fatigue/F021.yml	2253
orcaflex_no_sim/04-Fatigue/F022.yml	2253
orcaflex_no_sim/04-Fatigue/F023.yml	2253
orcaflex_no_sim/04-Fatigue/F024.yml	2253
orcaflex_no_sim/04-Fatigue/F025.yml	2253
orcaflex_no_sim/04-Fatigue/F026.yml	2253
orcaflex_no_sim/04-Fatigue/F027.yml	2253
orcaflex_no_sim/04-Fatigue/F028.yml	2256
orcaflex_no_sim/04-Fatigue/F029.yml	2256
orcaflex_no_sim/04-Fatigue/F030.yml	2256
orcaflex_no_sim/04-Fatigue/F031.yml	2256
orcaflex_no_sim/04-Fatigue/F032.yml	2256
orcaflex_no_sim/04-Fatigue/F033.yml	2256
orcaflex_no_sim/04-Fatigue/F034.yml	2256
orcaflex_no_sim/04-Fatigue/F035.yml	2256
orcaflex_no_sim/04-Fatigue/F036.yml	2256
orcaflex_no_sim/04-Fatigue/F037.yml	2540
orcaflex_no_sim/04-Fatigue/F038.yml	2543
orcaflex_no_sim/04-Fatigue/F039.yml	2543
orcaflex_no_sim/04-Fatigue/F040.yml	2543
orcaflex_no_sim/04-Fatigue/F041.yml	2543
orcaflex_no_sim/04-Fatigue/F042.yml	2546
orcaflex_no_sim/04-Fatigue/F043.yml	2546
orcaflex_no_sim/04-Fatigue/F044.yml	2546
orcaflex_no_sim/04-Fatigue/F045.yml	2546
orcaflex_no_sim/04-Fatigue/F046.yml	2546
orcaflex_no_sim/04-Fatigue/F047.yml	2546
orcaflex_no_sim/04-Fatigue/F048.yml	2546
orcaflex_no_sim/04-Fatigue/F049.yml	2546
orcaflex_no_sim/04-Fatigue/F050.yml	2546
orcaflex_no_sim/04-Fatigue/F051.yml	2546
orcaflex_no_sim/04-Fatigue/F052.yml	2546
orcaflex_no_sim/04-Fatigue/F053.yml	2256
orcaflex_no_sim/04-Fatigue/F054.yml	2259
orcaflex_no_sim/04-Fatigue/F055.yml	2259
orcaflex_no_sim/04-Fatigue/F056.yml	2259
orcaflex_no_sim/04-Fatigue/F057.yml	2259
orcaflex_no_sim/04-Fatigue/F058.yml	2262
orcaflex_no_sim/04-Fatigue/F059.yml	2262
orcaflex_no_sim/04-Fatigue/F060.yml	2262
orcaflex_no_sim/04-Fatigue/F061.yml	2262
orcaflex_no_sim/04-Fatigue/F062.yml	2262
orcaflex_no_sim/04-Fatigue/F063.yml	2262
orcaflex_no_sim/04-Fatigue/F064.yml	2262
orcaflex_no_sim/04-Fatigue/F065.yml	2262
orcaflex_no_sim/04-Fatigue/F066.yml	2262
orcaflex_no_sim/04-Fatigue/F067.yml	2262
orcaflex_no_sim/04-Fatigue/F068.yml	2262
orcaflex_no_sim/04-Fatigue/F069.yml	2593
orcaflex_no_sim/04-Fatigue/F070.yml	2593
orcaflex_no_sim/04-Fatigue/F071.yml	2593
orcaflex_no_sim/04-Fatigue/F072.yml	2593
orcaflex_no_sim/04-Fatigue/F073.yml	2593
orcaflex_no_sim/04-Fatigue/F074.yml	2593
orcaflex_no_sim/04-Fatigue/F075.yml	2593
orcaflex_no_sim/04-Fatigue/F076.yml	2593
orcaflex_no_sim/04-Fatigue/F077.yml	2593
orcaflex_no_sim/04-Fatigue/F078.yml	2596
orcaflex_no_sim/04-Fatigue/F079.yml	2596
orcaflex_no_sim/04-Fatigue/F080.yml	2596
orcaflex_no_sim/04-Fatigue/F081.yml	2596
orcaflex_no_sim/04-Fatigue/F082.yml	2596
orcaflex_no_sim/04-Fatigue/F083.yml	2596
orcaflex_no_sim/04-Fatigue/F084.yml	2596
orcaflex_no_sim/04-Fatigue/F085.yml	2596
orcaflex_no_sim/04-Fatigue/F086.yml	2596
orcaflex_no_sim/04-Fatigue/F087.yml	2593
orcaflex_no_sim/04-Fatigue/F088.yml	2593
orcaflex_no_sim/04-Fatigue/F089.yml	2593
orcaflex_no_sim/04-Fatigue/F090.yml	2593
orcaflex_no_sim/04-Fatigue/F091.yml	2593
orcaflex_no_sim/04-Fatigue/F092.yml	2593
orcaflex_no_sim/04-Fatigue/F093.yml	2593
orcaflex_no_sim/04-Fatigue/F094.yml	2593
orcaflex_no_sim/04-Fatigue/F095.yml	2593
orcaflex_no_sim/04-Fatigue/F096.yml	2596
orcaflex_no_sim/04-Fatigue/F097.yml	2596
orcaflex_no_sim/04-Fatigue/F098.yml	2596
orcaflex_no_sim/04-Fatigue/F099.yml	2596
orcaflex_no_sim/04-Fatigue/F100.yml	2596
orcaflex_no_sim/04-Fatigue/F101.yml	2596
orcaflex_no_sim/04-Fatigue/F102.yml	2596
orcaflex_no_sim/04-Fatigue/F103.yml	2596
orcaflex_no_sim/04-Fatigue/F104.yml	2596
orcaflex_no_sim/04-Fatigue/F105.yml	2596
orcaflex_no_sim/04-Fatigue/F106.yml	2599
orcaflex_no_sim/04-Fatigue/F107.yml	2599
orcaflex_no_sim/04-Fatigue/F108.yml	2599
orcaflex_no_sim/04-Fatigue/F109.yml	2599
orcaflex_no_sim/04-Fatigue/F110.yml	2602
orcaflex_no_sim/04-Fatigue/F111.yml	2602
orcaflex_no_sim/04-Fatigue/F112.yml	2602
orcaflex_no_sim/04-Fatigue/F113.yml	2602
orcaflex_no_sim/04-Fatigue/F114.yml	2602
orcaflex_no_sim/04-Fatigue/F115.yml	2602
orcaflex_no_sim/04-Fatigue/F116.yml	2602
orcaflex_no_sim/04-Fatigue/F117.yml	2602
orcaflex_no_sim/04-Fatigue/F118.yml	2602
orcaflex_no_sim/04-Fatigue/F119.yml	2602
orcaflex_no_sim/04-Fatigue/F120.yml	2602
orcaflex_no_sim/04-Fatigue/F121.yml	2596
orcaflex_no_sim/04-Fatigue/F122.yml	2599
orcaflex_no_sim/04-Fatigue/F123.yml	2599
orcaflex_no_sim/04-Fatigue/F124.yml	2599
orcaflex_no_sim/04-Fatigue/F125.yml	2599
orcaflex_no_sim/04-Fatigue/F126.yml	2602
orcaflex_no_sim/04-Fatigue/F127.yml	2602
orcaflex_no_sim/04-Fatigue/F128.yml	2602
orcaflex_no_sim/04-Fatigue/F129.yml	2602
orcaflex_no_sim/04-Fatigue/F130.yml	2602
orcaflex_no_sim/04-Fatigue/F131.yml	2602
orcaflex_no_sim/04-Fatigue/F132.yml	2602
orcaflex_no_sim/04-Fatigue/F133.yml	2602
orcaflex_no_sim/04-Fatigue/F134.yml	2602
orcaflex_no_sim/04-Fatigue/F135.yml	2602
orcaflex_no_sim/04-Fatigue/F136.yml	2602
orcaflex_no_sim/04-Fatigue/Fatigue_Template_FST2F_FST1F.yml	2022
orcaflex_no_sim/04-Fatigue/Fatigue_Template_FST2F_FST1F_LNGCPB.yml	2355
orcaflex_no_sim/04-Fatigue/Fatigue_Template_FST2L_FST1L.yml	2306
orcaflex_no_sim/04-Fatigue/Fatigue_Template_FST2L_FST1L_LNGCPF.yml	2355
orcaflex_no_sim/05-Berthing/Beathing_SCN1600_HWL.yml	2608
orcaflex_no_sim/05-Berthing/Beathing_SCN1600_LWL.yml	2608
orcaflex_no_sim/05-Berthing/Beathing_SCN1600_MWL.yml	2608
orcaflex_no_sim/05-Berthing/Beathing_SCN1800_HWL.yml	2608
orcaflex_no_sim/05-Berthing/Beathing_SCN1800_LWL.yml	2608
orcaflex_no_sim/05-Berthing/Beathing_SCN1800_MWL.yml	2608
orcaflex_no_sim/05-Berthing/Berthing_Template_FST2F_FST1F.yml	2384
orcaflex_no_sim/05-Berthing/FST2F_FST1F_universal_HWL_r09.dat	29179209
orcaflex_no_sim/05-Berthing/FST2F_FST1F_universal_LWL_r09.dat	29179259
orcaflex_no_sim/05-Berthing/FST2F_FST1F_universal_MWL_r09.dat	29179309
orcaflex_no_sim/05-Berthing/F_SCN1600.yml	3372
orcaflex_no_sim/05-Berthing/F_SCN1800.yml	3492
orcaflex_no_sim/06-ReRun/FST2F_FST1F_LNGCEB/CL_FST2F_FST1F_LNGCEB_LWL_045deg.yml	2370
orcaflex_no_sim/06-ReRun/FST2F_FST1F_LNGCEB/CL_FST2F_FST1F_LNGCEB_LWL_090deg.yml	2370
orcaflex_no_sim/06-ReRun/FST2F_FST1F_LNGCEB/FST2F_FST1F_LNGCEB_LWL_045deg.yml	2370
orcaflex_no_sim/06-ReRun/FST2F_FST1F_LNGCEB/FST2F_FST1F_LNGCEB_LWL_060deg.yml	2370
orcaflex_no_sim/06-ReRun/FST2F_FST1F_LNGCEB/FST2F_FST1F_LNGCEB_LWL_075deg.yml	2370
orcaflex_no_sim/06-ReRun/FST2F_FST1F_LNGCEB/FST2F_FST1F_LNGCEB_LWL_090deg.yml	2370
orcaflex_no_sim/06-ReRun/FST2F_FST1F_LNGCEB/FST2F_FST1F_LNGCEB_LWL_105deg.yml	2373
orcaflex_no_sim/06-ReRun/FST2F_FST1F_LNGCPB/CL_FST2F_FST1F_LNGCPB_LWL_045deg.yml	2368
orcaflex_no_sim/06-ReRun/FST2F_FST1F_LNGCPB/CL_FST2F_FST1F_LNGCPB_LWL_090deg.yml	2368
orcaflex_no_sim/06-ReRun/FST2F_FST1F_LNGCPB/FST2F_FST1F_LNGCPB_LWL_045deg.yml	2368
orcaflex_no_sim/06-ReRun/FST2F_FST1F_LNGCPB/FST2F_FST1F_LNGCPB_LWL_060deg.yml	2368
orcaflex_no_sim/06-ReRun/FST2F_FST1F_LNGCPB/FST2F_FST1F_LNGCPB_LWL_075deg.yml	2368
orcaflex_no_sim/06-ReRun/FST2F_FST1F_LNGCPB/FST2F_FST1F_LNGCPB_LWL_090deg.yml	2368
orcaflex_no_sim/06-ReRun/FST2F_FST1F_LNGCPB/FST2F_FST1F_LNGCPB_LWL_105deg.yml	2371
orcaflex_no_sim/06-ReRun/FST2L_FST1L_D1/FST2L_FST1L_HWL_210deg.yml	2347
orcaflex_no_sim/06-ReRun/FST2L_FST1L_D1/FST2L_FST1L_HWL_225deg.yml	2347
orcaflex_no_sim/06-ReRun/FST2L_FST1L_D1/FST2L_FST1L_HWL_240deg.yml	2347
orcaflex_no_sim/06-ReRun/FST2L_FST1L_D1/FST2L_FST1L_HWL_315deg.yml	2347
orcaflex_no_sim/06-ReRun/FST2L_FST1L_D1/FST2L_FST1L_LWL_060deg.yml	2344
orcaflex_no_sim/06-ReRun/S5/CL_FST2F_FST1F_LWL_090deg.yml	2380
orcaflex_no_sim/06-ReRun/S6/CL_FST2F_FST1F_LWL_090deg.yml	2384
orcaflex_no_sim/Readme.txt	694
